ISO-10303-21;
HEADER;
FILE_DESCRIPTION(('FreeCAD Model'),'2;1');
FILE_NAME('Open CASCADE Shape Model','2025-07-21T18:23:45',('Author'),(
    ''),'Open CASCADE STEP processor 7.6','FreeCAD','Unknown');
FILE_SCHEMA(('AUTOMOTIVE_DESIGN { 1 0 10303 214 1 1 1 1 }'));
ENDSEC;
DATA;
#1 = APPLICATION_PROTOCOL_DEFINITION('international standard',
  'automotive_design',2000,#2);
#2 = APPLICATION_CONTEXT(
  'core data for automotive mechanical design processes');
#3 = SHAPE_DEFINITION_REPRESENTATION(#4,#10);
#4 = PRODUCT_DEFINITION_SHAPE('','',#5);
#5 = PRODUCT_DEFINITION('design','',#6,#9);
#6 = PRODUCT_DEFINITION_FORMATION('','',#7);
#7 = PRODUCT('shell','shell','',(#8));
#8 = PRODUCT_CONTEXT('',#2,'mechanical');
#9 = PRODUCT_DEFINITION_CONTEXT('part definition',#2,'design');
#10 = ADVANCED_BREP_SHAPE_REPRESENTATION('',(#11,#15),#3257);
#11 = AXIS2_PLACEMENT_3D('',#12,#13,#14);
#12 = CARTESIAN_POINT('',(0.,0.,0.));
#13 = DIRECTION('',(0.,0.,1.));
#14 = DIRECTION('',(1.,0.,-0.));
#15 = MANIFOLD_SOLID_BREP('',#16);
#16 = CLOSED_SHELL('',(#17,#77,#124,#243,#302,#318,#335,#398,#416,#538,
    #555,#574,#606,#630,#655,#672,#704,#728,#753,#770,#822,#839,#851,
    #882,#938,#962,#979,#1004,#1125,#1150,#1190,#1215,#1315,#1340,#1396,
    #1414,#1436,#1453,#1470,#1482,#1758,#1782,#1806,#1823,#1861,#1899,
    #1913,#1941,#1963,#1981,#2004,#2032,#2054,#2092,#2138,#2156,#2181,
    #2206,#2231,#2256,#2304,#2326,#2367,#2392,#2417,#2442,#2467,#2479,
    #2504,#2529,#2554,#2579,#2604,#2626,#2646,#2666,#2686,#2706,#2727,
    #2738,#2758,#2778,#2798,#2818,#2838,#2847,#2856,#2865,#2874,#2883,
    #2908,#2933,#2958,#2983,#3008,#3033,#3058,#3083,#3108,#3133,#3158,
    #3167,#3176,#3185,#3194,#3203,#3212,#3221,#3230,#3239,#3248));
#17 = ADVANCED_FACE('',(#18),#72,.T.);
#18 = FACE_BOUND('',#19,.F.);
#19 = EDGE_LOOP('',(#20,#30,#39,#47,#56,#65));
#20 = ORIENTED_EDGE('',*,*,#21,.T.);
#21 = EDGE_CURVE('',#22,#24,#26,.T.);
#22 = VERTEX_POINT('',#23);
#23 = CARTESIAN_POINT('',(66.883034292965,60.221754572297,0.));
#24 = VERTEX_POINT('',#25);
#25 = CARTESIAN_POINT('',(66.883034292965,60.221754572297,2.));
#26 = LINE('',#27,#28);
#27 = CARTESIAN_POINT('',(66.883034292965,60.221754572297,0.));
#28 = VECTOR('',#29,1.);
#29 = DIRECTION('',(0.,0.,1.));
#30 = ORIENTED_EDGE('',*,*,#31,.T.);
#31 = EDGE_CURVE('',#24,#32,#34,.T.);
#32 = VERTEX_POINT('',#33);
#33 = CARTESIAN_POINT('',(-60.22175457229,-66.88303429296,2.));
#34 = CIRCLE('',#35,90.);
#35 = AXIS2_PLACEMENT_3D('',#36,#37,#38);
#36 = CARTESIAN_POINT('',(0.,0.,2.));
#37 = DIRECTION('',(0.,0.,1.));
#38 = DIRECTION('',(1.,0.,0.));
#39 = ORIENTED_EDGE('',*,*,#40,.F.);
#40 = EDGE_CURVE('',#41,#32,#43,.T.);
#41 = VERTEX_POINT('',#42);
#42 = CARTESIAN_POINT('',(-60.22175457229,-66.88303429296,0.));
#43 = LINE('',#44,#45);
#44 = CARTESIAN_POINT('',(-60.22175457229,-66.88303429296,0.));
#45 = VECTOR('',#46,1.);
#46 = DIRECTION('',(0.,0.,1.));
#47 = ORIENTED_EDGE('',*,*,#48,.F.);
#48 = EDGE_CURVE('',#49,#41,#51,.T.);
#49 = VERTEX_POINT('',#50);
#50 = CARTESIAN_POINT('',(-60.27540867482,-66.83468492543,0.));
#51 = CIRCLE('',#52,90.);
#52 = AXIS2_PLACEMENT_3D('',#53,#54,#55);
#53 = CARTESIAN_POINT('',(0.,0.,0.));
#54 = DIRECTION('',(0.,0.,1.));
#55 = DIRECTION('',(1.,0.,0.));
#56 = ORIENTED_EDGE('',*,*,#57,.F.);
#57 = EDGE_CURVE('',#58,#49,#60,.T.);
#58 = VERTEX_POINT('',#59);
#59 = CARTESIAN_POINT('',(-64.50357705773,-62.76375185373,0.));
#60 = CIRCLE('',#61,90.);
#61 = AXIS2_PLACEMENT_3D('',#62,#63,#64);
#62 = CARTESIAN_POINT('',(0.,0.,0.));
#63 = DIRECTION('',(0.,0.,1.));
#64 = DIRECTION('',(1.,0.,0.));
#65 = ORIENTED_EDGE('',*,*,#66,.F.);
#66 = EDGE_CURVE('',#22,#58,#67,.T.);
#67 = CIRCLE('',#68,90.);
#68 = AXIS2_PLACEMENT_3D('',#69,#70,#71);
#69 = CARTESIAN_POINT('',(0.,0.,0.));
#70 = DIRECTION('',(0.,0.,1.));
#71 = DIRECTION('',(1.,0.,0.));
#72 = CYLINDRICAL_SURFACE('',#73,90.);
#73 = AXIS2_PLACEMENT_3D('',#74,#75,#76);
#74 = CARTESIAN_POINT('',(0.,0.,0.));
#75 = DIRECTION('',(-0.,-0.,-1.));
#76 = DIRECTION('',(1.,0.,0.));
#77 = ADVANCED_FACE('',(#78),#119,.T.);
#78 = FACE_BOUND('',#79,.T.);
#79 = EDGE_LOOP('',(#80,#81,#89,#97,#105,#113));
#80 = ORIENTED_EDGE('',*,*,#21,.T.);
#81 = ORIENTED_EDGE('',*,*,#82,.T.);
#82 = EDGE_CURVE('',#24,#83,#85,.T.);
#83 = VERTEX_POINT('',#84);
#84 = CARTESIAN_POINT('',(66.883034292965,-61.88303429296,2.));
#85 = LINE('',#86,#87);
#86 = CARTESIAN_POINT('',(66.883034292965,60.221754572297,2.));
#87 = VECTOR('',#88,1.);
#88 = DIRECTION('',(0.,-1.,0.));
#89 = ORIENTED_EDGE('',*,*,#90,.F.);
#90 = EDGE_CURVE('',#91,#83,#93,.T.);
#91 = VERTEX_POINT('',#92);
#92 = CARTESIAN_POINT('',(66.883034292965,-61.88303429296,-30.));
#93 = LINE('',#94,#95);
#94 = CARTESIAN_POINT('',(66.883034292965,-61.88303429296,0.));
#95 = VECTOR('',#96,1.);
#96 = DIRECTION('',(0.,0.,1.));
#97 = ORIENTED_EDGE('',*,*,#98,.T.);
#98 = EDGE_CURVE('',#91,#99,#101,.T.);
#99 = VERTEX_POINT('',#100);
#100 = CARTESIAN_POINT('',(66.883034292965,8.03,-30.));
#101 = LINE('',#102,#103);
#102 = CARTESIAN_POINT('',(66.883034292965,-61.88303429296,-30.));
#103 = VECTOR('',#104,1.);
#104 = DIRECTION('',(0.,1.,0.));
#105 = ORIENTED_EDGE('',*,*,#106,.F.);
#106 = EDGE_CURVE('',#107,#99,#109,.T.);
#107 = VERTEX_POINT('',#108);
#108 = CARTESIAN_POINT('',(66.883034292965,8.03,0.));
#109 = LINE('',#110,#111);
#110 = CARTESIAN_POINT('',(66.883034292965,8.03,0.));
#111 = VECTOR('',#112,1.);
#112 = DIRECTION('',(-0.,-0.,-1.));
#113 = ORIENTED_EDGE('',*,*,#114,.F.);
#114 = EDGE_CURVE('',#22,#107,#115,.T.);
#115 = LINE('',#116,#117);
#116 = CARTESIAN_POINT('',(66.883034292965,60.221754572297,0.));
#117 = VECTOR('',#118,1.);
#118 = DIRECTION('',(0.,-1.,0.));
#119 = PLANE('',#120);
#120 = AXIS2_PLACEMENT_3D('',#121,#122,#123);
#121 = CARTESIAN_POINT('',(66.883034292966,-5.910795541083,
    -8.919844319251));
#122 = DIRECTION('',(1.,8.854328697593E-18,-4.369176055561E-17));
#123 = DIRECTION('',(4.369176055561E-17,0.,1.));
#124 = ADVANCED_FACE('',(#125,#166,#202),#238,.T.);
#125 = FACE_BOUND('',#126,.T.);
#126 = EDGE_LOOP('',(#127,#135,#136,#144,#152,#160));
#127 = ORIENTED_EDGE('',*,*,#128,.T.);
#128 = EDGE_CURVE('',#129,#32,#131,.T.);
#129 = VERTEX_POINT('',#130);
#130 = CARTESIAN_POINT('',(61.883034292965,-66.88303429296,2.));
#131 = LINE('',#132,#133);
#132 = CARTESIAN_POINT('',(61.883034292965,-66.88303429296,2.));
#133 = VECTOR('',#134,1.);
#134 = DIRECTION('',(-1.,0.,0.));
#135 = ORIENTED_EDGE('',*,*,#40,.F.);
#136 = ORIENTED_EDGE('',*,*,#137,.F.);
#137 = EDGE_CURVE('',#138,#41,#140,.T.);
#138 = VERTEX_POINT('',#139);
#139 = CARTESIAN_POINT('',(-59.58175457229,-66.88303429296,0.));
#140 = LINE('',#141,#142);
#141 = CARTESIAN_POINT('',(61.883034292965,-66.88303429296,0.));
#142 = VECTOR('',#143,1.);
#143 = DIRECTION('',(-1.,0.,0.));
#144 = ORIENTED_EDGE('',*,*,#145,.T.);
#145 = EDGE_CURVE('',#138,#146,#148,.T.);
#146 = VERTEX_POINT('',#147);
#147 = CARTESIAN_POINT('',(-59.58175457229,-66.88303429296,-30.));
#148 = LINE('',#149,#150);
#149 = CARTESIAN_POINT('',(-59.58175457229,-66.88303429296,0.));
#150 = VECTOR('',#151,1.);
#151 = DIRECTION('',(-0.,-0.,-1.));
#152 = ORIENTED_EDGE('',*,*,#153,.T.);
#153 = EDGE_CURVE('',#146,#154,#156,.T.);
#154 = VERTEX_POINT('',#155);
#155 = CARTESIAN_POINT('',(61.883034292965,-66.88303429296,-30.));
#156 = LINE('',#157,#158);
#157 = CARTESIAN_POINT('',(-59.58175457229,-66.88303429296,-30.));
#158 = VECTOR('',#159,1.);
#159 = DIRECTION('',(1.,0.,0.));
#160 = ORIENTED_EDGE('',*,*,#161,.F.);
#161 = EDGE_CURVE('',#129,#154,#162,.T.);
#162 = LINE('',#163,#164);
#163 = CARTESIAN_POINT('',(61.883034292965,-66.88303429296,0.));
#164 = VECTOR('',#165,1.);
#165 = DIRECTION('',(-0.,-0.,-1.));
#166 = FACE_BOUND('',#167,.T.);
#167 = EDGE_LOOP('',(#168,#179,#187,#196));
#168 = ORIENTED_EDGE('',*,*,#169,.F.);
#169 = EDGE_CURVE('',#170,#172,#174,.T.);
#170 = VERTEX_POINT('',#171);
#171 = CARTESIAN_POINT('',(-23.58175457229,-66.88303429296,
    -23.99999999979));
#172 = VERTEX_POINT('',#173);
#173 = CARTESIAN_POINT('',(-17.58175457229,-66.88303429296,
    -23.99999999989));
#174 = CIRCLE('',#175,3.);
#175 = AXIS2_PLACEMENT_3D('',#176,#177,#178);
#176 = CARTESIAN_POINT('',(-20.58175457229,-66.88303429296,
    -23.99999999979));
#177 = DIRECTION('',(0.,-1.,2.22044604925E-16));
#178 = DIRECTION('',(1.,0.,0.));
#179 = ORIENTED_EDGE('',*,*,#180,.T.);
#180 = EDGE_CURVE('',#170,#181,#183,.T.);
#181 = VERTEX_POINT('',#182);
#182 = CARTESIAN_POINT('',(-23.58175457229,-66.88303429296,-12.));
#183 = LINE('',#184,#185);
#184 = CARTESIAN_POINT('',(-23.58175457229,-66.88303429296,
    -23.99999999979));
#185 = VECTOR('',#186,1.);
#186 = DIRECTION('',(0.,2.22044604925E-16,1.));
#187 = ORIENTED_EDGE('',*,*,#188,.F.);
#188 = EDGE_CURVE('',#189,#181,#191,.T.);
#189 = VERTEX_POINT('',#190);
#190 = CARTESIAN_POINT('',(-17.58175457229,-66.88303429296,
    -11.99999999989));
#191 = CIRCLE('',#192,3.);
#192 = AXIS2_PLACEMENT_3D('',#193,#194,#195);
#193 = CARTESIAN_POINT('',(-20.58175457229,-66.88303429296,-12.));
#194 = DIRECTION('',(0.,-1.,2.22044604925E-16));
#195 = DIRECTION('',(1.,0.,0.));
#196 = ORIENTED_EDGE('',*,*,#197,.F.);
#197 = EDGE_CURVE('',#172,#189,#198,.T.);
#198 = LINE('',#199,#200);
#199 = CARTESIAN_POINT('',(-17.58175457229,-66.88303429296,
    -23.99999999989));
#200 = VECTOR('',#201,1.);
#201 = DIRECTION('',(-2.116825233619E-13,2.22044604925E-16,1.));
#202 = FACE_BOUND('',#203,.T.);
#203 = EDGE_LOOP('',(#204,#215,#223,#232));
#204 = ORIENTED_EDGE('',*,*,#205,.F.);
#205 = EDGE_CURVE('',#206,#208,#210,.T.);
#206 = VERTEX_POINT('',#207);
#207 = CARTESIAN_POINT('',(19.883034292964,-66.88303429296,
    -23.99999999989));
#208 = VERTEX_POINT('',#209);
#209 = CARTESIAN_POINT('',(25.883034292965,-66.88303429296,
    -23.99999999978));
#210 = CIRCLE('',#211,3.);
#211 = AXIS2_PLACEMENT_3D('',#212,#213,#214);
#212 = CARTESIAN_POINT('',(22.883034292965,-66.88303429296,
    -23.99999999978));
#213 = DIRECTION('',(0.,-1.,2.22044604925E-16));
#214 = DIRECTION('',(1.,0.,0.));
#215 = ORIENTED_EDGE('',*,*,#216,.T.);
#216 = EDGE_CURVE('',#206,#217,#219,.T.);
#217 = VERTEX_POINT('',#218);
#218 = CARTESIAN_POINT('',(19.883034292964,-66.88303429296,
    -11.99999999989));
#219 = LINE('',#220,#221);
#220 = CARTESIAN_POINT('',(19.883034292963,-66.88303429296,
    -23.99999999989));
#221 = VECTOR('',#222,1.);
#222 = DIRECTION('',(0.,2.22044604925E-16,1.));
#223 = ORIENTED_EDGE('',*,*,#224,.F.);
#224 = EDGE_CURVE('',#225,#217,#227,.T.);
#225 = VERTEX_POINT('',#226);
#226 = CARTESIAN_POINT('',(25.883034292965,-66.88303429296,
    -12.00000000001));
#227 = CIRCLE('',#228,3.);
#228 = AXIS2_PLACEMENT_3D('',#229,#230,#231);
#229 = CARTESIAN_POINT('',(22.883034292965,-66.88303429296,
    -12.00000000001));
#230 = DIRECTION('',(0.,-1.,2.22044604925E-16));
#231 = DIRECTION('',(1.,0.,0.));
#232 = ORIENTED_EDGE('',*,*,#233,.F.);
#233 = EDGE_CURVE('',#208,#225,#234,.T.);
#234 = LINE('',#235,#236);
#235 = CARTESIAN_POINT('',(25.883034292965,-66.88303429296,
    -23.99999999978));
#236 = VECTOR('',#237,1.);
#237 = DIRECTION('',(0.,2.22044604925E-16,1.));
#238 = PLANE('',#239);
#239 = AXIS2_PLACEMENT_3D('',#240,#241,#242);
#240 = CARTESIAN_POINT('',(0.892935134029,-66.88303429296,-13.9377047263
    ));
#241 = DIRECTION('',(-2.688819025641E-32,-1.,1.04744908655E-31));
#242 = DIRECTION('',(0.,-1.04744908655E-31,-1.));
#243 = ADVANCED_FACE('',(#244),#297,.F.);
#244 = FACE_BOUND('',#245,.F.);
#245 = EDGE_LOOP('',(#246,#247,#248,#257,#265,#274,#282,#290));
#246 = ORIENTED_EDGE('',*,*,#114,.F.);
#247 = ORIENTED_EDGE('',*,*,#66,.T.);
#248 = ORIENTED_EDGE('',*,*,#249,.F.);
#249 = EDGE_CURVE('',#250,#58,#252,.T.);
#250 = VERTEX_POINT('',#251);
#251 = CARTESIAN_POINT('',(-64.58175457229,-61.88303429296,0.));
#252 = CIRCLE('',#253,5.);
#253 = AXIS2_PLACEMENT_3D('',#254,#255,#256);
#254 = CARTESIAN_POINT('',(-59.58175457229,-61.88303429296,0.));
#255 = DIRECTION('',(0.,0.,1.));
#256 = DIRECTION('',(1.,0.,0.));
#257 = ORIENTED_EDGE('',*,*,#258,.F.);
#258 = EDGE_CURVE('',#259,#250,#261,.T.);
#259 = VERTEX_POINT('',#260);
#260 = CARTESIAN_POINT('',(-64.58175457229,8.03,0.));
#261 = LINE('',#262,#263);
#262 = CARTESIAN_POINT('',(-64.58175457229,8.03,0.));
#263 = VECTOR('',#264,1.);
#264 = DIRECTION('',(0.,-1.,0.));
#265 = ORIENTED_EDGE('',*,*,#266,.F.);
#266 = EDGE_CURVE('',#267,#259,#269,.T.);
#267 = VERTEX_POINT('',#268);
#268 = CARTESIAN_POINT('',(-59.58175457229,13.03,0.));
#269 = CIRCLE('',#270,5.);
#270 = AXIS2_PLACEMENT_3D('',#271,#272,#273);
#271 = CARTESIAN_POINT('',(-59.58175457229,8.03,0.));
#272 = DIRECTION('',(0.,0.,1.));
#273 = DIRECTION('',(1.,0.,0.));
#274 = ORIENTED_EDGE('',*,*,#275,.F.);
#275 = EDGE_CURVE('',#276,#267,#278,.T.);
#276 = VERTEX_POINT('',#277);
#277 = CARTESIAN_POINT('',(13.000000028253,13.03,0.));
#278 = LINE('',#279,#280);
#279 = CARTESIAN_POINT('',(61.883034292965,13.03,0.));
#280 = VECTOR('',#281,1.);
#281 = DIRECTION('',(-1.,0.,0.));
#282 = ORIENTED_EDGE('',*,*,#283,.F.);
#283 = EDGE_CURVE('',#284,#276,#286,.T.);
#284 = VERTEX_POINT('',#285);
#285 = CARTESIAN_POINT('',(61.883034292965,13.03,0.));
#286 = LINE('',#287,#288);
#287 = CARTESIAN_POINT('',(61.883034292965,13.03,0.));
#288 = VECTOR('',#289,1.);
#289 = DIRECTION('',(-1.,0.,0.));
#290 = ORIENTED_EDGE('',*,*,#291,.F.);
#291 = EDGE_CURVE('',#107,#284,#292,.T.);
#292 = CIRCLE('',#293,5.);
#293 = AXIS2_PLACEMENT_3D('',#294,#295,#296);
#294 = CARTESIAN_POINT('',(61.883034292965,8.03,0.));
#295 = DIRECTION('',(0.,0.,1.));
#296 = DIRECTION('',(1.,0.,0.));
#297 = PLANE('',#298);
#298 = AXIS2_PLACEMENT_3D('',#299,#300,#301);
#299 = CARTESIAN_POINT('',(3.02677818586,1.566664999705,0.));
#300 = DIRECTION('',(0.,0.,1.));
#301 = DIRECTION('',(1.,0.,0.));
#302 = ADVANCED_FACE('',(#303),#313,.T.);
#303 = FACE_BOUND('',#304,.T.);
#304 = EDGE_LOOP('',(#305,#306));
#305 = ORIENTED_EDGE('',*,*,#57,.F.);
#306 = ORIENTED_EDGE('',*,*,#307,.T.);
#307 = EDGE_CURVE('',#58,#49,#308,.T.);
#308 = CIRCLE('',#309,5.);
#309 = AXIS2_PLACEMENT_3D('',#310,#311,#312);
#310 = CARTESIAN_POINT('',(-59.58175457229,-61.88303429296,0.));
#311 = DIRECTION('',(0.,0.,1.));
#312 = DIRECTION('',(1.,0.,0.));
#313 = PLANE('',#314);
#314 = AXIS2_PLACEMENT_3D('',#315,#316,#317);
#315 = CARTESIAN_POINT('',(1.150639860334,-26.92651714648,0.));
#316 = DIRECTION('',(0.,0.,1.));
#317 = DIRECTION('',(1.,0.,0.));
#318 = ADVANCED_FACE('',(#319),#330,.F.);
#319 = FACE_BOUND('',#320,.F.);
#320 = EDGE_LOOP('',(#321,#328,#329));
#321 = ORIENTED_EDGE('',*,*,#322,.F.);
#322 = EDGE_CURVE('',#49,#138,#323,.T.);
#323 = CIRCLE('',#324,5.);
#324 = AXIS2_PLACEMENT_3D('',#325,#326,#327);
#325 = CARTESIAN_POINT('',(-59.58175457229,-61.88303429296,0.));
#326 = DIRECTION('',(0.,0.,1.));
#327 = DIRECTION('',(1.,0.,0.));
#328 = ORIENTED_EDGE('',*,*,#48,.T.);
#329 = ORIENTED_EDGE('',*,*,#137,.F.);
#330 = PLANE('',#331);
#331 = AXIS2_PLACEMENT_3D('',#332,#333,#334);
#332 = CARTESIAN_POINT('',(3.02677818586,1.566664999705,0.));
#333 = DIRECTION('',(0.,0.,1.));
#334 = DIRECTION('',(1.,0.,0.));
#335 = ADVANCED_FACE('',(#336,#348,#382),#393,.T.);
#336 = FACE_BOUND('',#337,.T.);
#337 = EDGE_LOOP('',(#338,#339,#340,#347));
#338 = ORIENTED_EDGE('',*,*,#31,.T.);
#339 = ORIENTED_EDGE('',*,*,#128,.F.);
#340 = ORIENTED_EDGE('',*,*,#341,.T.);
#341 = EDGE_CURVE('',#129,#83,#342,.T.);
#342 = CIRCLE('',#343,5.);
#343 = AXIS2_PLACEMENT_3D('',#344,#345,#346);
#344 = CARTESIAN_POINT('',(61.883034292965,-61.88303429296,2.));
#345 = DIRECTION('',(0.,0.,1.));
#346 = DIRECTION('',(1.,0.,0.));
#347 = ORIENTED_EDGE('',*,*,#82,.F.);
#348 = FACE_BOUND('',#349,.T.);
#349 = EDGE_LOOP('',(#350,#360,#368,#376));
#350 = ORIENTED_EDGE('',*,*,#351,.F.);
#351 = EDGE_CURVE('',#352,#354,#356,.T.);
#352 = VERTEX_POINT('',#353);
#353 = CARTESIAN_POINT('',(18.441517146483,6.5,2.));
#354 = VERTEX_POINT('',#355);
#355 = CARTESIAN_POINT('',(18.441517146483,-7.5,2.));
#356 = LINE('',#357,#358);
#357 = CARTESIAN_POINT('',(18.441517146483,6.5,2.));
#358 = VECTOR('',#359,1.);
#359 = DIRECTION('',(0.,-1.,0.));
#360 = ORIENTED_EDGE('',*,*,#361,.F.);
#361 = EDGE_CURVE('',#362,#352,#364,.T.);
#362 = VERTEX_POINT('',#363);
#363 = CARTESIAN_POINT('',(48.441517146483,6.5,2.));
#364 = LINE('',#365,#366);
#365 = CARTESIAN_POINT('',(48.441517146483,6.5,2.));
#366 = VECTOR('',#367,1.);
#367 = DIRECTION('',(-1.,0.,0.));
#368 = ORIENTED_EDGE('',*,*,#369,.F.);
#369 = EDGE_CURVE('',#370,#362,#372,.T.);
#370 = VERTEX_POINT('',#371);
#371 = CARTESIAN_POINT('',(48.441517146483,-7.5,2.));
#372 = LINE('',#373,#374);
#373 = CARTESIAN_POINT('',(48.441517146483,-7.5,2.));
#374 = VECTOR('',#375,1.);
#375 = DIRECTION('',(0.,1.,0.));
#376 = ORIENTED_EDGE('',*,*,#377,.F.);
#377 = EDGE_CURVE('',#354,#370,#378,.T.);
#378 = LINE('',#379,#380);
#379 = CARTESIAN_POINT('',(18.441517146483,-7.5,2.));
#380 = VECTOR('',#381,1.);
#381 = DIRECTION('',(1.,0.,0.));
#382 = FACE_BOUND('',#383,.T.);
#383 = EDGE_LOOP('',(#384));
#384 = ORIENTED_EDGE('',*,*,#385,.F.);
#385 = EDGE_CURVE('',#386,#386,#388,.T.);
#386 = VERTEX_POINT('',#387);
#387 = CARTESIAN_POINT('',(2.5,0.,2.));
#388 = CIRCLE('',#389,2.5);
#389 = AXIS2_PLACEMENT_3D('',#390,#391,#392);
#390 = CARTESIAN_POINT('',(0.,0.,2.));
#391 = DIRECTION('',(0.,0.,1.));
#392 = DIRECTION('',(1.,0.,0.));
#393 = PLANE('',#394);
#394 = AXIS2_PLACEMENT_3D('',#395,#396,#397);
#395 = CARTESIAN_POINT('',(-1.948140407158,1.948140407158,2.));
#396 = DIRECTION('',(0.,0.,1.));
#397 = DIRECTION('',(1.,0.,0.));
#398 = ADVANCED_FACE('',(#399),#411,.T.);
#399 = FACE_BOUND('',#400,.F.);
#400 = EDGE_LOOP('',(#401,#402,#409,#410));
#401 = ORIENTED_EDGE('',*,*,#90,.F.);
#402 = ORIENTED_EDGE('',*,*,#403,.F.);
#403 = EDGE_CURVE('',#154,#91,#404,.T.);
#404 = CIRCLE('',#405,5.);
#405 = AXIS2_PLACEMENT_3D('',#406,#407,#408);
#406 = CARTESIAN_POINT('',(61.883034292965,-61.88303429296,-30.));
#407 = DIRECTION('',(0.,0.,1.));
#408 = DIRECTION('',(1.,0.,0.));
#409 = ORIENTED_EDGE('',*,*,#161,.F.);
#410 = ORIENTED_EDGE('',*,*,#341,.T.);
#411 = CYLINDRICAL_SURFACE('',#412,5.);
#412 = AXIS2_PLACEMENT_3D('',#413,#414,#415);
#413 = CARTESIAN_POINT('',(61.883034292965,-61.88303429296,0.));
#414 = DIRECTION('',(-0.,-0.,-1.));
#415 = DIRECTION('',(1.,0.,0.));
#416 = ADVANCED_FACE('',(#417,#463),#533,.F.);
#417 = FACE_BOUND('',#418,.F.);
#418 = EDGE_LOOP('',(#419,#429,#438,#446,#453,#454,#455,#456));
#419 = ORIENTED_EDGE('',*,*,#420,.T.);
#420 = EDGE_CURVE('',#421,#423,#425,.T.);
#421 = VERTEX_POINT('',#422);
#422 = CARTESIAN_POINT('',(61.883034292965,13.03,-30.));
#423 = VERTEX_POINT('',#424);
#424 = CARTESIAN_POINT('',(-59.58175457229,13.03,-30.));
#425 = LINE('',#426,#427);
#426 = CARTESIAN_POINT('',(61.883034292965,13.03,-30.));
#427 = VECTOR('',#428,1.);
#428 = DIRECTION('',(-1.,0.,0.));
#429 = ORIENTED_EDGE('',*,*,#430,.T.);
#430 = EDGE_CURVE('',#423,#431,#433,.T.);
#431 = VERTEX_POINT('',#432);
#432 = CARTESIAN_POINT('',(-64.58175457229,8.03,-30.));
#433 = CIRCLE('',#434,5.);
#434 = AXIS2_PLACEMENT_3D('',#435,#436,#437);
#435 = CARTESIAN_POINT('',(-59.58175457229,8.03,-30.));
#436 = DIRECTION('',(0.,0.,1.));
#437 = DIRECTION('',(1.,0.,0.));
#438 = ORIENTED_EDGE('',*,*,#439,.T.);
#439 = EDGE_CURVE('',#431,#440,#442,.T.);
#440 = VERTEX_POINT('',#441);
#441 = CARTESIAN_POINT('',(-64.58175457229,-61.88303429296,-30.));
#442 = LINE('',#443,#444);
#443 = CARTESIAN_POINT('',(-64.58175457229,8.03,-30.));
#444 = VECTOR('',#445,1.);
#445 = DIRECTION('',(0.,-1.,0.));
#446 = ORIENTED_EDGE('',*,*,#447,.T.);
#447 = EDGE_CURVE('',#440,#146,#448,.T.);
#448 = CIRCLE('',#449,5.);
#449 = AXIS2_PLACEMENT_3D('',#450,#451,#452);
#450 = CARTESIAN_POINT('',(-59.58175457229,-61.88303429296,-30.));
#451 = DIRECTION('',(0.,0.,1.));
#452 = DIRECTION('',(1.,0.,0.));
#453 = ORIENTED_EDGE('',*,*,#153,.T.);
#454 = ORIENTED_EDGE('',*,*,#403,.T.);
#455 = ORIENTED_EDGE('',*,*,#98,.T.);
#456 = ORIENTED_EDGE('',*,*,#457,.T.);
#457 = EDGE_CURVE('',#99,#421,#458,.T.);
#458 = CIRCLE('',#459,5.);
#459 = AXIS2_PLACEMENT_3D('',#460,#461,#462);
#460 = CARTESIAN_POINT('',(61.883034292965,8.03,-30.));
#461 = DIRECTION('',(0.,0.,1.));
#462 = DIRECTION('',(1.,0.,0.));
#463 = FACE_BOUND('',#464,.T.);
#464 = EDGE_LOOP('',(#465,#475,#484,#492,#501,#509,#518,#526));
#465 = ORIENTED_EDGE('',*,*,#466,.T.);
#466 = EDGE_CURVE('',#467,#469,#471,.T.);
#467 = VERTEX_POINT('',#468);
#468 = CARTESIAN_POINT('',(61.883034292965,11.53,-30.));
#469 = VERTEX_POINT('',#470);
#470 = CARTESIAN_POINT('',(-59.58175457229,11.53,-30.));
#471 = LINE('',#472,#473);
#472 = CARTESIAN_POINT('',(61.883034292965,11.53,-30.));
#473 = VECTOR('',#474,1.);
#474 = DIRECTION('',(-1.,0.,0.));
#475 = ORIENTED_EDGE('',*,*,#476,.T.);
#476 = EDGE_CURVE('',#469,#477,#479,.T.);
#477 = VERTEX_POINT('',#478);
#478 = CARTESIAN_POINT('',(-63.08175457229,8.03,-30.));
#479 = CIRCLE('',#480,3.5);
#480 = AXIS2_PLACEMENT_3D('',#481,#482,#483);
#481 = CARTESIAN_POINT('',(-59.58175457229,8.03,-30.));
#482 = DIRECTION('',(0.,0.,1.));
#483 = DIRECTION('',(1.,0.,0.));
#484 = ORIENTED_EDGE('',*,*,#485,.T.);
#485 = EDGE_CURVE('',#477,#486,#488,.T.);
#486 = VERTEX_POINT('',#487);
#487 = CARTESIAN_POINT('',(-63.08175457229,-61.88303429296,-30.));
#488 = LINE('',#489,#490);
#489 = CARTESIAN_POINT('',(-63.08175457229,8.03,-30.));
#490 = VECTOR('',#491,1.);
#491 = DIRECTION('',(0.,-1.,0.));
#492 = ORIENTED_EDGE('',*,*,#493,.T.);
#493 = EDGE_CURVE('',#486,#494,#496,.T.);
#494 = VERTEX_POINT('',#495);
#495 = CARTESIAN_POINT('',(-59.58175457229,-65.38303429296,-30.));
#496 = CIRCLE('',#497,3.5);
#497 = AXIS2_PLACEMENT_3D('',#498,#499,#500);
#498 = CARTESIAN_POINT('',(-59.58175457229,-61.88303429296,-30.));
#499 = DIRECTION('',(0.,0.,1.));
#500 = DIRECTION('',(1.,0.,0.));
#501 = ORIENTED_EDGE('',*,*,#502,.T.);
#502 = EDGE_CURVE('',#494,#503,#505,.T.);
#503 = VERTEX_POINT('',#504);
#504 = CARTESIAN_POINT('',(61.883034292965,-65.38303429296,-30.));
#505 = LINE('',#506,#507);
#506 = CARTESIAN_POINT('',(-59.58175457229,-65.38303429296,-30.));
#507 = VECTOR('',#508,1.);
#508 = DIRECTION('',(1.,0.,0.));
#509 = ORIENTED_EDGE('',*,*,#510,.T.);
#510 = EDGE_CURVE('',#503,#511,#513,.T.);
#511 = VERTEX_POINT('',#512);
#512 = CARTESIAN_POINT('',(65.383034292965,-61.88303429296,-30.));
#513 = CIRCLE('',#514,3.5);
#514 = AXIS2_PLACEMENT_3D('',#515,#516,#517);
#515 = CARTESIAN_POINT('',(61.883034292965,-61.88303429296,-30.));
#516 = DIRECTION('',(0.,0.,1.));
#517 = DIRECTION('',(1.,0.,0.));
#518 = ORIENTED_EDGE('',*,*,#519,.T.);
#519 = EDGE_CURVE('',#511,#520,#522,.T.);
#520 = VERTEX_POINT('',#521);
#521 = CARTESIAN_POINT('',(65.383034292965,8.03,-30.));
#522 = LINE('',#523,#524);
#523 = CARTESIAN_POINT('',(65.383034292965,-61.88303429296,-30.));
#524 = VECTOR('',#525,1.);
#525 = DIRECTION('',(0.,1.,0.));
#526 = ORIENTED_EDGE('',*,*,#527,.T.);
#527 = EDGE_CURVE('',#520,#467,#528,.T.);
#528 = CIRCLE('',#529,3.5);
#529 = AXIS2_PLACEMENT_3D('',#530,#531,#532);
#530 = CARTESIAN_POINT('',(61.883034292965,8.03,-30.));
#531 = DIRECTION('',(0.,0.,1.));
#532 = DIRECTION('',(1.,0.,0.));
#533 = PLANE('',#534);
#534 = AXIS2_PLACEMENT_3D('',#535,#536,#537);
#535 = CARTESIAN_POINT('',(1.150639860334,-26.92651714648,-30.));
#536 = DIRECTION('',(0.,0.,1.));
#537 = DIRECTION('',(1.,0.,0.));
#538 = ADVANCED_FACE('',(#539),#550,.T.);
#539 = FACE_BOUND('',#540,.T.);
#540 = EDGE_LOOP('',(#541,#542,#543,#549));
#541 = ORIENTED_EDGE('',*,*,#106,.T.);
#542 = ORIENTED_EDGE('',*,*,#457,.T.);
#543 = ORIENTED_EDGE('',*,*,#544,.F.);
#544 = EDGE_CURVE('',#284,#421,#545,.T.);
#545 = LINE('',#546,#547);
#546 = CARTESIAN_POINT('',(61.883034292965,13.03,0.));
#547 = VECTOR('',#548,1.);
#548 = DIRECTION('',(-0.,-0.,-1.));
#549 = ORIENTED_EDGE('',*,*,#291,.F.);
#550 = CYLINDRICAL_SURFACE('',#551,5.);
#551 = AXIS2_PLACEMENT_3D('',#552,#553,#554);
#552 = CARTESIAN_POINT('',(61.883034292965,8.03,0.));
#553 = DIRECTION('',(0.,0.,1.));
#554 = DIRECTION('',(1.,0.,0.));
#555 = ADVANCED_FACE('',(#556),#569,.T.);
#556 = FACE_BOUND('',#557,.T.);
#557 = EDGE_LOOP('',(#558,#564,#565,#566,#567,#568));
#558 = ORIENTED_EDGE('',*,*,#559,.T.);
#559 = EDGE_CURVE('',#250,#440,#560,.T.);
#560 = LINE('',#561,#562);
#561 = CARTESIAN_POINT('',(-64.58175457229,-61.88303429296,0.));
#562 = VECTOR('',#563,1.);
#563 = DIRECTION('',(-0.,-0.,-1.));
#564 = ORIENTED_EDGE('',*,*,#447,.T.);
#565 = ORIENTED_EDGE('',*,*,#145,.F.);
#566 = ORIENTED_EDGE('',*,*,#322,.F.);
#567 = ORIENTED_EDGE('',*,*,#307,.F.);
#568 = ORIENTED_EDGE('',*,*,#249,.F.);
#569 = CYLINDRICAL_SURFACE('',#570,5.);
#570 = AXIS2_PLACEMENT_3D('',#571,#572,#573);
#571 = CARTESIAN_POINT('',(-59.58175457229,-61.88303429296,0.));
#572 = DIRECTION('',(0.,0.,1.));
#573 = DIRECTION('',(1.,0.,0.));
#574 = ADVANCED_FACE('',(#575),#601,.F.);
#575 = FACE_BOUND('',#576,.F.);
#576 = EDGE_LOOP('',(#577,#578,#586,#595));
#577 = ORIENTED_EDGE('',*,*,#169,.F.);
#578 = ORIENTED_EDGE('',*,*,#579,.T.);
#579 = EDGE_CURVE('',#170,#580,#582,.T.);
#580 = VERTEX_POINT('',#581);
#581 = CARTESIAN_POINT('',(-23.58175457229,-65.38303429296,
    -23.99999999979));
#582 = LINE('',#583,#584);
#583 = CARTESIAN_POINT('',(-23.58175457229,-66.88303429296,
    -23.99999999979));
#584 = VECTOR('',#585,1.);
#585 = DIRECTION('',(0.,1.,-2.22044604925E-16));
#586 = ORIENTED_EDGE('',*,*,#587,.T.);
#587 = EDGE_CURVE('',#580,#588,#590,.T.);
#588 = VERTEX_POINT('',#589);
#589 = CARTESIAN_POINT('',(-17.58175457229,-65.38303429296,
    -23.99999999989));
#590 = CIRCLE('',#591,3.);
#591 = AXIS2_PLACEMENT_3D('',#592,#593,#594);
#592 = CARTESIAN_POINT('',(-20.58175457229,-65.38303429296,
    -23.99999999979));
#593 = DIRECTION('',(0.,-1.,2.22044604925E-16));
#594 = DIRECTION('',(1.,0.,0.));
#595 = ORIENTED_EDGE('',*,*,#596,.F.);
#596 = EDGE_CURVE('',#172,#588,#597,.T.);
#597 = LINE('',#598,#599);
#598 = CARTESIAN_POINT('',(-17.58175457229,-66.88303429296,
    -23.99999999989));
#599 = VECTOR('',#600,1.);
#600 = DIRECTION('',(0.,1.,-2.22044604925E-16));
#601 = CYLINDRICAL_SURFACE('',#602,3.);
#602 = AXIS2_PLACEMENT_3D('',#603,#604,#605);
#603 = CARTESIAN_POINT('',(-20.58175457229,-66.88303429296,
    -23.99999999979));
#604 = DIRECTION('',(0.,-1.,2.22044604925E-16));
#605 = DIRECTION('',(1.,0.,0.));
#606 = ADVANCED_FACE('',(#607),#625,.F.);
#607 = FACE_BOUND('',#608,.F.);
#608 = EDGE_LOOP('',(#609,#610,#611,#619));
#609 = ORIENTED_EDGE('',*,*,#197,.F.);
#610 = ORIENTED_EDGE('',*,*,#596,.T.);
#611 = ORIENTED_EDGE('',*,*,#612,.T.);
#612 = EDGE_CURVE('',#588,#613,#615,.T.);
#613 = VERTEX_POINT('',#614);
#614 = CARTESIAN_POINT('',(-17.58175457229,-65.38303429296,
    -11.99999999989));
#615 = LINE('',#616,#617);
#616 = CARTESIAN_POINT('',(-17.58175457229,-65.38303429296,
    -11.99999999994));
#617 = VECTOR('',#618,1.);
#618 = DIRECTION('',(-2.116825233619E-13,0.,1.));
#619 = ORIENTED_EDGE('',*,*,#620,.F.);
#620 = EDGE_CURVE('',#189,#613,#621,.T.);
#621 = LINE('',#622,#623);
#622 = CARTESIAN_POINT('',(-17.58175457229,-66.88303429296,
    -11.99999999989));
#623 = VECTOR('',#624,1.);
#624 = DIRECTION('',(0.,1.,-2.22044604925E-16));
#625 = PLANE('',#626);
#626 = AXIS2_PLACEMENT_3D('',#627,#628,#629);
#627 = CARTESIAN_POINT('',(-17.58175457229,-66.88303429296,
    -23.99999999989));
#628 = DIRECTION('',(1.,4.700296226942E-29,2.116825233619E-13));
#629 = DIRECTION('',(-2.116825233619E-13,2.22044604925E-16,1.));
#630 = ADVANCED_FACE('',(#631),#650,.F.);
#631 = FACE_BOUND('',#632,.F.);
#632 = EDGE_LOOP('',(#633,#634,#635,#644));
#633 = ORIENTED_EDGE('',*,*,#188,.F.);
#634 = ORIENTED_EDGE('',*,*,#620,.T.);
#635 = ORIENTED_EDGE('',*,*,#636,.T.);
#636 = EDGE_CURVE('',#613,#637,#639,.T.);
#637 = VERTEX_POINT('',#638);
#638 = CARTESIAN_POINT('',(-23.58175457229,-65.38303429296,-12.));
#639 = CIRCLE('',#640,3.);
#640 = AXIS2_PLACEMENT_3D('',#641,#642,#643);
#641 = CARTESIAN_POINT('',(-20.58175457229,-65.38303429296,-12.));
#642 = DIRECTION('',(0.,-1.,2.22044604925E-16));
#643 = DIRECTION('',(1.,0.,0.));
#644 = ORIENTED_EDGE('',*,*,#645,.F.);
#645 = EDGE_CURVE('',#181,#637,#646,.T.);
#646 = LINE('',#647,#648);
#647 = CARTESIAN_POINT('',(-23.58175457229,-66.88303429296,-12.));
#648 = VECTOR('',#649,1.);
#649 = DIRECTION('',(0.,1.,-2.22044604925E-16));
#650 = CYLINDRICAL_SURFACE('',#651,3.);
#651 = AXIS2_PLACEMENT_3D('',#652,#653,#654);
#652 = CARTESIAN_POINT('',(-20.58175457229,-66.88303429296,-12.));
#653 = DIRECTION('',(0.,-1.,2.22044604925E-16));
#654 = DIRECTION('',(1.,0.,0.));
#655 = ADVANCED_FACE('',(#656),#667,.T.);
#656 = FACE_BOUND('',#657,.T.);
#657 = EDGE_LOOP('',(#658,#659,#660,#666));
#658 = ORIENTED_EDGE('',*,*,#180,.F.);
#659 = ORIENTED_EDGE('',*,*,#579,.T.);
#660 = ORIENTED_EDGE('',*,*,#661,.T.);
#661 = EDGE_CURVE('',#580,#637,#662,.T.);
#662 = LINE('',#663,#664);
#663 = CARTESIAN_POINT('',(-23.58175457229,-65.38303429296,
    -11.99999999989));
#664 = VECTOR('',#665,1.);
#665 = DIRECTION('',(0.,0.,1.));
#666 = ORIENTED_EDGE('',*,*,#645,.F.);
#667 = PLANE('',#668);
#668 = AXIS2_PLACEMENT_3D('',#669,#670,#671);
#669 = CARTESIAN_POINT('',(-23.58175457229,-66.88303429296,
    -23.99999999979));
#670 = DIRECTION('',(1.,0.,0.));
#671 = DIRECTION('',(0.,2.22044604925E-16,1.));
#672 = ADVANCED_FACE('',(#673),#699,.F.);
#673 = FACE_BOUND('',#674,.F.);
#674 = EDGE_LOOP('',(#675,#676,#684,#693));
#675 = ORIENTED_EDGE('',*,*,#205,.F.);
#676 = ORIENTED_EDGE('',*,*,#677,.T.);
#677 = EDGE_CURVE('',#206,#678,#680,.T.);
#678 = VERTEX_POINT('',#679);
#679 = CARTESIAN_POINT('',(19.883034292964,-65.38303429296,
    -23.99999999989));
#680 = LINE('',#681,#682);
#681 = CARTESIAN_POINT('',(19.883034292964,-66.88303429296,
    -23.99999999989));
#682 = VECTOR('',#683,1.);
#683 = DIRECTION('',(0.,1.,-2.22044604925E-16));
#684 = ORIENTED_EDGE('',*,*,#685,.T.);
#685 = EDGE_CURVE('',#678,#686,#688,.T.);
#686 = VERTEX_POINT('',#687);
#687 = CARTESIAN_POINT('',(25.883034292965,-65.38303429296,
    -23.99999999978));
#688 = CIRCLE('',#689,3.);
#689 = AXIS2_PLACEMENT_3D('',#690,#691,#692);
#690 = CARTESIAN_POINT('',(22.883034292965,-65.38303429296,
    -23.99999999978));
#691 = DIRECTION('',(0.,-1.,2.22044604925E-16));
#692 = DIRECTION('',(1.,0.,0.));
#693 = ORIENTED_EDGE('',*,*,#694,.F.);
#694 = EDGE_CURVE('',#208,#686,#695,.T.);
#695 = LINE('',#696,#697);
#696 = CARTESIAN_POINT('',(25.883034292965,-66.88303429296,
    -23.99999999978));
#697 = VECTOR('',#698,1.);
#698 = DIRECTION('',(0.,1.,-2.22044604925E-16));
#699 = CYLINDRICAL_SURFACE('',#700,3.);
#700 = AXIS2_PLACEMENT_3D('',#701,#702,#703);
#701 = CARTESIAN_POINT('',(22.883034292965,-66.88303429296,
    -23.99999999978));
#702 = DIRECTION('',(0.,-1.,2.22044604925E-16));
#703 = DIRECTION('',(1.,0.,0.));
#704 = ADVANCED_FACE('',(#705),#723,.F.);
#705 = FACE_BOUND('',#706,.F.);
#706 = EDGE_LOOP('',(#707,#708,#709,#717));
#707 = ORIENTED_EDGE('',*,*,#233,.F.);
#708 = ORIENTED_EDGE('',*,*,#694,.T.);
#709 = ORIENTED_EDGE('',*,*,#710,.T.);
#710 = EDGE_CURVE('',#686,#711,#713,.T.);
#711 = VERTEX_POINT('',#712);
#712 = CARTESIAN_POINT('',(25.883034292965,-65.38303429296,
    -12.00000000001));
#713 = LINE('',#714,#715);
#714 = CARTESIAN_POINT('',(25.883034292965,-65.38303429296,
    -11.99999999989));
#715 = VECTOR('',#716,1.);
#716 = DIRECTION('',(0.,0.,1.));
#717 = ORIENTED_EDGE('',*,*,#718,.F.);
#718 = EDGE_CURVE('',#225,#711,#719,.T.);
#719 = LINE('',#720,#721);
#720 = CARTESIAN_POINT('',(25.883034292965,-66.88303429296,
    -12.00000000001));
#721 = VECTOR('',#722,1.);
#722 = DIRECTION('',(0.,1.,-2.22044604925E-16));
#723 = PLANE('',#724);
#724 = AXIS2_PLACEMENT_3D('',#725,#726,#727);
#725 = CARTESIAN_POINT('',(25.883034292965,-66.88303429296,
    -23.99999999978));
#726 = DIRECTION('',(1.,0.,0.));
#727 = DIRECTION('',(0.,2.22044604925E-16,1.));
#728 = ADVANCED_FACE('',(#729),#748,.F.);
#729 = FACE_BOUND('',#730,.F.);
#730 = EDGE_LOOP('',(#731,#732,#733,#742));
#731 = ORIENTED_EDGE('',*,*,#224,.F.);
#732 = ORIENTED_EDGE('',*,*,#718,.T.);
#733 = ORIENTED_EDGE('',*,*,#734,.T.);
#734 = EDGE_CURVE('',#711,#735,#737,.T.);
#735 = VERTEX_POINT('',#736);
#736 = CARTESIAN_POINT('',(19.883034292964,-65.38303429296,
    -11.99999999989));
#737 = CIRCLE('',#738,3.);
#738 = AXIS2_PLACEMENT_3D('',#739,#740,#741);
#739 = CARTESIAN_POINT('',(22.883034292965,-65.38303429296,
    -12.00000000001));
#740 = DIRECTION('',(0.,-1.,2.22044604925E-16));
#741 = DIRECTION('',(1.,0.,0.));
#742 = ORIENTED_EDGE('',*,*,#743,.F.);
#743 = EDGE_CURVE('',#217,#735,#744,.T.);
#744 = LINE('',#745,#746);
#745 = CARTESIAN_POINT('',(19.883034292964,-66.88303429296,
    -11.99999999989));
#746 = VECTOR('',#747,1.);
#747 = DIRECTION('',(0.,1.,-2.22044604925E-16));
#748 = CYLINDRICAL_SURFACE('',#749,3.);
#749 = AXIS2_PLACEMENT_3D('',#750,#751,#752);
#750 = CARTESIAN_POINT('',(22.883034292965,-66.88303429296,
    -12.00000000001));
#751 = DIRECTION('',(0.,-1.,2.22044604925E-16));
#752 = DIRECTION('',(1.,0.,0.));
#753 = ADVANCED_FACE('',(#754),#765,.T.);
#754 = FACE_BOUND('',#755,.T.);
#755 = EDGE_LOOP('',(#756,#757,#758,#764));
#756 = ORIENTED_EDGE('',*,*,#216,.F.);
#757 = ORIENTED_EDGE('',*,*,#677,.T.);
#758 = ORIENTED_EDGE('',*,*,#759,.T.);
#759 = EDGE_CURVE('',#678,#735,#760,.T.);
#760 = LINE('',#761,#762);
#761 = CARTESIAN_POINT('',(19.883034292963,-65.38303429296,
    -11.99999999995));
#762 = VECTOR('',#763,1.);
#763 = DIRECTION('',(0.,0.,1.));
#764 = ORIENTED_EDGE('',*,*,#743,.F.);
#765 = PLANE('',#766);
#766 = AXIS2_PLACEMENT_3D('',#767,#768,#769);
#767 = CARTESIAN_POINT('',(19.883034292963,-66.88303429296,
    -23.99999999989));
#768 = DIRECTION('',(1.,0.,0.));
#769 = DIRECTION('',(0.,2.22044604925E-16,1.));
#770 = ADVANCED_FACE('',(#771,#783),#817,.T.);
#771 = FACE_BOUND('',#772,.T.);
#772 = EDGE_LOOP('',(#773,#774,#775,#781,#782));
#773 = ORIENTED_EDGE('',*,*,#544,.T.);
#774 = ORIENTED_EDGE('',*,*,#420,.T.);
#775 = ORIENTED_EDGE('',*,*,#776,.F.);
#776 = EDGE_CURVE('',#267,#423,#777,.T.);
#777 = LINE('',#778,#779);
#778 = CARTESIAN_POINT('',(-59.58175457229,13.03,0.));
#779 = VECTOR('',#780,1.);
#780 = DIRECTION('',(-0.,-0.,-1.));
#781 = ORIENTED_EDGE('',*,*,#275,.F.);
#782 = ORIENTED_EDGE('',*,*,#283,.F.);
#783 = FACE_BOUND('',#784,.T.);
#784 = EDGE_LOOP('',(#785,#795,#803,#811));
#785 = ORIENTED_EDGE('',*,*,#786,.F.);
#786 = EDGE_CURVE('',#787,#789,#791,.T.);
#787 = VERTEX_POINT('',#788);
#788 = CARTESIAN_POINT('',(-52.17175457229,13.03,-16.66));
#789 = VERTEX_POINT('',#790);
#790 = CARTESIAN_POINT('',(-52.17175457229,13.03,-5.26));
#791 = LINE('',#792,#793);
#792 = CARTESIAN_POINT('',(-52.17175457229,13.03,-8.33));
#793 = VECTOR('',#794,1.);
#794 = DIRECTION('',(-8.659560562355E-17,0.,1.));
#795 = ORIENTED_EDGE('',*,*,#796,.F.);
#796 = EDGE_CURVE('',#797,#787,#799,.T.);
#797 = VERTEX_POINT('',#798);
#798 = CARTESIAN_POINT('',(-39.67175457229,13.03,-16.66));
#799 = LINE('',#800,#801);
#800 = CARTESIAN_POINT('',(11.105639860334,13.03,-16.66));
#801 = VECTOR('',#802,1.);
#802 = DIRECTION('',(-1.,0.,-8.659560562355E-17));
#803 = ORIENTED_EDGE('',*,*,#804,.F.);
#804 = EDGE_CURVE('',#805,#797,#807,.T.);
#805 = VERTEX_POINT('',#806);
#806 = CARTESIAN_POINT('',(-39.67175457229,13.03,-5.26));
#807 = LINE('',#808,#809);
#808 = CARTESIAN_POINT('',(-39.67175457229,13.03,-2.63));
#809 = VECTOR('',#810,1.);
#810 = DIRECTION('',(8.659560562355E-17,0.,-1.));
#811 = ORIENTED_EDGE('',*,*,#812,.F.);
#812 = EDGE_CURVE('',#789,#805,#813,.T.);
#813 = LINE('',#814,#815);
#814 = CARTESIAN_POINT('',(4.855639860334,13.03,-5.26));
#815 = VECTOR('',#816,1.);
#816 = DIRECTION('',(1.,0.,8.659560562355E-17));
#817 = PLANE('',#818);
#818 = AXIS2_PLACEMENT_3D('',#819,#820,#821);
#819 = CARTESIAN_POINT('',(61.883034292965,13.03,0.));
#820 = DIRECTION('',(0.,1.,0.));
#821 = DIRECTION('',(-1.,0.,0.));
#822 = ADVANCED_FACE('',(#823),#834,.T.);
#823 = FACE_BOUND('',#824,.T.);
#824 = EDGE_LOOP('',(#825,#826,#827,#833));
#825 = ORIENTED_EDGE('',*,*,#776,.T.);
#826 = ORIENTED_EDGE('',*,*,#430,.T.);
#827 = ORIENTED_EDGE('',*,*,#828,.F.);
#828 = EDGE_CURVE('',#259,#431,#829,.T.);
#829 = LINE('',#830,#831);
#830 = CARTESIAN_POINT('',(-64.58175457229,8.03,0.));
#831 = VECTOR('',#832,1.);
#832 = DIRECTION('',(-0.,-0.,-1.));
#833 = ORIENTED_EDGE('',*,*,#266,.F.);
#834 = CYLINDRICAL_SURFACE('',#835,5.);
#835 = AXIS2_PLACEMENT_3D('',#836,#837,#838);
#836 = CARTESIAN_POINT('',(-59.58175457229,8.03,0.));
#837 = DIRECTION('',(0.,0.,1.));
#838 = DIRECTION('',(1.,0.,0.));
#839 = ADVANCED_FACE('',(#840),#846,.T.);
#840 = FACE_BOUND('',#841,.T.);
#841 = EDGE_LOOP('',(#842,#843,#844,#845));
#842 = ORIENTED_EDGE('',*,*,#828,.T.);
#843 = ORIENTED_EDGE('',*,*,#439,.T.);
#844 = ORIENTED_EDGE('',*,*,#559,.F.);
#845 = ORIENTED_EDGE('',*,*,#258,.F.);
#846 = PLANE('',#847);
#847 = AXIS2_PLACEMENT_3D('',#848,#849,#850);
#848 = CARTESIAN_POINT('',(-64.58175457229,8.03,0.));
#849 = DIRECTION('',(-1.,0.,0.));
#850 = DIRECTION('',(0.,-1.,0.));
#851 = ADVANCED_FACE('',(#852),#877,.T.);
#852 = FACE_BOUND('',#853,.T.);
#853 = EDGE_LOOP('',(#854,#862,#863,#871));
#854 = ORIENTED_EDGE('',*,*,#855,.T.);
#855 = EDGE_CURVE('',#856,#352,#858,.T.);
#856 = VERTEX_POINT('',#857);
#857 = CARTESIAN_POINT('',(18.441517146483,6.5,0.));
#858 = LINE('',#859,#860);
#859 = CARTESIAN_POINT('',(18.441517146483,6.5,0.));
#860 = VECTOR('',#861,1.);
#861 = DIRECTION('',(0.,0.,1.));
#862 = ORIENTED_EDGE('',*,*,#351,.T.);
#863 = ORIENTED_EDGE('',*,*,#864,.F.);
#864 = EDGE_CURVE('',#865,#354,#867,.T.);
#865 = VERTEX_POINT('',#866);
#866 = CARTESIAN_POINT('',(18.441517146483,-7.5,0.));
#867 = LINE('',#868,#869);
#868 = CARTESIAN_POINT('',(18.441517146483,-7.5,0.));
#869 = VECTOR('',#870,1.);
#870 = DIRECTION('',(0.,0.,1.));
#871 = ORIENTED_EDGE('',*,*,#872,.F.);
#872 = EDGE_CURVE('',#856,#865,#873,.T.);
#873 = LINE('',#874,#875);
#874 = CARTESIAN_POINT('',(18.441517146483,6.5,0.));
#875 = VECTOR('',#876,1.);
#876 = DIRECTION('',(0.,-1.,0.));
#877 = PLANE('',#878);
#878 = AXIS2_PLACEMENT_3D('',#879,#880,#881);
#879 = CARTESIAN_POINT('',(18.441517146483,6.5,0.));
#880 = DIRECTION('',(1.,0.,0.));
#881 = DIRECTION('',(0.,-1.,0.));
#882 = ADVANCED_FACE('',(#883),#933,.T.);
#883 = FACE_BOUND('',#884,.T.);
#884 = EDGE_LOOP('',(#885,#893,#894,#895,#903,#911,#919,#927));
#885 = ORIENTED_EDGE('',*,*,#886,.T.);
#886 = EDGE_CURVE('',#887,#362,#889,.T.);
#887 = VERTEX_POINT('',#888);
#888 = CARTESIAN_POINT('',(48.441517146483,6.5,0.));
#889 = LINE('',#890,#891);
#890 = CARTESIAN_POINT('',(48.441517146483,6.5,0.));
#891 = VECTOR('',#892,1.);
#892 = DIRECTION('',(0.,0.,1.));
#893 = ORIENTED_EDGE('',*,*,#361,.T.);
#894 = ORIENTED_EDGE('',*,*,#855,.F.);
#895 = ORIENTED_EDGE('',*,*,#896,.F.);
#896 = EDGE_CURVE('',#897,#856,#899,.T.);
#897 = VERTEX_POINT('',#898);
#898 = CARTESIAN_POINT('',(25.941517146483,6.5,0.));
#899 = LINE('',#900,#901);
#900 = CARTESIAN_POINT('',(48.441517146483,6.5,0.));
#901 = VECTOR('',#902,1.);
#902 = DIRECTION('',(-1.,0.,0.));
#903 = ORIENTED_EDGE('',*,*,#904,.T.);
#904 = EDGE_CURVE('',#897,#905,#907,.T.);
#905 = VERTEX_POINT('',#906);
#906 = CARTESIAN_POINT('',(25.941517146483,6.5,-5.));
#907 = LINE('',#908,#909);
#908 = CARTESIAN_POINT('',(25.941517146483,6.5,0.));
#909 = VECTOR('',#910,1.);
#910 = DIRECTION('',(-0.,-0.,-1.));
#911 = ORIENTED_EDGE('',*,*,#912,.T.);
#912 = EDGE_CURVE('',#905,#913,#915,.T.);
#913 = VERTEX_POINT('',#914);
#914 = CARTESIAN_POINT('',(40.941517146483,6.5,-5.));
#915 = LINE('',#916,#917);
#916 = CARTESIAN_POINT('',(25.941517146483,6.5,-5.));
#917 = VECTOR('',#918,1.);
#918 = DIRECTION('',(1.,0.,0.));
#919 = ORIENTED_EDGE('',*,*,#920,.F.);
#920 = EDGE_CURVE('',#921,#913,#923,.T.);
#921 = VERTEX_POINT('',#922);
#922 = CARTESIAN_POINT('',(40.941517146483,6.5,0.));
#923 = LINE('',#924,#925);
#924 = CARTESIAN_POINT('',(40.941517146483,6.5,0.));
#925 = VECTOR('',#926,1.);
#926 = DIRECTION('',(-0.,-0.,-1.));
#927 = ORIENTED_EDGE('',*,*,#928,.F.);
#928 = EDGE_CURVE('',#887,#921,#929,.T.);
#929 = LINE('',#930,#931);
#930 = CARTESIAN_POINT('',(48.441517146483,6.5,0.));
#931 = VECTOR('',#932,1.);
#932 = DIRECTION('',(-1.,0.,0.));
#933 = PLANE('',#934);
#934 = AXIS2_PLACEMENT_3D('',#935,#936,#937);
#935 = CARTESIAN_POINT('',(33.441517146483,6.5,-0.486486486486));
#936 = DIRECTION('',(1.046800747686E-32,-1.,-1.277926272368E-16));
#937 = DIRECTION('',(0.,1.277926272368E-16,-1.));
#938 = ADVANCED_FACE('',(#939),#957,.T.);
#939 = FACE_BOUND('',#940,.T.);
#940 = EDGE_LOOP('',(#941,#949,#950,#951));
#941 = ORIENTED_EDGE('',*,*,#942,.T.);
#942 = EDGE_CURVE('',#943,#370,#945,.T.);
#943 = VERTEX_POINT('',#944);
#944 = CARTESIAN_POINT('',(48.441517146483,-7.5,0.));
#945 = LINE('',#946,#947);
#946 = CARTESIAN_POINT('',(48.441517146483,-7.5,0.));
#947 = VECTOR('',#948,1.);
#948 = DIRECTION('',(0.,0.,1.));
#949 = ORIENTED_EDGE('',*,*,#369,.T.);
#950 = ORIENTED_EDGE('',*,*,#886,.F.);
#951 = ORIENTED_EDGE('',*,*,#952,.F.);
#952 = EDGE_CURVE('',#943,#887,#953,.T.);
#953 = LINE('',#954,#955);
#954 = CARTESIAN_POINT('',(48.441517146483,-7.5,0.));
#955 = VECTOR('',#956,1.);
#956 = DIRECTION('',(0.,1.,0.));
#957 = PLANE('',#958);
#958 = AXIS2_PLACEMENT_3D('',#959,#960,#961);
#959 = CARTESIAN_POINT('',(48.441517146483,-7.5,0.));
#960 = DIRECTION('',(-1.,0.,0.));
#961 = DIRECTION('',(0.,1.,0.));
#962 = ADVANCED_FACE('',(#963),#974,.T.);
#963 = FACE_BOUND('',#964,.T.);
#964 = EDGE_LOOP('',(#965,#966,#967,#968));
#965 = ORIENTED_EDGE('',*,*,#864,.T.);
#966 = ORIENTED_EDGE('',*,*,#377,.T.);
#967 = ORIENTED_EDGE('',*,*,#942,.F.);
#968 = ORIENTED_EDGE('',*,*,#969,.F.);
#969 = EDGE_CURVE('',#865,#943,#970,.T.);
#970 = LINE('',#971,#972);
#971 = CARTESIAN_POINT('',(18.441517146483,-7.5,0.));
#972 = VECTOR('',#973,1.);
#973 = DIRECTION('',(1.,0.,0.));
#974 = PLANE('',#975);
#975 = AXIS2_PLACEMENT_3D('',#976,#977,#978);
#976 = CARTESIAN_POINT('',(18.441517146483,-7.5,0.));
#977 = DIRECTION('',(0.,1.,0.));
#978 = DIRECTION('',(1.,0.,0.));
#979 = ADVANCED_FACE('',(#980),#999,.F.);
#980 = FACE_BOUND('',#981,.T.);
#981 = EDGE_LOOP('',(#982,#991,#997,#998));
#982 = ORIENTED_EDGE('',*,*,#983,.T.);
#983 = EDGE_CURVE('',#984,#984,#986,.T.);
#984 = VERTEX_POINT('',#985);
#985 = CARTESIAN_POINT('',(2.5,0.,1.5));
#986 = CIRCLE('',#987,2.5);
#987 = AXIS2_PLACEMENT_3D('',#988,#989,#990);
#988 = CARTESIAN_POINT('',(0.,0.,1.5));
#989 = DIRECTION('',(0.,0.,-1.));
#990 = DIRECTION('',(1.,0.,0.));
#991 = ORIENTED_EDGE('',*,*,#992,.T.);
#992 = EDGE_CURVE('',#984,#386,#993,.T.);
#993 = LINE('',#994,#995);
#994 = CARTESIAN_POINT('',(2.5,0.,0.));
#995 = VECTOR('',#996,1.);
#996 = DIRECTION('',(0.,0.,1.));
#997 = ORIENTED_EDGE('',*,*,#385,.T.);
#998 = ORIENTED_EDGE('',*,*,#992,.F.);
#999 = CYLINDRICAL_SURFACE('',#1000,2.5);
#1000 = AXIS2_PLACEMENT_3D('',#1001,#1002,#1003);
#1001 = CARTESIAN_POINT('',(0.,0.,0.));
#1002 = DIRECTION('',(-0.,-0.,-1.));
#1003 = DIRECTION('',(1.,0.,0.));
#1004 = ADVANCED_FACE('',(#1005,#1086),#1120,.F.);
#1005 = FACE_BOUND('',#1006,.F.);
#1006 = EDGE_LOOP('',(#1007,#1017,#1023,#1024,#1032,#1040,#1048,#1056,
    #1064,#1072,#1080));
#1007 = ORIENTED_EDGE('',*,*,#1008,.T.);
#1008 = EDGE_CURVE('',#1009,#1011,#1013,.T.);
#1009 = VERTEX_POINT('',#1010);
#1010 = CARTESIAN_POINT('',(58.312320078694,11.53,-28.));
#1011 = VERTEX_POINT('',#1012);
#1012 = CARTESIAN_POINT('',(61.883034292965,11.53,-28.));
#1013 = LINE('',#1014,#1015);
#1014 = CARTESIAN_POINT('',(38.659948547846,11.53,-28.));
#1015 = VECTOR('',#1016,1.);
#1016 = DIRECTION('',(1.,0.,0.));
#1017 = ORIENTED_EDGE('',*,*,#1018,.T.);
#1018 = EDGE_CURVE('',#1011,#467,#1019,.T.);
#1019 = LINE('',#1020,#1021);
#1020 = CARTESIAN_POINT('',(61.883034292965,11.53,0.));
#1021 = VECTOR('',#1022,1.);
#1022 = DIRECTION('',(-0.,-0.,-1.));
#1023 = ORIENTED_EDGE('',*,*,#466,.T.);
#1024 = ORIENTED_EDGE('',*,*,#1025,.F.);
#1025 = EDGE_CURVE('',#1026,#469,#1028,.T.);
#1026 = VERTEX_POINT('',#1027);
#1027 = CARTESIAN_POINT('',(-59.58175457229,11.53,0.));
#1028 = LINE('',#1029,#1030);
#1029 = CARTESIAN_POINT('',(-59.58175457229,11.53,0.));
#1030 = VECTOR('',#1031,1.);
#1031 = DIRECTION('',(-0.,-0.,-1.));
#1032 = ORIENTED_EDGE('',*,*,#1033,.F.);
#1033 = EDGE_CURVE('',#1034,#1026,#1036,.T.);
#1034 = VERTEX_POINT('',#1035);
#1035 = CARTESIAN_POINT('',(1.973141741918E-09,11.53,0.));
#1036 = LINE('',#1037,#1038);
#1037 = CARTESIAN_POINT('',(61.883034292965,11.53,0.));
#1038 = VECTOR('',#1039,1.);
#1039 = DIRECTION('',(-1.,0.,0.));
#1040 = ORIENTED_EDGE('',*,*,#1041,.F.);
#1041 = EDGE_CURVE('',#1042,#1034,#1044,.T.);
#1042 = VERTEX_POINT('',#1043);
#1043 = CARTESIAN_POINT('',(9.429285785729,11.53,0.));
#1044 = LINE('',#1045,#1046);
#1045 = CARTESIAN_POINT('',(61.883034292965,11.53,0.));
#1046 = VECTOR('',#1047,1.);
#1047 = DIRECTION('',(-1.,0.,0.));
#1048 = ORIENTED_EDGE('',*,*,#1049,.F.);
#1049 = EDGE_CURVE('',#1050,#1042,#1052,.T.);
#1050 = VERTEX_POINT('',#1051);
#1051 = CARTESIAN_POINT('',(9.429285785729,11.53,-28.));
#1052 = LINE('',#1053,#1054);
#1053 = CARTESIAN_POINT('',(9.429285785729,11.53,0.));
#1054 = VECTOR('',#1055,1.);
#1055 = DIRECTION('',(0.,0.,1.));
#1056 = ORIENTED_EDGE('',*,*,#1057,.T.);
#1057 = EDGE_CURVE('',#1050,#1058,#1060,.T.);
#1058 = VERTEX_POINT('',#1059);
#1059 = CARTESIAN_POINT('',(16.570714214271,11.53,-28.));
#1060 = LINE('',#1061,#1062);
#1061 = CARTESIAN_POINT('',(38.659948547846,11.53,-28.));
#1062 = VECTOR('',#1063,1.);
#1063 = DIRECTION('',(1.,0.,0.));
#1064 = ORIENTED_EDGE('',*,*,#1065,.T.);
#1065 = EDGE_CURVE('',#1058,#1066,#1068,.T.);
#1066 = VERTEX_POINT('',#1067);
#1067 = CARTESIAN_POINT('',(16.570714214271,11.53,0.));
#1068 = LINE('',#1069,#1070);
#1069 = CARTESIAN_POINT('',(16.570714214271,11.53,0.));
#1070 = VECTOR('',#1071,1.);
#1071 = DIRECTION('',(0.,0.,1.));
#1072 = ORIENTED_EDGE('',*,*,#1073,.F.);
#1073 = EDGE_CURVE('',#1074,#1066,#1076,.T.);
#1074 = VERTEX_POINT('',#1075);
#1075 = CARTESIAN_POINT('',(58.312320078694,11.53,0.));
#1076 = LINE('',#1077,#1078);
#1077 = CARTESIAN_POINT('',(61.883034292965,11.53,0.));
#1078 = VECTOR('',#1079,1.);
#1079 = DIRECTION('',(-1.,0.,0.));
#1080 = ORIENTED_EDGE('',*,*,#1081,.F.);
#1081 = EDGE_CURVE('',#1009,#1074,#1082,.T.);
#1082 = LINE('',#1083,#1084);
#1083 = CARTESIAN_POINT('',(58.312320078694,11.53,0.));
#1084 = VECTOR('',#1085,1.);
#1085 = DIRECTION('',(0.,0.,1.));
#1086 = FACE_BOUND('',#1087,.F.);
#1087 = EDGE_LOOP('',(#1088,#1098,#1106,#1114));
#1088 = ORIENTED_EDGE('',*,*,#1089,.F.);
#1089 = EDGE_CURVE('',#1090,#1092,#1094,.T.);
#1090 = VERTEX_POINT('',#1091);
#1091 = CARTESIAN_POINT('',(-52.17175457229,11.53,-16.66));
#1092 = VERTEX_POINT('',#1093);
#1093 = CARTESIAN_POINT('',(-52.17175457229,11.53,-5.26));
#1094 = LINE('',#1095,#1096);
#1095 = CARTESIAN_POINT('',(-52.17175457229,11.53,-8.33));
#1096 = VECTOR('',#1097,1.);
#1097 = DIRECTION('',(-8.659560562355E-17,0.,1.));
#1098 = ORIENTED_EDGE('',*,*,#1099,.F.);
#1099 = EDGE_CURVE('',#1100,#1090,#1102,.T.);
#1100 = VERTEX_POINT('',#1101);
#1101 = CARTESIAN_POINT('',(-39.67175457229,11.53,-16.66));
#1102 = LINE('',#1103,#1104);
#1103 = CARTESIAN_POINT('',(11.105639860334,11.53,-16.66));
#1104 = VECTOR('',#1105,1.);
#1105 = DIRECTION('',(-1.,0.,-8.659560562355E-17));
#1106 = ORIENTED_EDGE('',*,*,#1107,.F.);
#1107 = EDGE_CURVE('',#1108,#1100,#1110,.T.);
#1108 = VERTEX_POINT('',#1109);
#1109 = CARTESIAN_POINT('',(-39.67175457229,11.53,-5.26));
#1110 = LINE('',#1111,#1112);
#1111 = CARTESIAN_POINT('',(-39.67175457229,11.53,-2.63));
#1112 = VECTOR('',#1113,1.);
#1113 = DIRECTION('',(8.659560562355E-17,0.,-1.));
#1114 = ORIENTED_EDGE('',*,*,#1115,.F.);
#1115 = EDGE_CURVE('',#1092,#1108,#1116,.T.);
#1116 = LINE('',#1117,#1118);
#1117 = CARTESIAN_POINT('',(4.855639860334,11.53,-5.26));
#1118 = VECTOR('',#1119,1.);
#1119 = DIRECTION('',(1.,0.,8.659560562355E-17));
#1120 = PLANE('',#1121);
#1121 = AXIS2_PLACEMENT_3D('',#1122,#1123,#1124);
#1122 = CARTESIAN_POINT('',(61.883034292965,11.53,0.));
#1123 = DIRECTION('',(0.,1.,0.));
#1124 = DIRECTION('',(-1.,0.,0.));
#1125 = ADVANCED_FACE('',(#1126),#1145,.F.);
#1126 = FACE_BOUND('',#1127,.F.);
#1127 = EDGE_LOOP('',(#1128,#1129,#1130,#1138));
#1128 = ORIENTED_EDGE('',*,*,#1025,.T.);
#1129 = ORIENTED_EDGE('',*,*,#476,.T.);
#1130 = ORIENTED_EDGE('',*,*,#1131,.F.);
#1131 = EDGE_CURVE('',#1132,#477,#1134,.T.);
#1132 = VERTEX_POINT('',#1133);
#1133 = CARTESIAN_POINT('',(-63.08175457229,8.03,0.));
#1134 = LINE('',#1135,#1136);
#1135 = CARTESIAN_POINT('',(-63.08175457229,8.03,0.));
#1136 = VECTOR('',#1137,1.);
#1137 = DIRECTION('',(-0.,-0.,-1.));
#1138 = ORIENTED_EDGE('',*,*,#1139,.F.);
#1139 = EDGE_CURVE('',#1026,#1132,#1140,.T.);
#1140 = CIRCLE('',#1141,3.5);
#1141 = AXIS2_PLACEMENT_3D('',#1142,#1143,#1144);
#1142 = CARTESIAN_POINT('',(-59.58175457229,8.03,0.));
#1143 = DIRECTION('',(0.,0.,1.));
#1144 = DIRECTION('',(1.,0.,0.));
#1145 = CYLINDRICAL_SURFACE('',#1146,3.5);
#1146 = AXIS2_PLACEMENT_3D('',#1147,#1148,#1149);
#1147 = CARTESIAN_POINT('',(-59.58175457229,8.03,0.));
#1148 = DIRECTION('',(0.,0.,1.));
#1149 = DIRECTION('',(1.,0.,0.));
#1150 = ADVANCED_FACE('',(#1151),#1185,.F.);
#1151 = FACE_BOUND('',#1152,.F.);
#1152 = EDGE_LOOP('',(#1153,#1161,#1162,#1163,#1171,#1179));
#1153 = ORIENTED_EDGE('',*,*,#1154,.F.);
#1154 = EDGE_CURVE('',#1132,#1155,#1157,.T.);
#1155 = VERTEX_POINT('',#1156);
#1156 = CARTESIAN_POINT('',(-63.08175457229,-58.31232007869,0.));
#1157 = LINE('',#1158,#1159);
#1158 = CARTESIAN_POINT('',(-63.08175457229,8.03,0.));
#1159 = VECTOR('',#1160,1.);
#1160 = DIRECTION('',(0.,-1.,0.));
#1161 = ORIENTED_EDGE('',*,*,#1131,.T.);
#1162 = ORIENTED_EDGE('',*,*,#485,.T.);
#1163 = ORIENTED_EDGE('',*,*,#1164,.F.);
#1164 = EDGE_CURVE('',#1165,#486,#1167,.T.);
#1165 = VERTEX_POINT('',#1166);
#1166 = CARTESIAN_POINT('',(-63.08175457229,-61.88303429296,-28.));
#1167 = LINE('',#1168,#1169);
#1168 = CARTESIAN_POINT('',(-63.08175457229,-61.88303429296,0.));
#1169 = VECTOR('',#1170,1.);
#1170 = DIRECTION('',(-0.,-0.,-1.));
#1171 = ORIENTED_EDGE('',*,*,#1172,.T.);
#1172 = EDGE_CURVE('',#1165,#1173,#1175,.T.);
#1173 = VERTEX_POINT('',#1174);
#1174 = CARTESIAN_POINT('',(-63.08175457229,-58.31232007869,-28.));
#1175 = LINE('',#1176,#1177);
#1176 = CARTESIAN_POINT('',(-63.08175457229,-12.94391028789,-28.));
#1177 = VECTOR('',#1178,1.);
#1178 = DIRECTION('',(0.,1.,0.));
#1179 = ORIENTED_EDGE('',*,*,#1180,.T.);
#1180 = EDGE_CURVE('',#1173,#1155,#1181,.T.);
#1181 = LINE('',#1182,#1183);
#1182 = CARTESIAN_POINT('',(-63.08175457229,-58.31232007869,0.));
#1183 = VECTOR('',#1184,1.);
#1184 = DIRECTION('',(0.,0.,1.));
#1185 = PLANE('',#1186);
#1186 = AXIS2_PLACEMENT_3D('',#1187,#1188,#1189);
#1187 = CARTESIAN_POINT('',(-63.08175457229,8.03,0.));
#1188 = DIRECTION('',(-1.,0.,0.));
#1189 = DIRECTION('',(0.,-1.,0.));
#1190 = ADVANCED_FACE('',(#1191),#1210,.F.);
#1191 = FACE_BOUND('',#1192,.F.);
#1192 = EDGE_LOOP('',(#1193,#1202,#1203,#1204));
#1193 = ORIENTED_EDGE('',*,*,#1194,.F.);
#1194 = EDGE_CURVE('',#1165,#1195,#1197,.T.);
#1195 = VERTEX_POINT('',#1196);
#1196 = CARTESIAN_POINT('',(-59.58175457229,-65.38303429296,-28.));
#1197 = CIRCLE('',#1198,3.5);
#1198 = AXIS2_PLACEMENT_3D('',#1199,#1200,#1201);
#1199 = CARTESIAN_POINT('',(-59.58175457229,-61.88303429296,-28.));
#1200 = DIRECTION('',(0.,0.,1.));
#1201 = DIRECTION('',(1.,0.,0.));
#1202 = ORIENTED_EDGE('',*,*,#1164,.T.);
#1203 = ORIENTED_EDGE('',*,*,#493,.T.);
#1204 = ORIENTED_EDGE('',*,*,#1205,.F.);
#1205 = EDGE_CURVE('',#1195,#494,#1206,.T.);
#1206 = LINE('',#1207,#1208);
#1207 = CARTESIAN_POINT('',(-59.58175457229,-65.38303429296,0.));
#1208 = VECTOR('',#1209,1.);
#1209 = DIRECTION('',(-0.,-0.,-1.));
#1210 = CYLINDRICAL_SURFACE('',#1211,3.5);
#1211 = AXIS2_PLACEMENT_3D('',#1212,#1213,#1214);
#1212 = CARTESIAN_POINT('',(-59.58175457229,-61.88303429296,0.));
#1213 = DIRECTION('',(0.,0.,1.));
#1214 = DIRECTION('',(1.,0.,0.));
#1215 = ADVANCED_FACE('',(#1216,#1298,#1304),#1310,.F.);
#1216 = FACE_BOUND('',#1217,.F.);
#1217 = EDGE_LOOP('',(#1218,#1226,#1227,#1228,#1236,#1244,#1252,#1260,
    #1268,#1276,#1284,#1292));
#1218 = ORIENTED_EDGE('',*,*,#1219,.T.);
#1219 = EDGE_CURVE('',#1220,#1195,#1222,.T.);
#1220 = VERTEX_POINT('',#1221);
#1221 = CARTESIAN_POINT('',(-56.01104035802,-65.38303429296,-28.));
#1222 = LINE('',#1223,#1224);
#1223 = CARTESIAN_POINT('',(-22.07244588478,-65.38303429296,-28.));
#1224 = VECTOR('',#1225,1.);
#1225 = DIRECTION('',(-1.,0.,0.));
#1226 = ORIENTED_EDGE('',*,*,#1205,.T.);
#1227 = ORIENTED_EDGE('',*,*,#502,.T.);
#1228 = ORIENTED_EDGE('',*,*,#1229,.F.);
#1229 = EDGE_CURVE('',#1230,#503,#1232,.T.);
#1230 = VERTEX_POINT('',#1231);
#1231 = CARTESIAN_POINT('',(61.883034292965,-65.38303429296,-28.));
#1232 = LINE('',#1233,#1234);
#1233 = CARTESIAN_POINT('',(61.883034292965,-65.38303429296,0.));
#1234 = VECTOR('',#1235,1.);
#1235 = DIRECTION('',(-0.,-0.,-1.));
#1236 = ORIENTED_EDGE('',*,*,#1237,.T.);
#1237 = EDGE_CURVE('',#1230,#1238,#1240,.T.);
#1238 = VERTEX_POINT('',#1239);
#1239 = CARTESIAN_POINT('',(58.312320078694,-65.38303429296,-28.));
#1240 = LINE('',#1241,#1242);
#1241 = CARTESIAN_POINT('',(-22.07244588478,-65.38303429296,-28.));
#1242 = VECTOR('',#1243,1.);
#1243 = DIRECTION('',(-1.,0.,0.));
#1244 = ORIENTED_EDGE('',*,*,#1245,.T.);
#1245 = EDGE_CURVE('',#1238,#1246,#1248,.T.);
#1246 = VERTEX_POINT('',#1247);
#1247 = CARTESIAN_POINT('',(58.312320078694,-65.38303429296,0.));
#1248 = LINE('',#1249,#1250);
#1249 = CARTESIAN_POINT('',(58.312320078694,-65.38303429296,0.));
#1250 = VECTOR('',#1251,1.);
#1251 = DIRECTION('',(0.,0.,1.));
#1252 = ORIENTED_EDGE('',*,*,#1253,.F.);
#1253 = EDGE_CURVE('',#1254,#1246,#1256,.T.);
#1254 = VERTEX_POINT('',#1255);
#1255 = CARTESIAN_POINT('',(3.570714214271,-65.38303429296,0.));
#1256 = LINE('',#1257,#1258);
#1257 = CARTESIAN_POINT('',(-59.58175457229,-65.38303429296,0.));
#1258 = VECTOR('',#1259,1.);
#1259 = DIRECTION('',(1.,0.,0.));
#1260 = ORIENTED_EDGE('',*,*,#1261,.F.);
#1261 = EDGE_CURVE('',#1262,#1254,#1264,.T.);
#1262 = VERTEX_POINT('',#1263);
#1263 = CARTESIAN_POINT('',(3.570714214271,-65.38303429296,-28.));
#1264 = LINE('',#1265,#1266);
#1265 = CARTESIAN_POINT('',(3.570714214271,-65.38303429296,0.));
#1266 = VECTOR('',#1267,1.);
#1267 = DIRECTION('',(0.,0.,1.));
#1268 = ORIENTED_EDGE('',*,*,#1269,.T.);
#1269 = EDGE_CURVE('',#1262,#1270,#1272,.T.);
#1270 = VERTEX_POINT('',#1271);
#1271 = CARTESIAN_POINT('',(-3.570714214271,-65.38303429296,-28.));
#1272 = LINE('',#1273,#1274);
#1273 = CARTESIAN_POINT('',(-22.07244588478,-65.38303429296,-28.));
#1274 = VECTOR('',#1275,1.);
#1275 = DIRECTION('',(-1.,0.,0.));
#1276 = ORIENTED_EDGE('',*,*,#1277,.T.);
#1277 = EDGE_CURVE('',#1270,#1278,#1280,.T.);
#1278 = VERTEX_POINT('',#1279);
#1279 = CARTESIAN_POINT('',(-3.570714214271,-65.38303429296,0.));
#1280 = LINE('',#1281,#1282);
#1281 = CARTESIAN_POINT('',(-3.570714214271,-65.38303429296,0.));
#1282 = VECTOR('',#1283,1.);
#1283 = DIRECTION('',(0.,0.,1.));
#1284 = ORIENTED_EDGE('',*,*,#1285,.F.);
#1285 = EDGE_CURVE('',#1286,#1278,#1288,.T.);
#1286 = VERTEX_POINT('',#1287);
#1287 = CARTESIAN_POINT('',(-56.01104035802,-65.38303429296,0.));
#1288 = LINE('',#1289,#1290);
#1289 = CARTESIAN_POINT('',(-59.58175457229,-65.38303429296,0.));
#1290 = VECTOR('',#1291,1.);
#1291 = DIRECTION('',(1.,0.,0.));
#1292 = ORIENTED_EDGE('',*,*,#1293,.F.);
#1293 = EDGE_CURVE('',#1220,#1286,#1294,.T.);
#1294 = LINE('',#1295,#1296);
#1295 = CARTESIAN_POINT('',(-56.01104035802,-65.38303429296,0.));
#1296 = VECTOR('',#1297,1.);
#1297 = DIRECTION('',(0.,0.,1.));
#1298 = FACE_BOUND('',#1299,.F.);
#1299 = EDGE_LOOP('',(#1300,#1301,#1302,#1303));
#1300 = ORIENTED_EDGE('',*,*,#587,.F.);
#1301 = ORIENTED_EDGE('',*,*,#661,.T.);
#1302 = ORIENTED_EDGE('',*,*,#636,.F.);
#1303 = ORIENTED_EDGE('',*,*,#612,.F.);
#1304 = FACE_BOUND('',#1305,.F.);
#1305 = EDGE_LOOP('',(#1306,#1307,#1308,#1309));
#1306 = ORIENTED_EDGE('',*,*,#685,.F.);
#1307 = ORIENTED_EDGE('',*,*,#759,.T.);
#1308 = ORIENTED_EDGE('',*,*,#734,.F.);
#1309 = ORIENTED_EDGE('',*,*,#710,.F.);
#1310 = PLANE('',#1311);
#1311 = AXIS2_PLACEMENT_3D('',#1312,#1313,#1314);
#1312 = CARTESIAN_POINT('',(-59.58175457229,-65.38303429296,0.));
#1313 = DIRECTION('',(0.,-1.,0.));
#1314 = DIRECTION('',(1.,0.,0.));
#1315 = ADVANCED_FACE('',(#1316),#1335,.F.);
#1316 = FACE_BOUND('',#1317,.F.);
#1317 = EDGE_LOOP('',(#1318,#1327,#1328,#1329));
#1318 = ORIENTED_EDGE('',*,*,#1319,.F.);
#1319 = EDGE_CURVE('',#1230,#1320,#1322,.T.);
#1320 = VERTEX_POINT('',#1321);
#1321 = CARTESIAN_POINT('',(65.383034292965,-61.88303429296,-28.));
#1322 = CIRCLE('',#1323,3.5);
#1323 = AXIS2_PLACEMENT_3D('',#1324,#1325,#1326);
#1324 = CARTESIAN_POINT('',(61.883034292965,-61.88303429296,-28.));
#1325 = DIRECTION('',(0.,0.,1.));
#1326 = DIRECTION('',(1.,0.,0.));
#1327 = ORIENTED_EDGE('',*,*,#1229,.T.);
#1328 = ORIENTED_EDGE('',*,*,#510,.T.);
#1329 = ORIENTED_EDGE('',*,*,#1330,.F.);
#1330 = EDGE_CURVE('',#1320,#511,#1331,.T.);
#1331 = LINE('',#1332,#1333);
#1332 = CARTESIAN_POINT('',(65.383034292965,-61.88303429296,0.));
#1333 = VECTOR('',#1334,1.);
#1334 = DIRECTION('',(-0.,-0.,-1.));
#1335 = CYLINDRICAL_SURFACE('',#1336,3.5);
#1336 = AXIS2_PLACEMENT_3D('',#1337,#1338,#1339);
#1337 = CARTESIAN_POINT('',(61.883034292965,-61.88303429296,0.));
#1338 = DIRECTION('',(0.,0.,1.));
#1339 = DIRECTION('',(1.,0.,0.));
#1340 = ADVANCED_FACE('',(#1341),#1391,.F.);
#1341 = FACE_BOUND('',#1342,.F.);
#1342 = EDGE_LOOP('',(#1343,#1351,#1352,#1353,#1361,#1369,#1377,#1385));
#1343 = ORIENTED_EDGE('',*,*,#1344,.T.);
#1344 = EDGE_CURVE('',#1345,#1320,#1347,.T.);
#1345 = VERTEX_POINT('',#1346);
#1346 = CARTESIAN_POINT('',(65.383034292965,-58.31232007869,-28.));
#1347 = LINE('',#1348,#1349);
#1348 = CARTESIAN_POINT('',(65.383034292965,-47.90042743437,-28.));
#1349 = VECTOR('',#1350,1.);
#1350 = DIRECTION('',(0.,-1.,0.));
#1351 = ORIENTED_EDGE('',*,*,#1330,.T.);
#1352 = ORIENTED_EDGE('',*,*,#519,.T.);
#1353 = ORIENTED_EDGE('',*,*,#1354,.F.);
#1354 = EDGE_CURVE('',#1355,#520,#1357,.T.);
#1355 = VERTEX_POINT('',#1356);
#1356 = CARTESIAN_POINT('',(65.383034292965,8.03,-28.));
#1357 = LINE('',#1358,#1359);
#1358 = CARTESIAN_POINT('',(65.383034292965,8.03,0.));
#1359 = VECTOR('',#1360,1.);
#1360 = DIRECTION('',(-0.,-0.,-1.));
#1361 = ORIENTED_EDGE('',*,*,#1362,.T.);
#1362 = EDGE_CURVE('',#1355,#1363,#1365,.T.);
#1363 = VERTEX_POINT('',#1364);
#1364 = CARTESIAN_POINT('',(65.383034292965,4.459285785729,-28.));
#1365 = LINE('',#1366,#1367);
#1366 = CARTESIAN_POINT('',(65.383034292965,-47.90042743437,-28.));
#1367 = VECTOR('',#1368,1.);
#1368 = DIRECTION('',(0.,-1.,0.));
#1369 = ORIENTED_EDGE('',*,*,#1370,.T.);
#1370 = EDGE_CURVE('',#1363,#1371,#1373,.T.);
#1371 = VERTEX_POINT('',#1372);
#1372 = CARTESIAN_POINT('',(65.383034292965,4.459285785728,0.));
#1373 = LINE('',#1374,#1375);
#1374 = CARTESIAN_POINT('',(65.383034292965,4.459285785729,0.));
#1375 = VECTOR('',#1376,1.);
#1376 = DIRECTION('',(0.,0.,1.));
#1377 = ORIENTED_EDGE('',*,*,#1378,.F.);
#1378 = EDGE_CURVE('',#1379,#1371,#1381,.T.);
#1379 = VERTEX_POINT('',#1380);
#1380 = CARTESIAN_POINT('',(65.383034292965,-58.31232007869,0.));
#1381 = LINE('',#1382,#1383);
#1382 = CARTESIAN_POINT('',(65.383034292965,-61.88303429296,0.));
#1383 = VECTOR('',#1384,1.);
#1384 = DIRECTION('',(0.,1.,0.));
#1385 = ORIENTED_EDGE('',*,*,#1386,.F.);
#1386 = EDGE_CURVE('',#1345,#1379,#1387,.T.);
#1387 = LINE('',#1388,#1389);
#1388 = CARTESIAN_POINT('',(65.383034292965,-58.31232007869,0.));
#1389 = VECTOR('',#1390,1.);
#1390 = DIRECTION('',(0.,0.,1.));
#1391 = PLANE('',#1392);
#1392 = AXIS2_PLACEMENT_3D('',#1393,#1394,#1395);
#1393 = CARTESIAN_POINT('',(65.383034292965,-61.88303429296,0.));
#1394 = DIRECTION('',(1.,0.,0.));
#1395 = DIRECTION('',(0.,1.,0.));
#1396 = ADVANCED_FACE('',(#1397),#1409,.F.);
#1397 = FACE_BOUND('',#1398,.F.);
#1398 = EDGE_LOOP('',(#1399,#1406,#1407,#1408));
#1399 = ORIENTED_EDGE('',*,*,#1400,.F.);
#1400 = EDGE_CURVE('',#1355,#1011,#1401,.T.);
#1401 = CIRCLE('',#1402,3.5);
#1402 = AXIS2_PLACEMENT_3D('',#1403,#1404,#1405);
#1403 = CARTESIAN_POINT('',(61.883034292965,8.03,-28.));
#1404 = DIRECTION('',(0.,0.,1.));
#1405 = DIRECTION('',(1.,0.,0.));
#1406 = ORIENTED_EDGE('',*,*,#1354,.T.);
#1407 = ORIENTED_EDGE('',*,*,#527,.T.);
#1408 = ORIENTED_EDGE('',*,*,#1018,.F.);
#1409 = CYLINDRICAL_SURFACE('',#1410,3.5);
#1410 = AXIS2_PLACEMENT_3D('',#1411,#1412,#1413);
#1411 = CARTESIAN_POINT('',(61.883034292965,8.03,0.));
#1412 = DIRECTION('',(0.,0.,1.));
#1413 = DIRECTION('',(1.,0.,0.));
#1414 = ADVANCED_FACE('',(#1415),#1431,.F.);
#1415 = FACE_BOUND('',#1416,.F.);
#1416 = EDGE_LOOP('',(#1417,#1418,#1424,#1425));
#1417 = ORIENTED_EDGE('',*,*,#786,.F.);
#1418 = ORIENTED_EDGE('',*,*,#1419,.T.);
#1419 = EDGE_CURVE('',#787,#1090,#1420,.T.);
#1420 = LINE('',#1421,#1422);
#1421 = CARTESIAN_POINT('',(-52.17175457229,17.03,-16.66));
#1422 = VECTOR('',#1423,1.);
#1423 = DIRECTION('',(-8.659560562355E-17,-1.,2.22044604925E-16));
#1424 = ORIENTED_EDGE('',*,*,#1089,.T.);
#1425 = ORIENTED_EDGE('',*,*,#1426,.F.);
#1426 = EDGE_CURVE('',#789,#1092,#1427,.T.);
#1427 = LINE('',#1428,#1429);
#1428 = CARTESIAN_POINT('',(-52.17175457229,17.03,-5.26));
#1429 = VECTOR('',#1430,1.);
#1430 = DIRECTION('',(-8.659560562355E-17,-1.,2.22044604925E-16));
#1431 = PLANE('',#1432);
#1432 = AXIS2_PLACEMENT_3D('',#1433,#1434,#1435);
#1433 = CARTESIAN_POINT('',(-52.17175457229,17.03,-16.66));
#1434 = DIRECTION('',(-1.,8.659560562355E-17,-8.659560562355E-17));
#1435 = DIRECTION('',(-8.659560562355E-17,2.22044604925E-16,1.));
#1436 = ADVANCED_FACE('',(#1437),#1448,.F.);
#1437 = FACE_BOUND('',#1438,.F.);
#1438 = EDGE_LOOP('',(#1439,#1440,#1446,#1447));
#1439 = ORIENTED_EDGE('',*,*,#796,.F.);
#1440 = ORIENTED_EDGE('',*,*,#1441,.T.);
#1441 = EDGE_CURVE('',#797,#1100,#1442,.T.);
#1442 = LINE('',#1443,#1444);
#1443 = CARTESIAN_POINT('',(-39.67175457229,17.03,-16.66));
#1444 = VECTOR('',#1445,1.);
#1445 = DIRECTION('',(-8.659560562355E-17,-1.,2.22044604925E-16));
#1446 = ORIENTED_EDGE('',*,*,#1099,.T.);
#1447 = ORIENTED_EDGE('',*,*,#1419,.F.);
#1448 = PLANE('',#1449);
#1449 = AXIS2_PLACEMENT_3D('',#1450,#1451,#1452);
#1450 = CARTESIAN_POINT('',(-39.67175457229,17.03,-16.66));
#1451 = DIRECTION('',(8.659560562355E-17,-2.22044604925E-16,-1.));
#1452 = DIRECTION('',(-1.,8.659560562355E-17,-8.659560562355E-17));
#1453 = ADVANCED_FACE('',(#1454),#1465,.F.);
#1454 = FACE_BOUND('',#1455,.F.);
#1455 = EDGE_LOOP('',(#1456,#1457,#1458,#1459));
#1456 = ORIENTED_EDGE('',*,*,#812,.F.);
#1457 = ORIENTED_EDGE('',*,*,#1426,.T.);
#1458 = ORIENTED_EDGE('',*,*,#1115,.T.);
#1459 = ORIENTED_EDGE('',*,*,#1460,.F.);
#1460 = EDGE_CURVE('',#805,#1108,#1461,.T.);
#1461 = LINE('',#1462,#1463);
#1462 = CARTESIAN_POINT('',(-39.67175457229,17.03,-5.26));
#1463 = VECTOR('',#1464,1.);
#1464 = DIRECTION('',(-8.659560562355E-17,-1.,2.22044604925E-16));
#1465 = PLANE('',#1466);
#1466 = AXIS2_PLACEMENT_3D('',#1467,#1468,#1469);
#1467 = CARTESIAN_POINT('',(-52.17175457229,17.03,-5.26));
#1468 = DIRECTION('',(-8.659560562355E-17,2.22044604925E-16,1.));
#1469 = DIRECTION('',(1.,-8.659560562355E-17,8.659560562355E-17));
#1470 = ADVANCED_FACE('',(#1471),#1477,.F.);
#1471 = FACE_BOUND('',#1472,.F.);
#1472 = EDGE_LOOP('',(#1473,#1474,#1475,#1476));
#1473 = ORIENTED_EDGE('',*,*,#804,.F.);
#1474 = ORIENTED_EDGE('',*,*,#1460,.T.);
#1475 = ORIENTED_EDGE('',*,*,#1107,.T.);
#1476 = ORIENTED_EDGE('',*,*,#1441,.F.);
#1477 = PLANE('',#1478);
#1478 = AXIS2_PLACEMENT_3D('',#1479,#1480,#1481);
#1479 = CARTESIAN_POINT('',(-39.67175457229,17.03,-5.26));
#1480 = DIRECTION('',(1.,-8.659560562355E-17,8.659560562355E-17));
#1481 = DIRECTION('',(8.659560562355E-17,-2.22044604925E-16,-1.));
#1482 = ADVANCED_FACE('',(#1483,#1573,#1584,#1595,#1606,#1617,#1680,
    #1691,#1702,#1713,#1724),#1753,.F.);
#1483 = FACE_BOUND('',#1484,.F.);
#1484 = EDGE_LOOP('',(#1485,#1494,#1495,#1504,#1511,#1512,#1521,#1528,
    #1529,#1530,#1531,#1532,#1539,#1540,#1549,#1556,#1557,#1566));
#1485 = ORIENTED_EDGE('',*,*,#1486,.T.);
#1486 = EDGE_CURVE('',#1487,#1379,#1489,.T.);
#1487 = VERTEX_POINT('',#1488);
#1488 = CARTESIAN_POINT('',(57.324621036033,-59.82855903659,
    3.663442666088E-15));
#1489 = CIRCLE('',#1490,5.);
#1490 = AXIS2_PLACEMENT_3D('',#1491,#1492,#1493);
#1491 = CARTESIAN_POINT('',(61.883034292965,-61.88303429296,0.));
#1492 = DIRECTION('',(0.,0.,-1.));
#1493 = DIRECTION('',(-1.,0.,0.));
#1494 = ORIENTED_EDGE('',*,*,#1378,.T.);
#1495 = ORIENTED_EDGE('',*,*,#1496,.T.);
#1496 = EDGE_CURVE('',#1371,#1497,#1499,.T.);
#1497 = VERTEX_POINT('',#1498);
#1498 = CARTESIAN_POINT('',(56.883034292965,8.03,0.));
#1499 = CIRCLE('',#1500,5.);
#1500 = AXIS2_PLACEMENT_3D('',#1501,#1502,#1503);
#1501 = CARTESIAN_POINT('',(61.883034292965,8.03,0.));
#1502 = DIRECTION('',(0.,0.,-1.));
#1503 = DIRECTION('',(-1.,0.,0.));
#1504 = ORIENTED_EDGE('',*,*,#1505,.T.);
#1505 = EDGE_CURVE('',#1497,#1074,#1506,.T.);
#1506 = CIRCLE('',#1507,5.);
#1507 = AXIS2_PLACEMENT_3D('',#1508,#1509,#1510);
#1508 = CARTESIAN_POINT('',(61.883034292965,8.03,0.));
#1509 = DIRECTION('',(0.,0.,-1.));
#1510 = DIRECTION('',(-1.,0.,0.));
#1511 = ORIENTED_EDGE('',*,*,#1073,.T.);
#1512 = ORIENTED_EDGE('',*,*,#1513,.T.);
#1513 = EDGE_CURVE('',#1066,#1514,#1516,.T.);
#1514 = VERTEX_POINT('',#1515);
#1515 = CARTESIAN_POINT('',(8.,8.03,0.));
#1516 = CIRCLE('',#1517,5.);
#1517 = AXIS2_PLACEMENT_3D('',#1518,#1519,#1520);
#1518 = CARTESIAN_POINT('',(13.,8.03,0.));
#1519 = DIRECTION('',(0.,0.,-1.));
#1520 = DIRECTION('',(-1.,0.,0.));
#1521 = ORIENTED_EDGE('',*,*,#1522,.T.);
#1522 = EDGE_CURVE('',#1514,#1042,#1523,.T.);
#1523 = CIRCLE('',#1524,5.);
#1524 = AXIS2_PLACEMENT_3D('',#1525,#1526,#1527);
#1525 = CARTESIAN_POINT('',(13.,8.03,0.));
#1526 = DIRECTION('',(0.,0.,-1.));
#1527 = DIRECTION('',(-1.,0.,0.));
#1528 = ORIENTED_EDGE('',*,*,#1041,.T.);
#1529 = ORIENTED_EDGE('',*,*,#1033,.T.);
#1530 = ORIENTED_EDGE('',*,*,#1139,.T.);
#1531 = ORIENTED_EDGE('',*,*,#1154,.T.);
#1532 = ORIENTED_EDGE('',*,*,#1533,.T.);
#1533 = EDGE_CURVE('',#1155,#1286,#1534,.T.);
#1534 = CIRCLE('',#1535,5.);
#1535 = AXIS2_PLACEMENT_3D('',#1536,#1537,#1538);
#1536 = CARTESIAN_POINT('',(-59.58175457229,-61.88303429296,0.));
#1537 = DIRECTION('',(0.,0.,-1.));
#1538 = DIRECTION('',(-1.,0.,0.));
#1539 = ORIENTED_EDGE('',*,*,#1285,.T.);
#1540 = ORIENTED_EDGE('',*,*,#1541,.T.);
#1541 = EDGE_CURVE('',#1278,#1542,#1544,.T.);
#1542 = VERTEX_POINT('',#1543);
#1543 = CARTESIAN_POINT('',(-5.,-61.88303429296,0.));
#1544 = CIRCLE('',#1545,5.);
#1545 = AXIS2_PLACEMENT_3D('',#1546,#1547,#1548);
#1546 = CARTESIAN_POINT('',(0.,-61.88303429296,0.));
#1547 = DIRECTION('',(0.,0.,-1.));
#1548 = DIRECTION('',(-1.,0.,0.));
#1549 = ORIENTED_EDGE('',*,*,#1550,.T.);
#1550 = EDGE_CURVE('',#1542,#1254,#1551,.T.);
#1551 = CIRCLE('',#1552,5.);
#1552 = AXIS2_PLACEMENT_3D('',#1553,#1554,#1555);
#1553 = CARTESIAN_POINT('',(0.,-61.88303429296,0.));
#1554 = DIRECTION('',(0.,0.,-1.));
#1555 = DIRECTION('',(-1.,0.,0.));
#1556 = ORIENTED_EDGE('',*,*,#1253,.T.);
#1557 = ORIENTED_EDGE('',*,*,#1558,.T.);
#1558 = EDGE_CURVE('',#1246,#1559,#1561,.T.);
#1559 = VERTEX_POINT('',#1560);
#1560 = CARTESIAN_POINT('',(56.996597842375,-62.94262799544,
    3.854124395227E-15));
#1561 = CIRCLE('',#1562,5.);
#1562 = AXIS2_PLACEMENT_3D('',#1563,#1564,#1565);
#1563 = CARTESIAN_POINT('',(61.883034292965,-61.88303429296,0.));
#1564 = DIRECTION('',(0.,0.,-1.));
#1565 = DIRECTION('',(-1.,0.,0.));
#1566 = ORIENTED_EDGE('',*,*,#1567,.T.);
#1567 = EDGE_CURVE('',#1559,#1487,#1568,.T.);
#1568 = CIRCLE('',#1569,4.);
#1569 = AXIS2_PLACEMENT_3D('',#1570,#1571,#1572);
#1570 = CARTESIAN_POINT('',(53.5,-61.,7.470345474799E-15));
#1571 = DIRECTION('',(0.,-1.224646799147E-16,-1.));
#1572 = DIRECTION('',(1.,0.,0.));
#1573 = FACE_BOUND('',#1574,.F.);
#1574 = EDGE_LOOP('',(#1575));
#1575 = ORIENTED_EDGE('',*,*,#1576,.F.);
#1576 = EDGE_CURVE('',#1577,#1577,#1579,.T.);
#1577 = VERTEX_POINT('',#1578);
#1578 = CARTESIAN_POINT('',(-39.44175457229,-56.92303429296,0.));
#1579 = CIRCLE('',#1580,4.);
#1580 = AXIS2_PLACEMENT_3D('',#1581,#1582,#1583);
#1581 = CARTESIAN_POINT('',(-43.44175457229,-56.92303429296,0.));
#1582 = DIRECTION('',(0.,0.,1.));
#1583 = DIRECTION('',(1.,0.,0.));
#1584 = FACE_BOUND('',#1585,.F.);
#1585 = EDGE_LOOP('',(#1586));
#1586 = ORIENTED_EDGE('',*,*,#1587,.F.);
#1587 = EDGE_CURVE('',#1588,#1588,#1590,.T.);
#1588 = VERTEX_POINT('',#1589);
#1589 = CARTESIAN_POINT('',(-11.50175457229,-56.92303429296,0.));
#1590 = CIRCLE('',#1591,4.);
#1591 = AXIS2_PLACEMENT_3D('',#1592,#1593,#1594);
#1592 = CARTESIAN_POINT('',(-15.50175457229,-56.92303429296,0.));
#1593 = DIRECTION('',(0.,0.,1.));
#1594 = DIRECTION('',(1.,0.,0.));
#1595 = FACE_BOUND('',#1596,.F.);
#1596 = EDGE_LOOP('',(#1597));
#1597 = ORIENTED_EDGE('',*,*,#1598,.T.);
#1598 = EDGE_CURVE('',#1599,#1599,#1601,.T.);
#1599 = VERTEX_POINT('',#1600);
#1600 = CARTESIAN_POINT('',(14.,-61.,7.470345474799E-15));
#1601 = CIRCLE('',#1602,4.);
#1602 = AXIS2_PLACEMENT_3D('',#1603,#1604,#1605);
#1603 = CARTESIAN_POINT('',(10.,-61.,7.470345474799E-15));
#1604 = DIRECTION('',(0.,-1.224646799147E-16,-1.));
#1605 = DIRECTION('',(1.,0.,0.));
#1606 = FACE_BOUND('',#1607,.F.);
#1607 = EDGE_LOOP('',(#1608));
#1608 = ORIENTED_EDGE('',*,*,#1609,.F.);
#1609 = EDGE_CURVE('',#1610,#1610,#1612,.T.);
#1610 = VERTEX_POINT('',#1611);
#1611 = CARTESIAN_POINT('',(-54.68175457229,-6.123034292965,0.));
#1612 = CIRCLE('',#1613,4.);
#1613 = AXIS2_PLACEMENT_3D('',#1614,#1615,#1616);
#1614 = CARTESIAN_POINT('',(-58.68175457229,-6.123034292965,0.));
#1615 = DIRECTION('',(0.,0.,1.));
#1616 = DIRECTION('',(1.,0.,0.));
#1617 = FACE_BOUND('',#1618,.F.);
#1618 = EDGE_LOOP('',(#1619,#1628,#1637,#1646,#1655,#1664,#1673));
#1619 = ORIENTED_EDGE('',*,*,#1620,.F.);
#1620 = EDGE_CURVE('',#1034,#1621,#1623,.T.);
#1621 = VERTEX_POINT('',#1622);
#1622 = CARTESIAN_POINT('',(-2.999668434096,8.4853985932,0.));
#1623 = CIRCLE('',#1624,3.);
#1624 = AXIS2_PLACEMENT_3D('',#1625,#1626,#1627);
#1625 = CARTESIAN_POINT('',(0.,8.53,0.));
#1626 = DIRECTION('',(0.,0.,1.));
#1627 = DIRECTION('',(1.,0.,0.));
#1628 = ORIENTED_EDGE('',*,*,#1629,.F.);
#1629 = EDGE_CURVE('',#1630,#1034,#1632,.T.);
#1630 = VERTEX_POINT('',#1631);
#1631 = CARTESIAN_POINT('',(3.,8.53,0.));
#1632 = CIRCLE('',#1633,3.);
#1633 = AXIS2_PLACEMENT_3D('',#1634,#1635,#1636);
#1634 = CARTESIAN_POINT('',(0.,8.53,0.));
#1635 = DIRECTION('',(0.,0.,1.));
#1636 = DIRECTION('',(1.,0.,0.));
#1637 = ORIENTED_EDGE('',*,*,#1638,.F.);
#1638 = EDGE_CURVE('',#1639,#1630,#1641,.T.);
#1639 = VERTEX_POINT('',#1640);
#1640 = CARTESIAN_POINT('',(2.999668434096,8.4853985932,0.));
#1641 = CIRCLE('',#1642,3.);
#1642 = AXIS2_PLACEMENT_3D('',#1643,#1644,#1645);
#1643 = CARTESIAN_POINT('',(0.,8.53,0.));
#1644 = DIRECTION('',(0.,0.,1.));
#1645 = DIRECTION('',(1.,0.,0.));
#1646 = ORIENTED_EDGE('',*,*,#1647,.F.);
#1647 = EDGE_CURVE('',#1648,#1639,#1650,.T.);
#1648 = VERTEX_POINT('',#1649);
#1649 = CARTESIAN_POINT('',(9.,0.,0.));
#1650 = CIRCLE('',#1651,9.);
#1651 = AXIS2_PLACEMENT_3D('',#1652,#1653,#1654);
#1652 = CARTESIAN_POINT('',(0.,0.,0.));
#1653 = DIRECTION('',(0.,0.,1.));
#1654 = DIRECTION('',(1.,0.,0.));
#1655 = ORIENTED_EDGE('',*,*,#1656,.F.);
#1656 = EDGE_CURVE('',#1657,#1648,#1659,.T.);
#1657 = VERTEX_POINT('',#1658);
#1658 = CARTESIAN_POINT('',(-6.620119899747,-6.097049492416,0.));
#1659 = CIRCLE('',#1660,9.);
#1660 = AXIS2_PLACEMENT_3D('',#1661,#1662,#1663);
#1661 = CARTESIAN_POINT('',(0.,0.,0.));
#1662 = DIRECTION('',(0.,0.,1.));
#1663 = DIRECTION('',(1.,0.,0.));
#1664 = ORIENTED_EDGE('',*,*,#1665,.F.);
#1665 = EDGE_CURVE('',#1666,#1657,#1668,.T.);
#1666 = VERTEX_POINT('',#1667);
#1667 = CARTESIAN_POINT('',(-8.927155857432,-1.142754696827,0.));
#1668 = CIRCLE('',#1669,4.);
#1669 = AXIS2_PLACEMENT_3D('',#1670,#1671,#1672);
#1670 = CARTESIAN_POINT('',(-10.42175457229,-4.853034292965,0.));
#1671 = DIRECTION('',(0.,0.,1.));
#1672 = DIRECTION('',(1.,0.,0.));
#1673 = ORIENTED_EDGE('',*,*,#1674,.F.);
#1674 = EDGE_CURVE('',#1621,#1666,#1675,.T.);
#1675 = CIRCLE('',#1676,9.);
#1676 = AXIS2_PLACEMENT_3D('',#1677,#1678,#1679);
#1677 = CARTESIAN_POINT('',(0.,0.,0.));
#1678 = DIRECTION('',(0.,0.,1.));
#1679 = DIRECTION('',(1.,0.,0.));
#1680 = FACE_BOUND('',#1681,.F.);
#1681 = EDGE_LOOP('',(#1682));
#1682 = ORIENTED_EDGE('',*,*,#1683,.T.);
#1683 = EDGE_CURVE('',#1684,#1684,#1686,.T.);
#1684 = VERTEX_POINT('',#1685);
#1685 = CARTESIAN_POINT('',(14.,-23.,2.816687638039E-15));
#1686 = CIRCLE('',#1687,4.);
#1687 = AXIS2_PLACEMENT_3D('',#1688,#1689,#1690);
#1688 = CARTESIAN_POINT('',(10.,-23.,2.816687638039E-15));
#1689 = DIRECTION('',(0.,-1.224646799147E-16,-1.));
#1690 = DIRECTION('',(1.,0.,0.));
#1691 = FACE_BOUND('',#1692,.F.);
#1692 = EDGE_LOOP('',(#1693));
#1693 = ORIENTED_EDGE('',*,*,#1694,.F.);
#1694 = EDGE_CURVE('',#1695,#1695,#1697,.T.);
#1695 = VERTEX_POINT('',#1696);
#1696 = CARTESIAN_POINT('',(3.,-19.72,0.));
#1697 = CIRCLE('',#1698,3.);
#1698 = AXIS2_PLACEMENT_3D('',#1699,#1700,#1701);
#1699 = CARTESIAN_POINT('',(0.,-19.72,0.));
#1700 = DIRECTION('',(0.,0.,1.));
#1701 = DIRECTION('',(1.,0.,0.));
#1702 = FACE_BOUND('',#1703,.F.);
#1703 = EDGE_LOOP('',(#1704));
#1704 = ORIENTED_EDGE('',*,*,#1705,.F.);
#1705 = EDGE_CURVE('',#1706,#1706,#1708,.T.);
#1706 = VERTEX_POINT('',#1707);
#1707 = CARTESIAN_POINT('',(37.941517146483,-17.25,0.));
#1708 = CIRCLE('',#1709,4.5);
#1709 = AXIS2_PLACEMENT_3D('',#1710,#1711,#1712);
#1710 = CARTESIAN_POINT('',(33.441517146483,-17.25,0.));
#1711 = DIRECTION('',(0.,0.,1.));
#1712 = DIRECTION('',(1.,0.,0.));
#1713 = FACE_BOUND('',#1714,.F.);
#1714 = EDGE_LOOP('',(#1715));
#1715 = ORIENTED_EDGE('',*,*,#1716,.T.);
#1716 = EDGE_CURVE('',#1717,#1717,#1719,.T.);
#1717 = VERTEX_POINT('',#1718);
#1718 = CARTESIAN_POINT('',(57.5,-23.,2.816687638039E-15));
#1719 = CIRCLE('',#1720,4.);
#1720 = AXIS2_PLACEMENT_3D('',#1721,#1722,#1723);
#1721 = CARTESIAN_POINT('',(53.5,-23.,2.816687638039E-15));
#1722 = DIRECTION('',(0.,-1.224646799147E-16,-1.));
#1723 = DIRECTION('',(1.,0.,0.));
#1724 = FACE_BOUND('',#1725,.F.);
#1725 = EDGE_LOOP('',(#1726,#1727,#1728,#1736,#1744,#1750,#1751,#1752));
#1726 = ORIENTED_EDGE('',*,*,#872,.F.);
#1727 = ORIENTED_EDGE('',*,*,#896,.F.);
#1728 = ORIENTED_EDGE('',*,*,#1729,.F.);
#1729 = EDGE_CURVE('',#1730,#897,#1732,.T.);
#1730 = VERTEX_POINT('',#1731);
#1731 = CARTESIAN_POINT('',(25.941517146483,9.3,0.));
#1732 = LINE('',#1733,#1734);
#1733 = CARTESIAN_POINT('',(25.941517146483,9.3,0.));
#1734 = VECTOR('',#1735,1.);
#1735 = DIRECTION('',(0.,-1.,0.));
#1736 = ORIENTED_EDGE('',*,*,#1737,.F.);
#1737 = EDGE_CURVE('',#1738,#1730,#1740,.T.);
#1738 = VERTEX_POINT('',#1739);
#1739 = CARTESIAN_POINT('',(40.941517146483,9.3,0.));
#1740 = LINE('',#1741,#1742);
#1741 = CARTESIAN_POINT('',(40.941517146483,9.3,0.));
#1742 = VECTOR('',#1743,1.);
#1743 = DIRECTION('',(-1.,0.,0.));
#1744 = ORIENTED_EDGE('',*,*,#1745,.F.);
#1745 = EDGE_CURVE('',#921,#1738,#1746,.T.);
#1746 = LINE('',#1747,#1748);
#1747 = CARTESIAN_POINT('',(40.941517146483,6.5,0.));
#1748 = VECTOR('',#1749,1.);
#1749 = DIRECTION('',(0.,1.,0.));
#1750 = ORIENTED_EDGE('',*,*,#928,.F.);
#1751 = ORIENTED_EDGE('',*,*,#952,.F.);
#1752 = ORIENTED_EDGE('',*,*,#969,.F.);
#1753 = PLANE('',#1754);
#1754 = AXIS2_PLACEMENT_3D('',#1755,#1756,#1757);
#1755 = CARTESIAN_POINT('',(3.02677818586,1.566664999705,0.));
#1756 = DIRECTION('',(0.,0.,1.));
#1757 = DIRECTION('',(1.,0.,0.));
#1758 = ADVANCED_FACE('',(#1759),#1777,.T.);
#1759 = FACE_BOUND('',#1760,.T.);
#1760 = EDGE_LOOP('',(#1761,#1769,#1775,#1776));
#1761 = ORIENTED_EDGE('',*,*,#1762,.T.);
#1762 = EDGE_CURVE('',#1730,#1763,#1765,.T.);
#1763 = VERTEX_POINT('',#1764);
#1764 = CARTESIAN_POINT('',(25.941517146483,9.3,-5.));
#1765 = LINE('',#1766,#1767);
#1766 = CARTESIAN_POINT('',(25.941517146483,9.3,0.));
#1767 = VECTOR('',#1768,1.);
#1768 = DIRECTION('',(-0.,-0.,-1.));
#1769 = ORIENTED_EDGE('',*,*,#1770,.T.);
#1770 = EDGE_CURVE('',#1763,#905,#1771,.T.);
#1771 = LINE('',#1772,#1773);
#1772 = CARTESIAN_POINT('',(25.941517146483,9.3,-5.));
#1773 = VECTOR('',#1774,1.);
#1774 = DIRECTION('',(0.,-1.,0.));
#1775 = ORIENTED_EDGE('',*,*,#904,.F.);
#1776 = ORIENTED_EDGE('',*,*,#1729,.F.);
#1777 = PLANE('',#1778);
#1778 = AXIS2_PLACEMENT_3D('',#1779,#1780,#1781);
#1779 = CARTESIAN_POINT('',(25.941517146483,9.3,0.));
#1780 = DIRECTION('',(-1.,0.,0.));
#1781 = DIRECTION('',(0.,-1.,0.));
#1782 = ADVANCED_FACE('',(#1783),#1801,.F.);
#1783 = FACE_BOUND('',#1784,.F.);
#1784 = EDGE_LOOP('',(#1785,#1793,#1794,#1795));
#1785 = ORIENTED_EDGE('',*,*,#1786,.T.);
#1786 = EDGE_CURVE('',#1787,#1763,#1789,.T.);
#1787 = VERTEX_POINT('',#1788);
#1788 = CARTESIAN_POINT('',(40.941517146483,9.3,-5.));
#1789 = LINE('',#1790,#1791);
#1790 = CARTESIAN_POINT('',(40.941517146483,9.3,-5.));
#1791 = VECTOR('',#1792,1.);
#1792 = DIRECTION('',(-1.,0.,0.));
#1793 = ORIENTED_EDGE('',*,*,#1770,.T.);
#1794 = ORIENTED_EDGE('',*,*,#912,.T.);
#1795 = ORIENTED_EDGE('',*,*,#1796,.T.);
#1796 = EDGE_CURVE('',#913,#1787,#1797,.T.);
#1797 = LINE('',#1798,#1799);
#1798 = CARTESIAN_POINT('',(40.941517146483,6.5,-5.));
#1799 = VECTOR('',#1800,1.);
#1800 = DIRECTION('',(0.,1.,0.));
#1801 = PLANE('',#1802);
#1802 = AXIS2_PLACEMENT_3D('',#1803,#1804,#1805);
#1803 = CARTESIAN_POINT('',(33.441517146483,-2.070291136201,-5.));
#1804 = DIRECTION('',(0.,0.,1.));
#1805 = DIRECTION('',(1.,0.,0.));
#1806 = ADVANCED_FACE('',(#1807),#1818,.T.);
#1807 = FACE_BOUND('',#1808,.T.);
#1808 = EDGE_LOOP('',(#1809,#1810,#1811,#1817));
#1809 = ORIENTED_EDGE('',*,*,#920,.T.);
#1810 = ORIENTED_EDGE('',*,*,#1796,.T.);
#1811 = ORIENTED_EDGE('',*,*,#1812,.F.);
#1812 = EDGE_CURVE('',#1738,#1787,#1813,.T.);
#1813 = LINE('',#1814,#1815);
#1814 = CARTESIAN_POINT('',(40.941517146483,9.3,0.));
#1815 = VECTOR('',#1816,1.);
#1816 = DIRECTION('',(-0.,-0.,-1.));
#1817 = ORIENTED_EDGE('',*,*,#1745,.F.);
#1818 = PLANE('',#1819);
#1819 = AXIS2_PLACEMENT_3D('',#1820,#1821,#1822);
#1820 = CARTESIAN_POINT('',(40.941517146483,6.5,0.));
#1821 = DIRECTION('',(1.,0.,0.));
#1822 = DIRECTION('',(0.,1.,0.));
#1823 = ADVANCED_FACE('',(#1824,#1853),#1856,.F.);
#1824 = FACE_BOUND('',#1825,.F.);
#1825 = EDGE_LOOP('',(#1826,#1837,#1846));
#1826 = ORIENTED_EDGE('',*,*,#1827,.T.);
#1827 = EDGE_CURVE('',#1828,#1830,#1832,.T.);
#1828 = VERTEX_POINT('',#1829);
#1829 = CARTESIAN_POINT('',(-2.999668434096,8.4853985932,1.5));
#1830 = VERTEX_POINT('',#1831);
#1831 = CARTESIAN_POINT('',(9.,0.,1.5));
#1832 = CIRCLE('',#1833,9.);
#1833 = AXIS2_PLACEMENT_3D('',#1834,#1835,#1836);
#1834 = CARTESIAN_POINT('',(0.,0.,1.5));
#1835 = DIRECTION('',(0.,0.,1.));
#1836 = DIRECTION('',(1.,0.,0.));
#1837 = ORIENTED_EDGE('',*,*,#1838,.T.);
#1838 = EDGE_CURVE('',#1830,#1839,#1841,.T.);
#1839 = VERTEX_POINT('',#1840);
#1840 = CARTESIAN_POINT('',(2.999668434096,8.4853985932,1.5));
#1841 = CIRCLE('',#1842,9.);
#1842 = AXIS2_PLACEMENT_3D('',#1843,#1844,#1845);
#1843 = CARTESIAN_POINT('',(0.,0.,1.5));
#1844 = DIRECTION('',(0.,0.,1.));
#1845 = DIRECTION('',(1.,0.,0.));
#1846 = ORIENTED_EDGE('',*,*,#1847,.F.);
#1847 = EDGE_CURVE('',#1828,#1839,#1848,.T.);
#1848 = CIRCLE('',#1849,3.);
#1849 = AXIS2_PLACEMENT_3D('',#1850,#1851,#1852);
#1850 = CARTESIAN_POINT('',(0.,8.53,1.5));
#1851 = DIRECTION('',(0.,0.,1.));
#1852 = DIRECTION('',(1.,0.,0.));
#1853 = FACE_BOUND('',#1854,.F.);
#1854 = EDGE_LOOP('',(#1855));
#1855 = ORIENTED_EDGE('',*,*,#983,.T.);
#1856 = PLANE('',#1857);
#1857 = AXIS2_PLACEMENT_3D('',#1858,#1859,#1860);
#1858 = CARTESIAN_POINT('',(-3.038755850088E-16,2.403571302733E-16,1.5)
  );
#1859 = DIRECTION('',(0.,0.,1.));
#1860 = DIRECTION('',(1.,0.,0.));
#1861 = ADVANCED_FACE('',(#1862,#1883),#1894,.F.);
#1862 = FACE_BOUND('',#1863,.F.);
#1863 = EDGE_LOOP('',(#1864,#1865,#1874,#1881,#1882));
#1864 = ORIENTED_EDGE('',*,*,#1008,.F.);
#1865 = ORIENTED_EDGE('',*,*,#1866,.F.);
#1866 = EDGE_CURVE('',#1867,#1009,#1869,.T.);
#1867 = VERTEX_POINT('',#1868);
#1868 = CARTESIAN_POINT('',(56.883034292965,8.03,-28.));
#1869 = CIRCLE('',#1870,5.);
#1870 = AXIS2_PLACEMENT_3D('',#1871,#1872,#1873);
#1871 = CARTESIAN_POINT('',(61.883034292965,8.03,-28.));
#1872 = DIRECTION('',(0.,0.,-1.));
#1873 = DIRECTION('',(-1.,0.,0.));
#1874 = ORIENTED_EDGE('',*,*,#1875,.F.);
#1875 = EDGE_CURVE('',#1363,#1867,#1876,.T.);
#1876 = CIRCLE('',#1877,5.);
#1877 = AXIS2_PLACEMENT_3D('',#1878,#1879,#1880);
#1878 = CARTESIAN_POINT('',(61.883034292965,8.03,-28.));
#1879 = DIRECTION('',(0.,0.,-1.));
#1880 = DIRECTION('',(-1.,0.,0.));
#1881 = ORIENTED_EDGE('',*,*,#1362,.F.);
#1882 = ORIENTED_EDGE('',*,*,#1400,.T.);
#1883 = FACE_BOUND('',#1884,.F.);
#1884 = EDGE_LOOP('',(#1885));
#1885 = ORIENTED_EDGE('',*,*,#1886,.T.);
#1886 = EDGE_CURVE('',#1887,#1887,#1889,.T.);
#1887 = VERTEX_POINT('',#1888);
#1888 = CARTESIAN_POINT('',(59.883034292965,8.03,-28.));
#1889 = CIRCLE('',#1890,2.);
#1890 = AXIS2_PLACEMENT_3D('',#1891,#1892,#1893);
#1891 = CARTESIAN_POINT('',(61.883034292965,8.03,-28.));
#1892 = DIRECTION('',(0.,0.,-1.));
#1893 = DIRECTION('',(-1.,0.,0.));
#1894 = PLANE('',#1895);
#1895 = AXIS2_PLACEMENT_3D('',#1896,#1897,#1898);
#1896 = CARTESIAN_POINT('',(15.436862802727,-33.91782057577,-28.));
#1897 = DIRECTION('',(0.,0.,1.));
#1898 = DIRECTION('',(1.,0.,0.));
#1899 = ADVANCED_FACE('',(#1900),#1908,.T.);
#1900 = FACE_BOUND('',#1901,.F.);
#1901 = EDGE_LOOP('',(#1902,#1903,#1904,#1905,#1906,#1907));
#1902 = ORIENTED_EDGE('',*,*,#1370,.F.);
#1903 = ORIENTED_EDGE('',*,*,#1875,.T.);
#1904 = ORIENTED_EDGE('',*,*,#1866,.T.);
#1905 = ORIENTED_EDGE('',*,*,#1081,.T.);
#1906 = ORIENTED_EDGE('',*,*,#1505,.F.);
#1907 = ORIENTED_EDGE('',*,*,#1496,.F.);
#1908 = CYLINDRICAL_SURFACE('',#1909,5.);
#1909 = AXIS2_PLACEMENT_3D('',#1910,#1911,#1912);
#1910 = CARTESIAN_POINT('',(61.883034292965,8.03,0.));
#1911 = DIRECTION('',(0.,0.,1.));
#1912 = DIRECTION('',(-1.,0.,0.));
#1913 = ADVANCED_FACE('',(#1914),#1936,.T.);
#1914 = FACE_BOUND('',#1915,.F.);
#1915 = EDGE_LOOP('',(#1916,#1917,#1918,#1919,#1920,#1929));
#1916 = ORIENTED_EDGE('',*,*,#1049,.T.);
#1917 = ORIENTED_EDGE('',*,*,#1522,.F.);
#1918 = ORIENTED_EDGE('',*,*,#1513,.F.);
#1919 = ORIENTED_EDGE('',*,*,#1065,.F.);
#1920 = ORIENTED_EDGE('',*,*,#1921,.T.);
#1921 = EDGE_CURVE('',#1058,#1922,#1924,.T.);
#1922 = VERTEX_POINT('',#1923);
#1923 = CARTESIAN_POINT('',(8.,8.03,-28.));
#1924 = CIRCLE('',#1925,5.);
#1925 = AXIS2_PLACEMENT_3D('',#1926,#1927,#1928);
#1926 = CARTESIAN_POINT('',(13.,8.03,-28.));
#1927 = DIRECTION('',(0.,0.,-1.));
#1928 = DIRECTION('',(-1.,0.,0.));
#1929 = ORIENTED_EDGE('',*,*,#1930,.T.);
#1930 = EDGE_CURVE('',#1922,#1050,#1931,.T.);
#1931 = CIRCLE('',#1932,5.);
#1932 = AXIS2_PLACEMENT_3D('',#1933,#1934,#1935);
#1933 = CARTESIAN_POINT('',(13.,8.03,-28.));
#1934 = DIRECTION('',(0.,0.,-1.));
#1935 = DIRECTION('',(-1.,0.,0.));
#1936 = CYLINDRICAL_SURFACE('',#1937,5.);
#1937 = AXIS2_PLACEMENT_3D('',#1938,#1939,#1940);
#1938 = CARTESIAN_POINT('',(13.,8.03,0.));
#1939 = DIRECTION('',(0.,0.,1.));
#1940 = DIRECTION('',(-1.,0.,0.));
#1941 = ADVANCED_FACE('',(#1942,#1947),#1958,.F.);
#1942 = FACE_BOUND('',#1943,.F.);
#1943 = EDGE_LOOP('',(#1944,#1945,#1946));
#1944 = ORIENTED_EDGE('',*,*,#1930,.F.);
#1945 = ORIENTED_EDGE('',*,*,#1921,.F.);
#1946 = ORIENTED_EDGE('',*,*,#1057,.F.);
#1947 = FACE_BOUND('',#1948,.F.);
#1948 = EDGE_LOOP('',(#1949));
#1949 = ORIENTED_EDGE('',*,*,#1950,.T.);
#1950 = EDGE_CURVE('',#1951,#1951,#1953,.T.);
#1951 = VERTEX_POINT('',#1952);
#1952 = CARTESIAN_POINT('',(11.,8.03,-28.));
#1953 = CIRCLE('',#1954,2.);
#1954 = AXIS2_PLACEMENT_3D('',#1955,#1956,#1957);
#1955 = CARTESIAN_POINT('',(13.,8.03,-28.));
#1956 = DIRECTION('',(0.,0.,-1.));
#1957 = DIRECTION('',(-1.,0.,0.));
#1958 = PLANE('',#1959);
#1959 = AXIS2_PLACEMENT_3D('',#1960,#1961,#1962);
#1960 = CARTESIAN_POINT('',(15.436862802727,-33.91782057577,-28.));
#1961 = DIRECTION('',(0.,0.,1.));
#1962 = DIRECTION('',(1.,0.,0.));
#1963 = ADVANCED_FACE('',(#1964),#1976,.T.);
#1964 = FACE_BOUND('',#1965,.F.);
#1965 = EDGE_LOOP('',(#1966,#1967,#1968,#1975));
#1966 = ORIENTED_EDGE('',*,*,#1533,.F.);
#1967 = ORIENTED_EDGE('',*,*,#1180,.F.);
#1968 = ORIENTED_EDGE('',*,*,#1969,.T.);
#1969 = EDGE_CURVE('',#1173,#1220,#1970,.T.);
#1970 = CIRCLE('',#1971,5.);
#1971 = AXIS2_PLACEMENT_3D('',#1972,#1973,#1974);
#1972 = CARTESIAN_POINT('',(-59.58175457229,-61.88303429296,-28.));
#1973 = DIRECTION('',(0.,0.,-1.));
#1974 = DIRECTION('',(-1.,0.,0.));
#1975 = ORIENTED_EDGE('',*,*,#1293,.T.);
#1976 = CYLINDRICAL_SURFACE('',#1977,5.);
#1977 = AXIS2_PLACEMENT_3D('',#1978,#1979,#1980);
#1978 = CARTESIAN_POINT('',(-59.58175457229,-61.88303429296,0.));
#1979 = DIRECTION('',(0.,0.,1.));
#1980 = DIRECTION('',(-1.,0.,0.));
#1981 = ADVANCED_FACE('',(#1982,#1988),#1999,.F.);
#1982 = FACE_BOUND('',#1983,.F.);
#1983 = EDGE_LOOP('',(#1984,#1985,#1986,#1987));
#1984 = ORIENTED_EDGE('',*,*,#1219,.F.);
#1985 = ORIENTED_EDGE('',*,*,#1969,.F.);
#1986 = ORIENTED_EDGE('',*,*,#1172,.F.);
#1987 = ORIENTED_EDGE('',*,*,#1194,.T.);
#1988 = FACE_BOUND('',#1989,.F.);
#1989 = EDGE_LOOP('',(#1990));
#1990 = ORIENTED_EDGE('',*,*,#1991,.T.);
#1991 = EDGE_CURVE('',#1992,#1992,#1994,.T.);
#1992 = VERTEX_POINT('',#1993);
#1993 = CARTESIAN_POINT('',(-61.58175457229,-61.88303429296,-28.));
#1994 = CIRCLE('',#1995,2.);
#1995 = AXIS2_PLACEMENT_3D('',#1996,#1997,#1998);
#1996 = CARTESIAN_POINT('',(-59.58175457229,-61.88303429296,-28.));
#1997 = DIRECTION('',(0.,0.,-1.));
#1998 = DIRECTION('',(-1.,0.,0.));
#1999 = PLANE('',#2000);
#2000 = AXIS2_PLACEMENT_3D('',#2001,#2002,#2003);
#2001 = CARTESIAN_POINT('',(15.436862802727,-33.91782057577,-28.));
#2002 = DIRECTION('',(0.,0.,1.));
#2003 = DIRECTION('',(1.,0.,0.));
#2004 = ADVANCED_FACE('',(#2005),#2027,.T.);
#2005 = FACE_BOUND('',#2006,.F.);
#2006 = EDGE_LOOP('',(#2007,#2008,#2009,#2010,#2011,#2020));
#2007 = ORIENTED_EDGE('',*,*,#1261,.T.);
#2008 = ORIENTED_EDGE('',*,*,#1550,.F.);
#2009 = ORIENTED_EDGE('',*,*,#1541,.F.);
#2010 = ORIENTED_EDGE('',*,*,#1277,.F.);
#2011 = ORIENTED_EDGE('',*,*,#2012,.T.);
#2012 = EDGE_CURVE('',#1270,#2013,#2015,.T.);
#2013 = VERTEX_POINT('',#2014);
#2014 = CARTESIAN_POINT('',(-5.,-61.88303429296,-28.));
#2015 = CIRCLE('',#2016,5.);
#2016 = AXIS2_PLACEMENT_3D('',#2017,#2018,#2019);
#2017 = CARTESIAN_POINT('',(0.,-61.88303429296,-28.));
#2018 = DIRECTION('',(0.,0.,-1.));
#2019 = DIRECTION('',(-1.,0.,0.));
#2020 = ORIENTED_EDGE('',*,*,#2021,.T.);
#2021 = EDGE_CURVE('',#2013,#1262,#2022,.T.);
#2022 = CIRCLE('',#2023,5.);
#2023 = AXIS2_PLACEMENT_3D('',#2024,#2025,#2026);
#2024 = CARTESIAN_POINT('',(0.,-61.88303429296,-28.));
#2025 = DIRECTION('',(0.,0.,-1.));
#2026 = DIRECTION('',(-1.,0.,0.));
#2027 = CYLINDRICAL_SURFACE('',#2028,5.);
#2028 = AXIS2_PLACEMENT_3D('',#2029,#2030,#2031);
#2029 = CARTESIAN_POINT('',(0.,-61.88303429296,0.));
#2030 = DIRECTION('',(0.,0.,1.));
#2031 = DIRECTION('',(-1.,0.,0.));
#2032 = ADVANCED_FACE('',(#2033,#2038),#2049,.F.);
#2033 = FACE_BOUND('',#2034,.F.);
#2034 = EDGE_LOOP('',(#2035,#2036,#2037));
#2035 = ORIENTED_EDGE('',*,*,#2021,.F.);
#2036 = ORIENTED_EDGE('',*,*,#2012,.F.);
#2037 = ORIENTED_EDGE('',*,*,#1269,.F.);
#2038 = FACE_BOUND('',#2039,.F.);
#2039 = EDGE_LOOP('',(#2040));
#2040 = ORIENTED_EDGE('',*,*,#2041,.T.);
#2041 = EDGE_CURVE('',#2042,#2042,#2044,.T.);
#2042 = VERTEX_POINT('',#2043);
#2043 = CARTESIAN_POINT('',(-2.,-61.88303429296,-28.));
#2044 = CIRCLE('',#2045,2.);
#2045 = AXIS2_PLACEMENT_3D('',#2046,#2047,#2048);
#2046 = CARTESIAN_POINT('',(0.,-61.88303429296,-28.));
#2047 = DIRECTION('',(0.,0.,-1.));
#2048 = DIRECTION('',(-1.,0.,0.));
#2049 = PLANE('',#2050);
#2050 = AXIS2_PLACEMENT_3D('',#2051,#2052,#2053);
#2051 = CARTESIAN_POINT('',(15.436862802727,-33.91782057577,-28.));
#2052 = DIRECTION('',(0.,0.,1.));
#2053 = DIRECTION('',(1.,0.,0.));
#2054 = ADVANCED_FACE('',(#2055,#2076),#2087,.F.);
#2055 = FACE_BOUND('',#2056,.F.);
#2056 = EDGE_LOOP('',(#2057,#2058,#2067,#2074,#2075));
#2057 = ORIENTED_EDGE('',*,*,#1344,.F.);
#2058 = ORIENTED_EDGE('',*,*,#2059,.F.);
#2059 = EDGE_CURVE('',#2060,#1345,#2062,.T.);
#2060 = VERTEX_POINT('',#2061);
#2061 = CARTESIAN_POINT('',(56.883034292965,-61.88303429296,-28.));
#2062 = CIRCLE('',#2063,5.);
#2063 = AXIS2_PLACEMENT_3D('',#2064,#2065,#2066);
#2064 = CARTESIAN_POINT('',(61.883034292965,-61.88303429296,-28.));
#2065 = DIRECTION('',(0.,0.,-1.));
#2066 = DIRECTION('',(-1.,0.,0.));
#2067 = ORIENTED_EDGE('',*,*,#2068,.F.);
#2068 = EDGE_CURVE('',#1238,#2060,#2069,.T.);
#2069 = CIRCLE('',#2070,5.);
#2070 = AXIS2_PLACEMENT_3D('',#2071,#2072,#2073);
#2071 = CARTESIAN_POINT('',(61.883034292965,-61.88303429296,-28.));
#2072 = DIRECTION('',(0.,0.,-1.));
#2073 = DIRECTION('',(-1.,0.,0.));
#2074 = ORIENTED_EDGE('',*,*,#1237,.F.);
#2075 = ORIENTED_EDGE('',*,*,#1319,.T.);
#2076 = FACE_BOUND('',#2077,.F.);
#2077 = EDGE_LOOP('',(#2078));
#2078 = ORIENTED_EDGE('',*,*,#2079,.T.);
#2079 = EDGE_CURVE('',#2080,#2080,#2082,.T.);
#2080 = VERTEX_POINT('',#2081);
#2081 = CARTESIAN_POINT('',(59.883034292965,-61.88303429296,-28.));
#2082 = CIRCLE('',#2083,2.);
#2083 = AXIS2_PLACEMENT_3D('',#2084,#2085,#2086);
#2084 = CARTESIAN_POINT('',(61.883034292965,-61.88303429296,-28.));
#2085 = DIRECTION('',(0.,0.,-1.));
#2086 = DIRECTION('',(-1.,0.,0.));
#2087 = PLANE('',#2088);
#2088 = AXIS2_PLACEMENT_3D('',#2089,#2090,#2091);
#2089 = CARTESIAN_POINT('',(15.436862802727,-33.91782057577,-28.));
#2090 = DIRECTION('',(0.,0.,1.));
#2091 = DIRECTION('',(1.,0.,0.));
#2092 = ADVANCED_FACE('',(#2093),#2133,.T.);
#2093 = FACE_BOUND('',#2094,.F.);
#2094 = EDGE_LOOP('',(#2095,#2096,#2097,#2105,#2114,#2123,#2129,#2130,
    #2131,#2132));
#2095 = ORIENTED_EDGE('',*,*,#1386,.T.);
#2096 = ORIENTED_EDGE('',*,*,#1486,.F.);
#2097 = ORIENTED_EDGE('',*,*,#2098,.F.);
#2098 = EDGE_CURVE('',#2099,#1487,#2101,.T.);
#2099 = VERTEX_POINT('',#2100);
#2100 = CARTESIAN_POINT('',(57.324621036033,-59.82855903659,-4.));
#2101 = LINE('',#2102,#2103);
#2102 = CARTESIAN_POINT('',(57.324621036033,-59.82855903659,
    7.326885332177E-15));
#2103 = VECTOR('',#2104,1.);
#2104 = DIRECTION('',(0.,1.224646799147E-16,1.));
#2105 = ORIENTED_EDGE('',*,*,#2106,.T.);
#2106 = EDGE_CURVE('',#2099,#2107,#2109,.T.);
#2107 = VERTEX_POINT('',#2108);
#2108 = CARTESIAN_POINT('',(56.883034292965,-61.88303429296,-4.));
#2109 = CIRCLE('',#2110,5.);
#2110 = AXIS2_PLACEMENT_3D('',#2111,#2112,#2113);
#2111 = CARTESIAN_POINT('',(61.883034292965,-61.88303429296,-4.));
#2112 = DIRECTION('',(0.,-0.,1.));
#2113 = DIRECTION('',(-1.,0.,0.));
#2114 = ORIENTED_EDGE('',*,*,#2115,.T.);
#2115 = EDGE_CURVE('',#2107,#2116,#2118,.T.);
#2116 = VERTEX_POINT('',#2117);
#2117 = CARTESIAN_POINT('',(56.996597842375,-62.94262799544,-4.));
#2118 = CIRCLE('',#2119,5.);
#2119 = AXIS2_PLACEMENT_3D('',#2120,#2121,#2122);
#2120 = CARTESIAN_POINT('',(61.883034292965,-61.88303429296,-4.));
#2121 = DIRECTION('',(0.,-0.,1.));
#2122 = DIRECTION('',(-1.,0.,0.));
#2123 = ORIENTED_EDGE('',*,*,#2124,.T.);
#2124 = EDGE_CURVE('',#2116,#1559,#2125,.T.);
#2125 = LINE('',#2126,#2127);
#2126 = CARTESIAN_POINT('',(56.996597842375,-62.94262799544,
    7.708248790455E-15));
#2127 = VECTOR('',#2128,1.);
#2128 = DIRECTION('',(0.,1.224646799147E-16,1.));
#2129 = ORIENTED_EDGE('',*,*,#1558,.F.);
#2130 = ORIENTED_EDGE('',*,*,#1245,.F.);
#2131 = ORIENTED_EDGE('',*,*,#2068,.T.);
#2132 = ORIENTED_EDGE('',*,*,#2059,.T.);
#2133 = CYLINDRICAL_SURFACE('',#2134,5.);
#2134 = AXIS2_PLACEMENT_3D('',#2135,#2136,#2137);
#2135 = CARTESIAN_POINT('',(61.883034292965,-61.88303429296,0.));
#2136 = DIRECTION('',(0.,0.,1.));
#2137 = DIRECTION('',(-1.,0.,0.));
#2138 = ADVANCED_FACE('',(#2139),#2151,.T.);
#2139 = FACE_BOUND('',#2140,.F.);
#2140 = EDGE_LOOP('',(#2141,#2142,#2143,#2150));
#2141 = ORIENTED_EDGE('',*,*,#1567,.F.);
#2142 = ORIENTED_EDGE('',*,*,#2124,.F.);
#2143 = ORIENTED_EDGE('',*,*,#2144,.T.);
#2144 = EDGE_CURVE('',#2116,#2099,#2145,.T.);
#2145 = CIRCLE('',#2146,4.);
#2146 = AXIS2_PLACEMENT_3D('',#2147,#2148,#2149);
#2147 = CARTESIAN_POINT('',(53.5,-61.,-4.));
#2148 = DIRECTION('',(0.,-1.224646799147E-16,-1.));
#2149 = DIRECTION('',(1.,0.,0.));
#2150 = ORIENTED_EDGE('',*,*,#2098,.T.);
#2151 = CYLINDRICAL_SURFACE('',#2152,4.);
#2152 = AXIS2_PLACEMENT_3D('',#2153,#2154,#2155);
#2153 = CARTESIAN_POINT('',(53.5,-61.,7.470345474799E-15));
#2154 = DIRECTION('',(0.,1.224646799147E-16,1.));
#2155 = DIRECTION('',(1.,0.,0.));
#2156 = ADVANCED_FACE('',(#2157),#2176,.T.);
#2157 = FACE_BOUND('',#2158,.T.);
#2158 = EDGE_LOOP('',(#2159,#2167,#2174,#2175));
#2159 = ORIENTED_EDGE('',*,*,#2160,.T.);
#2160 = EDGE_CURVE('',#1577,#2161,#2163,.T.);
#2161 = VERTEX_POINT('',#2162);
#2162 = CARTESIAN_POINT('',(-39.44175457229,-56.92303429296,-4.));
#2163 = LINE('',#2164,#2165);
#2164 = CARTESIAN_POINT('',(-39.44175457229,-56.92303429296,0.));
#2165 = VECTOR('',#2166,1.);
#2166 = DIRECTION('',(-0.,-0.,-1.));
#2167 = ORIENTED_EDGE('',*,*,#2168,.T.);
#2168 = EDGE_CURVE('',#2161,#2161,#2169,.T.);
#2169 = CIRCLE('',#2170,4.);
#2170 = AXIS2_PLACEMENT_3D('',#2171,#2172,#2173);
#2171 = CARTESIAN_POINT('',(-43.44175457229,-56.92303429296,-4.));
#2172 = DIRECTION('',(0.,0.,1.));
#2173 = DIRECTION('',(1.,0.,0.));
#2174 = ORIENTED_EDGE('',*,*,#2160,.F.);
#2175 = ORIENTED_EDGE('',*,*,#1576,.F.);
#2176 = CYLINDRICAL_SURFACE('',#2177,4.);
#2177 = AXIS2_PLACEMENT_3D('',#2178,#2179,#2180);
#2178 = CARTESIAN_POINT('',(-43.44175457229,-56.92303429296,0.));
#2179 = DIRECTION('',(0.,0.,1.));
#2180 = DIRECTION('',(1.,0.,0.));
#2181 = ADVANCED_FACE('',(#2182),#2201,.T.);
#2182 = FACE_BOUND('',#2183,.T.);
#2183 = EDGE_LOOP('',(#2184,#2192,#2199,#2200));
#2184 = ORIENTED_EDGE('',*,*,#2185,.T.);
#2185 = EDGE_CURVE('',#1588,#2186,#2188,.T.);
#2186 = VERTEX_POINT('',#2187);
#2187 = CARTESIAN_POINT('',(-11.50175457229,-56.92303429296,-4.));
#2188 = LINE('',#2189,#2190);
#2189 = CARTESIAN_POINT('',(-11.50175457229,-56.92303429296,0.));
#2190 = VECTOR('',#2191,1.);
#2191 = DIRECTION('',(-0.,-0.,-1.));
#2192 = ORIENTED_EDGE('',*,*,#2193,.T.);
#2193 = EDGE_CURVE('',#2186,#2186,#2194,.T.);
#2194 = CIRCLE('',#2195,4.);
#2195 = AXIS2_PLACEMENT_3D('',#2196,#2197,#2198);
#2196 = CARTESIAN_POINT('',(-15.50175457229,-56.92303429296,-4.));
#2197 = DIRECTION('',(0.,0.,1.));
#2198 = DIRECTION('',(1.,0.,0.));
#2199 = ORIENTED_EDGE('',*,*,#2185,.F.);
#2200 = ORIENTED_EDGE('',*,*,#1587,.F.);
#2201 = CYLINDRICAL_SURFACE('',#2202,4.);
#2202 = AXIS2_PLACEMENT_3D('',#2203,#2204,#2205);
#2203 = CARTESIAN_POINT('',(-15.50175457229,-56.92303429296,0.));
#2204 = DIRECTION('',(0.,0.,1.));
#2205 = DIRECTION('',(1.,0.,0.));
#2206 = ADVANCED_FACE('',(#2207),#2226,.T.);
#2207 = FACE_BOUND('',#2208,.F.);
#2208 = EDGE_LOOP('',(#2209,#2217,#2224,#2225));
#2209 = ORIENTED_EDGE('',*,*,#2210,.T.);
#2210 = EDGE_CURVE('',#1599,#2211,#2213,.T.);
#2211 = VERTEX_POINT('',#2212);
#2212 = CARTESIAN_POINT('',(14.,-61.,-4.));
#2213 = LINE('',#2214,#2215);
#2214 = CARTESIAN_POINT('',(14.,-61.,7.470345474799E-15));
#2215 = VECTOR('',#2216,1.);
#2216 = DIRECTION('',(0.,-1.224646799147E-16,-1.));
#2217 = ORIENTED_EDGE('',*,*,#2218,.T.);
#2218 = EDGE_CURVE('',#2211,#2211,#2219,.T.);
#2219 = CIRCLE('',#2220,4.);
#2220 = AXIS2_PLACEMENT_3D('',#2221,#2222,#2223);
#2221 = CARTESIAN_POINT('',(10.,-61.,-4.));
#2222 = DIRECTION('',(0.,-1.224646799147E-16,-1.));
#2223 = DIRECTION('',(1.,0.,0.));
#2224 = ORIENTED_EDGE('',*,*,#2210,.F.);
#2225 = ORIENTED_EDGE('',*,*,#1598,.F.);
#2226 = CYLINDRICAL_SURFACE('',#2227,4.);
#2227 = AXIS2_PLACEMENT_3D('',#2228,#2229,#2230);
#2228 = CARTESIAN_POINT('',(10.,-61.,7.470345474799E-15));
#2229 = DIRECTION('',(0.,1.224646799147E-16,1.));
#2230 = DIRECTION('',(1.,0.,0.));
#2231 = ADVANCED_FACE('',(#2232),#2251,.T.);
#2232 = FACE_BOUND('',#2233,.T.);
#2233 = EDGE_LOOP('',(#2234,#2242,#2249,#2250));
#2234 = ORIENTED_EDGE('',*,*,#2235,.T.);
#2235 = EDGE_CURVE('',#1610,#2236,#2238,.T.);
#2236 = VERTEX_POINT('',#2237);
#2237 = CARTESIAN_POINT('',(-54.68175457229,-6.123034292965,-4.));
#2238 = LINE('',#2239,#2240);
#2239 = CARTESIAN_POINT('',(-54.68175457229,-6.123034292965,0.));
#2240 = VECTOR('',#2241,1.);
#2241 = DIRECTION('',(-0.,-0.,-1.));
#2242 = ORIENTED_EDGE('',*,*,#2243,.T.);
#2243 = EDGE_CURVE('',#2236,#2236,#2244,.T.);
#2244 = CIRCLE('',#2245,4.);
#2245 = AXIS2_PLACEMENT_3D('',#2246,#2247,#2248);
#2246 = CARTESIAN_POINT('',(-58.68175457229,-6.123034292965,-4.));
#2247 = DIRECTION('',(0.,0.,1.));
#2248 = DIRECTION('',(1.,0.,0.));
#2249 = ORIENTED_EDGE('',*,*,#2235,.F.);
#2250 = ORIENTED_EDGE('',*,*,#1609,.F.);
#2251 = CYLINDRICAL_SURFACE('',#2252,4.);
#2252 = AXIS2_PLACEMENT_3D('',#2253,#2254,#2255);
#2253 = CARTESIAN_POINT('',(-58.68175457229,-6.123034292965,0.));
#2254 = DIRECTION('',(0.,0.,1.));
#2255 = DIRECTION('',(1.,0.,0.));
#2256 = ADVANCED_FACE('',(#2257),#2299,.T.);
#2257 = FACE_BOUND('',#2258,.T.);
#2258 = EDGE_LOOP('',(#2259,#2260,#2267,#2276,#2283,#2284,#2285,#2291,
    #2292,#2298));
#2259 = ORIENTED_EDGE('',*,*,#1629,.F.);
#2260 = ORIENTED_EDGE('',*,*,#2261,.F.);
#2261 = EDGE_CURVE('',#2262,#1630,#2264,.T.);
#2262 = VERTEX_POINT('',#2263);
#2263 = CARTESIAN_POINT('',(3.,8.53,-6.75));
#2264 = B_SPLINE_CURVE_WITH_KNOTS('',1,(#2265,#2266),.UNSPECIFIED.,.F.,
  .F.,(2,2),(-8.75,-2.),.PIECEWISE_BEZIER_KNOTS.);
#2265 = CARTESIAN_POINT('',(3.,8.53,-6.75));
#2266 = CARTESIAN_POINT('',(3.,8.53,0.));
#2267 = ORIENTED_EDGE('',*,*,#2268,.T.);
#2268 = EDGE_CURVE('',#2262,#2269,#2271,.T.);
#2269 = VERTEX_POINT('',#2270);
#2270 = CARTESIAN_POINT('',(1.836970198721E-16,11.53,-6.75));
#2271 = CIRCLE('',#2272,3.);
#2272 = AXIS2_PLACEMENT_3D('',#2273,#2274,#2275);
#2273 = CARTESIAN_POINT('',(0.,8.53,-6.75));
#2274 = DIRECTION('',(0.,0.,1.));
#2275 = DIRECTION('',(1.,0.,0.));
#2276 = ORIENTED_EDGE('',*,*,#2277,.T.);
#2277 = EDGE_CURVE('',#2269,#2262,#2278,.T.);
#2278 = CIRCLE('',#2279,3.);
#2279 = AXIS2_PLACEMENT_3D('',#2280,#2281,#2282);
#2280 = CARTESIAN_POINT('',(0.,8.53,-6.75));
#2281 = DIRECTION('',(0.,0.,1.));
#2282 = DIRECTION('',(1.,0.,0.));
#2283 = ORIENTED_EDGE('',*,*,#2261,.T.);
#2284 = ORIENTED_EDGE('',*,*,#1638,.F.);
#2285 = ORIENTED_EDGE('',*,*,#2286,.F.);
#2286 = EDGE_CURVE('',#1839,#1639,#2287,.T.);
#2287 = LINE('',#2288,#2289);
#2288 = CARTESIAN_POINT('',(2.999668434096,8.4853985932,0.));
#2289 = VECTOR('',#2290,1.);
#2290 = DIRECTION('',(-0.,-0.,-1.));
#2291 = ORIENTED_EDGE('',*,*,#1847,.F.);
#2292 = ORIENTED_EDGE('',*,*,#2293,.T.);
#2293 = EDGE_CURVE('',#1828,#1621,#2294,.T.);
#2294 = LINE('',#2295,#2296);
#2295 = CARTESIAN_POINT('',(-2.999668434096,8.4853985932,0.));
#2296 = VECTOR('',#2297,1.);
#2297 = DIRECTION('',(-0.,-0.,-1.));
#2298 = ORIENTED_EDGE('',*,*,#1620,.F.);
#2299 = CYLINDRICAL_SURFACE('',#2300,3.);
#2300 = AXIS2_PLACEMENT_3D('',#2301,#2302,#2303);
#2301 = CARTESIAN_POINT('',(0.,8.53,2.));
#2302 = DIRECTION('',(0.,0.,1.));
#2303 = DIRECTION('',(1.,0.,0.));
#2304 = ADVANCED_FACE('',(#2305),#2321,.F.);
#2305 = FACE_BOUND('',#2306,.T.);
#2306 = EDGE_LOOP('',(#2307,#2308,#2315,#2316,#2317,#2318,#2319,#2320));
#2307 = ORIENTED_EDGE('',*,*,#1656,.F.);
#2308 = ORIENTED_EDGE('',*,*,#2309,.F.);
#2309 = EDGE_CURVE('',#1666,#1657,#2310,.T.);
#2310 = CIRCLE('',#2311,9.);
#2311 = AXIS2_PLACEMENT_3D('',#2312,#2313,#2314);
#2312 = CARTESIAN_POINT('',(0.,0.,0.));
#2313 = DIRECTION('',(0.,0.,1.));
#2314 = DIRECTION('',(1.,0.,0.));
#2315 = ORIENTED_EDGE('',*,*,#1674,.F.);
#2316 = ORIENTED_EDGE('',*,*,#2293,.F.);
#2317 = ORIENTED_EDGE('',*,*,#1827,.T.);
#2318 = ORIENTED_EDGE('',*,*,#1838,.T.);
#2319 = ORIENTED_EDGE('',*,*,#2286,.T.);
#2320 = ORIENTED_EDGE('',*,*,#1647,.F.);
#2321 = CYLINDRICAL_SURFACE('',#2322,9.);
#2322 = AXIS2_PLACEMENT_3D('',#2323,#2324,#2325);
#2323 = CARTESIAN_POINT('',(0.,0.,0.));
#2324 = DIRECTION('',(-0.,-0.,-1.));
#2325 = DIRECTION('',(1.,0.,0.));
#2326 = ADVANCED_FACE('',(#2327),#2362,.T.);
#2327 = FACE_BOUND('',#2328,.T.);
#2328 = EDGE_LOOP('',(#2329,#2338,#2346,#2353,#2354,#2361));
#2329 = ORIENTED_EDGE('',*,*,#2330,.F.);
#2330 = EDGE_CURVE('',#2331,#1666,#2333,.T.);
#2331 = VERTEX_POINT('',#2332);
#2332 = CARTESIAN_POINT('',(-6.421754572297,-4.853034292965,0.));
#2333 = CIRCLE('',#2334,4.);
#2334 = AXIS2_PLACEMENT_3D('',#2335,#2336,#2337);
#2335 = CARTESIAN_POINT('',(-10.42175457229,-4.853034292965,0.));
#2336 = DIRECTION('',(0.,0.,1.));
#2337 = DIRECTION('',(1.,0.,0.));
#2338 = ORIENTED_EDGE('',*,*,#2339,.T.);
#2339 = EDGE_CURVE('',#2331,#2340,#2342,.T.);
#2340 = VERTEX_POINT('',#2341);
#2341 = CARTESIAN_POINT('',(-6.421754572297,-4.853034292965,-4.));
#2342 = LINE('',#2343,#2344);
#2343 = CARTESIAN_POINT('',(-6.421754572297,-4.853034292965,0.));
#2344 = VECTOR('',#2345,1.);
#2345 = DIRECTION('',(-0.,-0.,-1.));
#2346 = ORIENTED_EDGE('',*,*,#2347,.T.);
#2347 = EDGE_CURVE('',#2340,#2340,#2348,.T.);
#2348 = CIRCLE('',#2349,4.);
#2349 = AXIS2_PLACEMENT_3D('',#2350,#2351,#2352);
#2350 = CARTESIAN_POINT('',(-10.42175457229,-4.853034292965,-4.));
#2351 = DIRECTION('',(0.,0.,1.));
#2352 = DIRECTION('',(1.,0.,0.));
#2353 = ORIENTED_EDGE('',*,*,#2339,.F.);
#2354 = ORIENTED_EDGE('',*,*,#2355,.F.);
#2355 = EDGE_CURVE('',#1657,#2331,#2356,.T.);
#2356 = CIRCLE('',#2357,4.);
#2357 = AXIS2_PLACEMENT_3D('',#2358,#2359,#2360);
#2358 = CARTESIAN_POINT('',(-10.42175457229,-4.853034292965,0.));
#2359 = DIRECTION('',(0.,0.,1.));
#2360 = DIRECTION('',(1.,0.,0.));
#2361 = ORIENTED_EDGE('',*,*,#1665,.F.);
#2362 = CYLINDRICAL_SURFACE('',#2363,4.);
#2363 = AXIS2_PLACEMENT_3D('',#2364,#2365,#2366);
#2364 = CARTESIAN_POINT('',(-10.42175457229,-4.853034292965,0.));
#2365 = DIRECTION('',(0.,0.,1.));
#2366 = DIRECTION('',(1.,0.,0.));
#2367 = ADVANCED_FACE('',(#2368),#2387,.T.);
#2368 = FACE_BOUND('',#2369,.F.);
#2369 = EDGE_LOOP('',(#2370,#2378,#2385,#2386));
#2370 = ORIENTED_EDGE('',*,*,#2371,.T.);
#2371 = EDGE_CURVE('',#1684,#2372,#2374,.T.);
#2372 = VERTEX_POINT('',#2373);
#2373 = CARTESIAN_POINT('',(14.,-23.,-4.));
#2374 = LINE('',#2375,#2376);
#2375 = CARTESIAN_POINT('',(14.,-23.,2.816687638039E-15));
#2376 = VECTOR('',#2377,1.);
#2377 = DIRECTION('',(0.,-1.224646799147E-16,-1.));
#2378 = ORIENTED_EDGE('',*,*,#2379,.T.);
#2379 = EDGE_CURVE('',#2372,#2372,#2380,.T.);
#2380 = CIRCLE('',#2381,4.);
#2381 = AXIS2_PLACEMENT_3D('',#2382,#2383,#2384);
#2382 = CARTESIAN_POINT('',(10.,-23.,-4.));
#2383 = DIRECTION('',(0.,-1.224646799147E-16,-1.));
#2384 = DIRECTION('',(1.,0.,0.));
#2385 = ORIENTED_EDGE('',*,*,#2371,.F.);
#2386 = ORIENTED_EDGE('',*,*,#1683,.F.);
#2387 = CYLINDRICAL_SURFACE('',#2388,4.);
#2388 = AXIS2_PLACEMENT_3D('',#2389,#2390,#2391);
#2389 = CARTESIAN_POINT('',(10.,-23.,2.816687638039E-15));
#2390 = DIRECTION('',(0.,1.224646799147E-16,1.));
#2391 = DIRECTION('',(1.,0.,0.));
#2392 = ADVANCED_FACE('',(#2393),#2412,.T.);
#2393 = FACE_BOUND('',#2394,.T.);
#2394 = EDGE_LOOP('',(#2395,#2396,#2404,#2411));
#2395 = ORIENTED_EDGE('',*,*,#1694,.F.);
#2396 = ORIENTED_EDGE('',*,*,#2397,.T.);
#2397 = EDGE_CURVE('',#1695,#2398,#2400,.T.);
#2398 = VERTEX_POINT('',#2399);
#2399 = CARTESIAN_POINT('',(3.,-19.72,-6.75));
#2400 = LINE('',#2401,#2402);
#2401 = CARTESIAN_POINT('',(3.,-19.72,2.));
#2402 = VECTOR('',#2403,1.);
#2403 = DIRECTION('',(-0.,-0.,-1.));
#2404 = ORIENTED_EDGE('',*,*,#2405,.T.);
#2405 = EDGE_CURVE('',#2398,#2398,#2406,.T.);
#2406 = CIRCLE('',#2407,3.);
#2407 = AXIS2_PLACEMENT_3D('',#2408,#2409,#2410);
#2408 = CARTESIAN_POINT('',(0.,-19.72,-6.75));
#2409 = DIRECTION('',(0.,0.,1.));
#2410 = DIRECTION('',(1.,0.,0.));
#2411 = ORIENTED_EDGE('',*,*,#2397,.F.);
#2412 = CYLINDRICAL_SURFACE('',#2413,3.);
#2413 = AXIS2_PLACEMENT_3D('',#2414,#2415,#2416);
#2414 = CARTESIAN_POINT('',(0.,-19.72,2.));
#2415 = DIRECTION('',(0.,0.,1.));
#2416 = DIRECTION('',(1.,0.,0.));
#2417 = ADVANCED_FACE('',(#2418),#2437,.T.);
#2418 = FACE_BOUND('',#2419,.T.);
#2419 = EDGE_LOOP('',(#2420,#2428,#2435,#2436));
#2420 = ORIENTED_EDGE('',*,*,#2421,.T.);
#2421 = EDGE_CURVE('',#1706,#2422,#2424,.T.);
#2422 = VERTEX_POINT('',#2423);
#2423 = CARTESIAN_POINT('',(37.941517146483,-17.25,-5.));
#2424 = LINE('',#2425,#2426);
#2425 = CARTESIAN_POINT('',(37.941517146483,-17.25,0.));
#2426 = VECTOR('',#2427,1.);
#2427 = DIRECTION('',(-0.,-0.,-1.));
#2428 = ORIENTED_EDGE('',*,*,#2429,.T.);
#2429 = EDGE_CURVE('',#2422,#2422,#2430,.T.);
#2430 = CIRCLE('',#2431,4.5);
#2431 = AXIS2_PLACEMENT_3D('',#2432,#2433,#2434);
#2432 = CARTESIAN_POINT('',(33.441517146483,-17.25,-5.));
#2433 = DIRECTION('',(0.,0.,1.));
#2434 = DIRECTION('',(1.,0.,0.));
#2435 = ORIENTED_EDGE('',*,*,#2421,.F.);
#2436 = ORIENTED_EDGE('',*,*,#1705,.F.);
#2437 = CYLINDRICAL_SURFACE('',#2438,4.5);
#2438 = AXIS2_PLACEMENT_3D('',#2439,#2440,#2441);
#2439 = CARTESIAN_POINT('',(33.441517146483,-17.25,0.));
#2440 = DIRECTION('',(0.,0.,1.));
#2441 = DIRECTION('',(1.,0.,0.));
#2442 = ADVANCED_FACE('',(#2443),#2462,.T.);
#2443 = FACE_BOUND('',#2444,.F.);
#2444 = EDGE_LOOP('',(#2445,#2453,#2460,#2461));
#2445 = ORIENTED_EDGE('',*,*,#2446,.T.);
#2446 = EDGE_CURVE('',#1717,#2447,#2449,.T.);
#2447 = VERTEX_POINT('',#2448);
#2448 = CARTESIAN_POINT('',(57.5,-23.,-4.));
#2449 = LINE('',#2450,#2451);
#2450 = CARTESIAN_POINT('',(57.5,-23.,2.816687638039E-15));
#2451 = VECTOR('',#2452,1.);
#2452 = DIRECTION('',(0.,-1.224646799147E-16,-1.));
#2453 = ORIENTED_EDGE('',*,*,#2454,.T.);
#2454 = EDGE_CURVE('',#2447,#2447,#2455,.T.);
#2455 = CIRCLE('',#2456,4.);
#2456 = AXIS2_PLACEMENT_3D('',#2457,#2458,#2459);
#2457 = CARTESIAN_POINT('',(53.5,-23.,-4.));
#2458 = DIRECTION('',(0.,-1.224646799147E-16,-1.));
#2459 = DIRECTION('',(1.,0.,0.));
#2460 = ORIENTED_EDGE('',*,*,#2446,.F.);
#2461 = ORIENTED_EDGE('',*,*,#1716,.F.);
#2462 = CYLINDRICAL_SURFACE('',#2463,4.);
#2463 = AXIS2_PLACEMENT_3D('',#2464,#2465,#2466);
#2464 = CARTESIAN_POINT('',(53.5,-23.,2.816687638039E-15));
#2465 = DIRECTION('',(0.,1.224646799147E-16,1.));
#2466 = DIRECTION('',(1.,0.,0.));
#2467 = ADVANCED_FACE('',(#2468),#2474,.T.);
#2468 = FACE_BOUND('',#2469,.T.);
#2469 = EDGE_LOOP('',(#2470,#2471,#2472,#2473));
#2470 = ORIENTED_EDGE('',*,*,#1812,.T.);
#2471 = ORIENTED_EDGE('',*,*,#1786,.T.);
#2472 = ORIENTED_EDGE('',*,*,#1762,.F.);
#2473 = ORIENTED_EDGE('',*,*,#1737,.F.);
#2474 = PLANE('',#2475);
#2475 = AXIS2_PLACEMENT_3D('',#2476,#2477,#2478);
#2476 = CARTESIAN_POINT('',(40.941517146483,9.3,0.));
#2477 = DIRECTION('',(0.,1.,0.));
#2478 = DIRECTION('',(-1.,0.,0.));
#2479 = ADVANCED_FACE('',(#2480),#2499,.F.);
#2480 = FACE_BOUND('',#2481,.T.);
#2481 = EDGE_LOOP('',(#2482,#2490,#2491,#2492));
#2482 = ORIENTED_EDGE('',*,*,#2483,.F.);
#2483 = EDGE_CURVE('',#1887,#2484,#2486,.T.);
#2484 = VERTEX_POINT('',#2485);
#2485 = CARTESIAN_POINT('',(59.883034292965,8.03,-10.));
#2486 = LINE('',#2487,#2488);
#2487 = CARTESIAN_POINT('',(59.883034292965,8.03,-28.));
#2488 = VECTOR('',#2489,1.);
#2489 = DIRECTION('',(6.167905692362E-17,0.,1.));
#2490 = ORIENTED_EDGE('',*,*,#1886,.T.);
#2491 = ORIENTED_EDGE('',*,*,#2483,.T.);
#2492 = ORIENTED_EDGE('',*,*,#2493,.F.);
#2493 = EDGE_CURVE('',#2484,#2484,#2494,.T.);
#2494 = CIRCLE('',#2495,2.);
#2495 = AXIS2_PLACEMENT_3D('',#2496,#2497,#2498);
#2496 = CARTESIAN_POINT('',(61.883034292965,8.03,-10.));
#2497 = DIRECTION('',(0.,0.,-1.));
#2498 = DIRECTION('',(-1.,0.,0.));
#2499 = CYLINDRICAL_SURFACE('',#2500,2.);
#2500 = AXIS2_PLACEMENT_3D('',#2501,#2502,#2503);
#2501 = CARTESIAN_POINT('',(61.883034292965,8.03,-28.));
#2502 = DIRECTION('',(0.,0.,1.));
#2503 = DIRECTION('',(-1.,0.,0.));
#2504 = ADVANCED_FACE('',(#2505),#2524,.F.);
#2505 = FACE_BOUND('',#2506,.T.);
#2506 = EDGE_LOOP('',(#2507,#2515,#2516,#2517));
#2507 = ORIENTED_EDGE('',*,*,#2508,.F.);
#2508 = EDGE_CURVE('',#1951,#2509,#2511,.T.);
#2509 = VERTEX_POINT('',#2510);
#2510 = CARTESIAN_POINT('',(11.,8.03,-10.));
#2511 = LINE('',#2512,#2513);
#2512 = CARTESIAN_POINT('',(11.,8.03,-28.));
#2513 = VECTOR('',#2514,1.);
#2514 = DIRECTION('',(6.167905692362E-17,0.,1.));
#2515 = ORIENTED_EDGE('',*,*,#1950,.T.);
#2516 = ORIENTED_EDGE('',*,*,#2508,.T.);
#2517 = ORIENTED_EDGE('',*,*,#2518,.F.);
#2518 = EDGE_CURVE('',#2509,#2509,#2519,.T.);
#2519 = CIRCLE('',#2520,2.);
#2520 = AXIS2_PLACEMENT_3D('',#2521,#2522,#2523);
#2521 = CARTESIAN_POINT('',(13.,8.03,-10.));
#2522 = DIRECTION('',(0.,0.,-1.));
#2523 = DIRECTION('',(-1.,0.,0.));
#2524 = CYLINDRICAL_SURFACE('',#2525,2.);
#2525 = AXIS2_PLACEMENT_3D('',#2526,#2527,#2528);
#2526 = CARTESIAN_POINT('',(13.,8.03,-28.));
#2527 = DIRECTION('',(0.,0.,1.));
#2528 = DIRECTION('',(-1.,0.,0.));
#2529 = ADVANCED_FACE('',(#2530),#2549,.F.);
#2530 = FACE_BOUND('',#2531,.T.);
#2531 = EDGE_LOOP('',(#2532,#2540,#2541,#2542));
#2532 = ORIENTED_EDGE('',*,*,#2533,.F.);
#2533 = EDGE_CURVE('',#1992,#2534,#2536,.T.);
#2534 = VERTEX_POINT('',#2535);
#2535 = CARTESIAN_POINT('',(-61.58175457229,-61.88303429296,-10.));
#2536 = LINE('',#2537,#2538);
#2537 = CARTESIAN_POINT('',(-61.58175457229,-61.88303429296,-28.));
#2538 = VECTOR('',#2539,1.);
#2539 = DIRECTION('',(6.167905692362E-17,0.,1.));
#2540 = ORIENTED_EDGE('',*,*,#1991,.T.);
#2541 = ORIENTED_EDGE('',*,*,#2533,.T.);
#2542 = ORIENTED_EDGE('',*,*,#2543,.F.);
#2543 = EDGE_CURVE('',#2534,#2534,#2544,.T.);
#2544 = CIRCLE('',#2545,2.);
#2545 = AXIS2_PLACEMENT_3D('',#2546,#2547,#2548);
#2546 = CARTESIAN_POINT('',(-59.58175457229,-61.88303429296,-10.));
#2547 = DIRECTION('',(0.,0.,-1.));
#2548 = DIRECTION('',(-1.,0.,0.));
#2549 = CYLINDRICAL_SURFACE('',#2550,2.);
#2550 = AXIS2_PLACEMENT_3D('',#2551,#2552,#2553);
#2551 = CARTESIAN_POINT('',(-59.58175457229,-61.88303429296,-28.));
#2552 = DIRECTION('',(0.,0.,1.));
#2553 = DIRECTION('',(-1.,0.,0.));
#2554 = ADVANCED_FACE('',(#2555),#2574,.F.);
#2555 = FACE_BOUND('',#2556,.T.);
#2556 = EDGE_LOOP('',(#2557,#2565,#2566,#2567));
#2557 = ORIENTED_EDGE('',*,*,#2558,.F.);
#2558 = EDGE_CURVE('',#2042,#2559,#2561,.T.);
#2559 = VERTEX_POINT('',#2560);
#2560 = CARTESIAN_POINT('',(-2.,-61.88303429296,-10.));
#2561 = LINE('',#2562,#2563);
#2562 = CARTESIAN_POINT('',(-2.,-61.88303429296,-28.));
#2563 = VECTOR('',#2564,1.);
#2564 = DIRECTION('',(6.167905692362E-17,0.,1.));
#2565 = ORIENTED_EDGE('',*,*,#2041,.T.);
#2566 = ORIENTED_EDGE('',*,*,#2558,.T.);
#2567 = ORIENTED_EDGE('',*,*,#2568,.F.);
#2568 = EDGE_CURVE('',#2559,#2559,#2569,.T.);
#2569 = CIRCLE('',#2570,2.);
#2570 = AXIS2_PLACEMENT_3D('',#2571,#2572,#2573);
#2571 = CARTESIAN_POINT('',(0.,-61.88303429296,-10.));
#2572 = DIRECTION('',(0.,0.,-1.));
#2573 = DIRECTION('',(-1.,0.,0.));
#2574 = CYLINDRICAL_SURFACE('',#2575,2.);
#2575 = AXIS2_PLACEMENT_3D('',#2576,#2577,#2578);
#2576 = CARTESIAN_POINT('',(0.,-61.88303429296,-28.));
#2577 = DIRECTION('',(0.,0.,1.));
#2578 = DIRECTION('',(-1.,0.,0.));
#2579 = ADVANCED_FACE('',(#2580),#2599,.F.);
#2580 = FACE_BOUND('',#2581,.T.);
#2581 = EDGE_LOOP('',(#2582,#2590,#2591,#2592));
#2582 = ORIENTED_EDGE('',*,*,#2583,.F.);
#2583 = EDGE_CURVE('',#2080,#2584,#2586,.T.);
#2584 = VERTEX_POINT('',#2585);
#2585 = CARTESIAN_POINT('',(59.883034292965,-61.88303429296,-10.));
#2586 = LINE('',#2587,#2588);
#2587 = CARTESIAN_POINT('',(59.883034292965,-61.88303429296,-28.));
#2588 = VECTOR('',#2589,1.);
#2589 = DIRECTION('',(6.167905692362E-17,0.,1.));
#2590 = ORIENTED_EDGE('',*,*,#2079,.T.);
#2591 = ORIENTED_EDGE('',*,*,#2583,.T.);
#2592 = ORIENTED_EDGE('',*,*,#2593,.F.);
#2593 = EDGE_CURVE('',#2584,#2584,#2594,.T.);
#2594 = CIRCLE('',#2595,2.);
#2595 = AXIS2_PLACEMENT_3D('',#2596,#2597,#2598);
#2596 = CARTESIAN_POINT('',(61.883034292965,-61.88303429296,-10.));
#2597 = DIRECTION('',(0.,0.,-1.));
#2598 = DIRECTION('',(-1.,0.,0.));
#2599 = CYLINDRICAL_SURFACE('',#2600,2.);
#2600 = AXIS2_PLACEMENT_3D('',#2601,#2602,#2603);
#2601 = CARTESIAN_POINT('',(61.883034292965,-61.88303429296,-28.));
#2602 = DIRECTION('',(0.,0.,1.));
#2603 = DIRECTION('',(-1.,0.,0.));
#2604 = ADVANCED_FACE('',(#2605,#2610),#2621,.F.);
#2605 = FACE_BOUND('',#2606,.F.);
#2606 = EDGE_LOOP('',(#2607,#2608,#2609));
#2607 = ORIENTED_EDGE('',*,*,#2144,.F.);
#2608 = ORIENTED_EDGE('',*,*,#2115,.F.);
#2609 = ORIENTED_EDGE('',*,*,#2106,.F.);
#2610 = FACE_BOUND('',#2611,.F.);
#2611 = EDGE_LOOP('',(#2612));
#2612 = ORIENTED_EDGE('',*,*,#2613,.T.);
#2613 = EDGE_CURVE('',#2614,#2614,#2616,.T.);
#2614 = VERTEX_POINT('',#2615);
#2615 = CARTESIAN_POINT('',(51.5,-61.,-4.));
#2616 = CIRCLE('',#2617,2.);
#2617 = AXIS2_PLACEMENT_3D('',#2618,#2619,#2620);
#2618 = CARTESIAN_POINT('',(53.5,-61.,-4.));
#2619 = DIRECTION('',(7.370863289884E-33,-1.224646799147E-16,-1.));
#2620 = DIRECTION('',(-1.,0.,-7.370863289884E-33));
#2621 = PLANE('',#2622);
#2622 = AXIS2_PLACEMENT_3D('',#2623,#2624,#2625);
#2623 = CARTESIAN_POINT('',(31.75,-42.,-4.));
#2624 = DIRECTION('',(-7.370863289884E-33,1.224646799147E-16,1.));
#2625 = DIRECTION('',(0.,1.,-1.224646799147E-16));
#2626 = ADVANCED_FACE('',(#2627,#2630),#2641,.F.);
#2627 = FACE_BOUND('',#2628,.F.);
#2628 = EDGE_LOOP('',(#2629));
#2629 = ORIENTED_EDGE('',*,*,#2168,.T.);
#2630 = FACE_BOUND('',#2631,.F.);
#2631 = EDGE_LOOP('',(#2632));
#2632 = ORIENTED_EDGE('',*,*,#2633,.T.);
#2633 = EDGE_CURVE('',#2634,#2634,#2636,.T.);
#2634 = VERTEX_POINT('',#2635);
#2635 = CARTESIAN_POINT('',(-45.44175457229,-56.92303429296,-4.));
#2636 = CIRCLE('',#2637,2.);
#2637 = AXIS2_PLACEMENT_3D('',#2638,#2639,#2640);
#2638 = CARTESIAN_POINT('',(-43.44175457229,-56.92303429296,-4.));
#2639 = DIRECTION('',(0.,0.,-1.));
#2640 = DIRECTION('',(-1.,0.,0.));
#2641 = PLANE('',#2642);
#2642 = AXIS2_PLACEMENT_3D('',#2643,#2644,#2645);
#2643 = CARTESIAN_POINT('',(-32.01175457229,-31.20553429296,-4.));
#2644 = DIRECTION('',(0.,0.,1.));
#2645 = DIRECTION('',(1.,0.,0.));
#2646 = ADVANCED_FACE('',(#2647,#2650),#2661,.F.);
#2647 = FACE_BOUND('',#2648,.F.);
#2648 = EDGE_LOOP('',(#2649));
#2649 = ORIENTED_EDGE('',*,*,#2193,.T.);
#2650 = FACE_BOUND('',#2651,.F.);
#2651 = EDGE_LOOP('',(#2652));
#2652 = ORIENTED_EDGE('',*,*,#2653,.T.);
#2653 = EDGE_CURVE('',#2654,#2654,#2656,.T.);
#2654 = VERTEX_POINT('',#2655);
#2655 = CARTESIAN_POINT('',(-17.50175457229,-56.92303429296,-4.));
#2656 = CIRCLE('',#2657,2.);
#2657 = AXIS2_PLACEMENT_3D('',#2658,#2659,#2660);
#2658 = CARTESIAN_POINT('',(-15.50175457229,-56.92303429296,-4.));
#2659 = DIRECTION('',(0.,0.,-1.));
#2660 = DIRECTION('',(-1.,0.,0.));
#2661 = PLANE('',#2662);
#2662 = AXIS2_PLACEMENT_3D('',#2663,#2664,#2665);
#2663 = CARTESIAN_POINT('',(-32.01175457229,-31.20553429296,-4.));
#2664 = DIRECTION('',(0.,0.,1.));
#2665 = DIRECTION('',(1.,0.,0.));
#2666 = ADVANCED_FACE('',(#2667,#2670),#2681,.F.);
#2667 = FACE_BOUND('',#2668,.F.);
#2668 = EDGE_LOOP('',(#2669));
#2669 = ORIENTED_EDGE('',*,*,#2218,.F.);
#2670 = FACE_BOUND('',#2671,.F.);
#2671 = EDGE_LOOP('',(#2672));
#2672 = ORIENTED_EDGE('',*,*,#2673,.T.);
#2673 = EDGE_CURVE('',#2674,#2674,#2676,.T.);
#2674 = VERTEX_POINT('',#2675);
#2675 = CARTESIAN_POINT('',(8.,-61.,-4.));
#2676 = CIRCLE('',#2677,2.);
#2677 = AXIS2_PLACEMENT_3D('',#2678,#2679,#2680);
#2678 = CARTESIAN_POINT('',(10.,-61.,-4.));
#2679 = DIRECTION('',(7.370863289884E-33,-1.224646799147E-16,-1.));
#2680 = DIRECTION('',(-1.,0.,-7.370863289884E-33));
#2681 = PLANE('',#2682);
#2682 = AXIS2_PLACEMENT_3D('',#2683,#2684,#2685);
#2683 = CARTESIAN_POINT('',(31.75,-42.,-4.));
#2684 = DIRECTION('',(-7.370863289884E-33,1.224646799147E-16,1.));
#2685 = DIRECTION('',(0.,1.,-1.224646799147E-16));
#2686 = ADVANCED_FACE('',(#2687,#2690),#2701,.F.);
#2687 = FACE_BOUND('',#2688,.F.);
#2688 = EDGE_LOOP('',(#2689));
#2689 = ORIENTED_EDGE('',*,*,#2243,.T.);
#2690 = FACE_BOUND('',#2691,.F.);
#2691 = EDGE_LOOP('',(#2692));
#2692 = ORIENTED_EDGE('',*,*,#2693,.T.);
#2693 = EDGE_CURVE('',#2694,#2694,#2696,.T.);
#2694 = VERTEX_POINT('',#2695);
#2695 = CARTESIAN_POINT('',(-60.68175457229,-6.123034292965,-4.));
#2696 = CIRCLE('',#2697,2.);
#2697 = AXIS2_PLACEMENT_3D('',#2698,#2699,#2700);
#2698 = CARTESIAN_POINT('',(-58.68175457229,-6.123034292965,-4.));
#2699 = DIRECTION('',(0.,0.,-1.));
#2700 = DIRECTION('',(-1.,0.,0.));
#2701 = PLANE('',#2702);
#2702 = AXIS2_PLACEMENT_3D('',#2703,#2704,#2705);
#2703 = CARTESIAN_POINT('',(-32.01175457229,-31.20553429296,-4.));
#2704 = DIRECTION('',(0.,0.,1.));
#2705 = DIRECTION('',(1.,0.,0.));
#2706 = ADVANCED_FACE('',(#2707,#2711),#2722,.F.);
#2707 = FACE_BOUND('',#2708,.F.);
#2708 = EDGE_LOOP('',(#2709,#2710));
#2709 = ORIENTED_EDGE('',*,*,#2268,.T.);
#2710 = ORIENTED_EDGE('',*,*,#2277,.T.);
#2711 = FACE_BOUND('',#2712,.F.);
#2712 = EDGE_LOOP('',(#2713));
#2713 = ORIENTED_EDGE('',*,*,#2714,.T.);
#2714 = EDGE_CURVE('',#2715,#2715,#2717,.T.);
#2715 = VERTEX_POINT('',#2716);
#2716 = CARTESIAN_POINT('',(-1.6,8.53,-6.75));
#2717 = CIRCLE('',#2718,1.6);
#2718 = AXIS2_PLACEMENT_3D('',#2719,#2720,#2721);
#2719 = CARTESIAN_POINT('',(0.,8.53,-6.75));
#2720 = DIRECTION('',(0.,0.,-1.));
#2721 = DIRECTION('',(-1.,0.,0.));
#2722 = PLANE('',#2723);
#2723 = AXIS2_PLACEMENT_3D('',#2724,#2725,#2726);
#2724 = CARTESIAN_POINT('',(-1.99418352662E-16,-5.595,-6.75));
#2725 = DIRECTION('',(0.,0.,1.));
#2726 = DIRECTION('',(1.,0.,0.));
#2727 = ADVANCED_FACE('',(#2728),#2733,.T.);
#2728 = FACE_BOUND('',#2729,.T.);
#2729 = EDGE_LOOP('',(#2730,#2731,#2732));
#2730 = ORIENTED_EDGE('',*,*,#2355,.T.);
#2731 = ORIENTED_EDGE('',*,*,#2330,.T.);
#2732 = ORIENTED_EDGE('',*,*,#2309,.T.);
#2733 = PLANE('',#2734);
#2734 = AXIS2_PLACEMENT_3D('',#2735,#2736,#2737);
#2735 = CARTESIAN_POINT('',(-32.01175457229,-31.20553429296,0.));
#2736 = DIRECTION('',(0.,0.,1.));
#2737 = DIRECTION('',(1.,0.,0.));
#2738 = ADVANCED_FACE('',(#2739,#2742),#2753,.F.);
#2739 = FACE_BOUND('',#2740,.F.);
#2740 = EDGE_LOOP('',(#2741));
#2741 = ORIENTED_EDGE('',*,*,#2347,.T.);
#2742 = FACE_BOUND('',#2743,.F.);
#2743 = EDGE_LOOP('',(#2744));
#2744 = ORIENTED_EDGE('',*,*,#2745,.T.);
#2745 = EDGE_CURVE('',#2746,#2746,#2748,.T.);
#2746 = VERTEX_POINT('',#2747);
#2747 = CARTESIAN_POINT('',(-12.42175457229,-4.853034292965,-4.));
#2748 = CIRCLE('',#2749,2.);
#2749 = AXIS2_PLACEMENT_3D('',#2750,#2751,#2752);
#2750 = CARTESIAN_POINT('',(-10.42175457229,-4.853034292965,-4.));
#2751 = DIRECTION('',(0.,0.,-1.));
#2752 = DIRECTION('',(-1.,0.,0.));
#2753 = PLANE('',#2754);
#2754 = AXIS2_PLACEMENT_3D('',#2755,#2756,#2757);
#2755 = CARTESIAN_POINT('',(-32.01175457229,-31.20553429296,-4.));
#2756 = DIRECTION('',(0.,0.,1.));
#2757 = DIRECTION('',(1.,0.,0.));
#2758 = ADVANCED_FACE('',(#2759,#2762),#2773,.F.);
#2759 = FACE_BOUND('',#2760,.F.);
#2760 = EDGE_LOOP('',(#2761));
#2761 = ORIENTED_EDGE('',*,*,#2379,.F.);
#2762 = FACE_BOUND('',#2763,.F.);
#2763 = EDGE_LOOP('',(#2764));
#2764 = ORIENTED_EDGE('',*,*,#2765,.T.);
#2765 = EDGE_CURVE('',#2766,#2766,#2768,.T.);
#2766 = VERTEX_POINT('',#2767);
#2767 = CARTESIAN_POINT('',(8.,-23.,-4.));
#2768 = CIRCLE('',#2769,2.);
#2769 = AXIS2_PLACEMENT_3D('',#2770,#2771,#2772);
#2770 = CARTESIAN_POINT('',(10.,-23.,-4.));
#2771 = DIRECTION('',(7.370863289884E-33,-1.224646799147E-16,-1.));
#2772 = DIRECTION('',(-1.,0.,-7.370863289884E-33));
#2773 = PLANE('',#2774);
#2774 = AXIS2_PLACEMENT_3D('',#2775,#2776,#2777);
#2775 = CARTESIAN_POINT('',(31.75,-42.,-4.));
#2776 = DIRECTION('',(-7.370863289884E-33,1.224646799147E-16,1.));
#2777 = DIRECTION('',(0.,1.,-1.224646799147E-16));
#2778 = ADVANCED_FACE('',(#2779,#2782),#2793,.F.);
#2779 = FACE_BOUND('',#2780,.F.);
#2780 = EDGE_LOOP('',(#2781));
#2781 = ORIENTED_EDGE('',*,*,#2405,.T.);
#2782 = FACE_BOUND('',#2783,.F.);
#2783 = EDGE_LOOP('',(#2784));
#2784 = ORIENTED_EDGE('',*,*,#2785,.T.);
#2785 = EDGE_CURVE('',#2786,#2786,#2788,.T.);
#2786 = VERTEX_POINT('',#2787);
#2787 = CARTESIAN_POINT('',(-1.6,-19.72,-6.75));
#2788 = CIRCLE('',#2789,1.6);
#2789 = AXIS2_PLACEMENT_3D('',#2790,#2791,#2792);
#2790 = CARTESIAN_POINT('',(0.,-19.72,-6.75));
#2791 = DIRECTION('',(0.,0.,-1.));
#2792 = DIRECTION('',(-1.,0.,0.));
#2793 = PLANE('',#2794);
#2794 = AXIS2_PLACEMENT_3D('',#2795,#2796,#2797);
#2795 = CARTESIAN_POINT('',(-1.99418352662E-16,-5.595,-6.75));
#2796 = DIRECTION('',(0.,0.,1.));
#2797 = DIRECTION('',(1.,0.,0.));
#2798 = ADVANCED_FACE('',(#2799,#2802),#2813,.F.);
#2799 = FACE_BOUND('',#2800,.F.);
#2800 = EDGE_LOOP('',(#2801));
#2801 = ORIENTED_EDGE('',*,*,#2429,.T.);
#2802 = FACE_BOUND('',#2803,.F.);
#2803 = EDGE_LOOP('',(#2804));
#2804 = ORIENTED_EDGE('',*,*,#2805,.T.);
#2805 = EDGE_CURVE('',#2806,#2806,#2808,.T.);
#2806 = VERTEX_POINT('',#2807);
#2807 = CARTESIAN_POINT('',(31.441517146483,-17.25,-5.));
#2808 = CIRCLE('',#2809,2.);
#2809 = AXIS2_PLACEMENT_3D('',#2810,#2811,#2812);
#2810 = CARTESIAN_POINT('',(33.441517146483,-17.25,-5.));
#2811 = DIRECTION('',(0.,0.,-1.));
#2812 = DIRECTION('',(-1.,0.,0.));
#2813 = PLANE('',#2814);
#2814 = AXIS2_PLACEMENT_3D('',#2815,#2816,#2817);
#2815 = CARTESIAN_POINT('',(33.441517146483,-2.070291136201,-5.));
#2816 = DIRECTION('',(0.,0.,1.));
#2817 = DIRECTION('',(1.,0.,0.));
#2818 = ADVANCED_FACE('',(#2819,#2822),#2833,.F.);
#2819 = FACE_BOUND('',#2820,.F.);
#2820 = EDGE_LOOP('',(#2821));
#2821 = ORIENTED_EDGE('',*,*,#2454,.F.);
#2822 = FACE_BOUND('',#2823,.F.);
#2823 = EDGE_LOOP('',(#2824));
#2824 = ORIENTED_EDGE('',*,*,#2825,.T.);
#2825 = EDGE_CURVE('',#2826,#2826,#2828,.T.);
#2826 = VERTEX_POINT('',#2827);
#2827 = CARTESIAN_POINT('',(51.5,-23.,-4.));
#2828 = CIRCLE('',#2829,2.);
#2829 = AXIS2_PLACEMENT_3D('',#2830,#2831,#2832);
#2830 = CARTESIAN_POINT('',(53.5,-23.,-4.));
#2831 = DIRECTION('',(7.370863289884E-33,-1.224646799147E-16,-1.));
#2832 = DIRECTION('',(-1.,0.,-7.370863289884E-33));
#2833 = PLANE('',#2834);
#2834 = AXIS2_PLACEMENT_3D('',#2835,#2836,#2837);
#2835 = CARTESIAN_POINT('',(31.75,-42.,-4.));
#2836 = DIRECTION('',(-7.370863289884E-33,1.224646799147E-16,1.));
#2837 = DIRECTION('',(0.,1.,-1.224646799147E-16));
#2838 = ADVANCED_FACE('',(#2839),#2842,.T.);
#2839 = FACE_BOUND('',#2840,.T.);
#2840 = EDGE_LOOP('',(#2841));
#2841 = ORIENTED_EDGE('',*,*,#2493,.T.);
#2842 = PLANE('',#2843);
#2843 = AXIS2_PLACEMENT_3D('',#2844,#2845,#2846);
#2844 = CARTESIAN_POINT('',(61.883034292965,8.03,-10.));
#2845 = DIRECTION('',(-0.,-0.,-1.));
#2846 = DIRECTION('',(-1.,0.,0.));
#2847 = ADVANCED_FACE('',(#2848),#2851,.T.);
#2848 = FACE_BOUND('',#2849,.T.);
#2849 = EDGE_LOOP('',(#2850));
#2850 = ORIENTED_EDGE('',*,*,#2518,.T.);
#2851 = PLANE('',#2852);
#2852 = AXIS2_PLACEMENT_3D('',#2853,#2854,#2855);
#2853 = CARTESIAN_POINT('',(13.,8.03,-10.));
#2854 = DIRECTION('',(-0.,-0.,-1.));
#2855 = DIRECTION('',(-1.,0.,0.));
#2856 = ADVANCED_FACE('',(#2857),#2860,.T.);
#2857 = FACE_BOUND('',#2858,.T.);
#2858 = EDGE_LOOP('',(#2859));
#2859 = ORIENTED_EDGE('',*,*,#2543,.T.);
#2860 = PLANE('',#2861);
#2861 = AXIS2_PLACEMENT_3D('',#2862,#2863,#2864);
#2862 = CARTESIAN_POINT('',(-59.58175457229,-61.88303429296,-10.));
#2863 = DIRECTION('',(-0.,-0.,-1.));
#2864 = DIRECTION('',(-1.,0.,0.));
#2865 = ADVANCED_FACE('',(#2866),#2869,.T.);
#2866 = FACE_BOUND('',#2867,.T.);
#2867 = EDGE_LOOP('',(#2868));
#2868 = ORIENTED_EDGE('',*,*,#2568,.T.);
#2869 = PLANE('',#2870);
#2870 = AXIS2_PLACEMENT_3D('',#2871,#2872,#2873);
#2871 = CARTESIAN_POINT('',(0.,-61.88303429296,-10.));
#2872 = DIRECTION('',(-0.,-0.,-1.));
#2873 = DIRECTION('',(-1.,0.,0.));
#2874 = ADVANCED_FACE('',(#2875),#2878,.T.);
#2875 = FACE_BOUND('',#2876,.T.);
#2876 = EDGE_LOOP('',(#2877));
#2877 = ORIENTED_EDGE('',*,*,#2593,.T.);
#2878 = PLANE('',#2879);
#2879 = AXIS2_PLACEMENT_3D('',#2880,#2881,#2882);
#2880 = CARTESIAN_POINT('',(61.883034292965,-61.88303429296,-10.));
#2881 = DIRECTION('',(-0.,-0.,-1.));
#2882 = DIRECTION('',(-1.,0.,0.));
#2883 = ADVANCED_FACE('',(#2884),#2903,.F.);
#2884 = FACE_BOUND('',#2885,.T.);
#2885 = EDGE_LOOP('',(#2886,#2894,#2895,#2896));
#2886 = ORIENTED_EDGE('',*,*,#2887,.F.);
#2887 = EDGE_CURVE('',#2614,#2888,#2890,.T.);
#2888 = VERTEX_POINT('',#2889);
#2889 = CARTESIAN_POINT('',(51.5,-61.,7.549516567451E-15));
#2890 = LINE('',#2891,#2892);
#2891 = CARTESIAN_POINT('',(51.5,-61.,-4.));
#2892 = VECTOR('',#2893,1.);
#2893 = DIRECTION('',(5.551115123126E-17,1.224646799147E-16,1.));
#2894 = ORIENTED_EDGE('',*,*,#2613,.T.);
#2895 = ORIENTED_EDGE('',*,*,#2887,.T.);
#2896 = ORIENTED_EDGE('',*,*,#2897,.F.);
#2897 = EDGE_CURVE('',#2888,#2888,#2898,.T.);
#2898 = CIRCLE('',#2899,2.);
#2899 = AXIS2_PLACEMENT_3D('',#2900,#2901,#2902);
#2900 = CARTESIAN_POINT('',(53.5,-61.,7.549516567451E-15));
#2901 = DIRECTION('',(7.370863289884E-33,-1.224646799147E-16,-1.));
#2902 = DIRECTION('',(-1.,-9.026704134909E-49,-7.370863289884E-33));
#2903 = CYLINDRICAL_SURFACE('',#2904,2.);
#2904 = AXIS2_PLACEMENT_3D('',#2905,#2906,#2907);
#2905 = CARTESIAN_POINT('',(53.5,-61.,-4.));
#2906 = DIRECTION('',(-7.370863289884E-33,1.224646799147E-16,1.));
#2907 = DIRECTION('',(-1.,0.,-7.370863289884E-33));
#2908 = ADVANCED_FACE('',(#2909),#2928,.F.);
#2909 = FACE_BOUND('',#2910,.T.);
#2910 = EDGE_LOOP('',(#2911,#2919,#2920,#2921));
#2911 = ORIENTED_EDGE('',*,*,#2912,.F.);
#2912 = EDGE_CURVE('',#2634,#2913,#2915,.T.);
#2913 = VERTEX_POINT('',#2914);
#2914 = CARTESIAN_POINT('',(-45.44175457229,-56.92303429296,0.));
#2915 = LINE('',#2916,#2917);
#2916 = CARTESIAN_POINT('',(-45.44175457229,-56.92303429296,-4.));
#2917 = VECTOR('',#2918,1.);
#2918 = DIRECTION('',(5.551115123126E-17,0.,1.));
#2919 = ORIENTED_EDGE('',*,*,#2633,.T.);
#2920 = ORIENTED_EDGE('',*,*,#2912,.T.);
#2921 = ORIENTED_EDGE('',*,*,#2922,.F.);
#2922 = EDGE_CURVE('',#2913,#2913,#2923,.T.);
#2923 = CIRCLE('',#2924,2.);
#2924 = AXIS2_PLACEMENT_3D('',#2925,#2926,#2927);
#2925 = CARTESIAN_POINT('',(-43.44175457229,-56.92303429296,0.));
#2926 = DIRECTION('',(0.,0.,-1.));
#2927 = DIRECTION('',(-1.,0.,0.));
#2928 = CYLINDRICAL_SURFACE('',#2929,2.);
#2929 = AXIS2_PLACEMENT_3D('',#2930,#2931,#2932);
#2930 = CARTESIAN_POINT('',(-43.44175457229,-56.92303429296,-4.));
#2931 = DIRECTION('',(0.,0.,1.));
#2932 = DIRECTION('',(-1.,0.,0.));
#2933 = ADVANCED_FACE('',(#2934),#2953,.F.);
#2934 = FACE_BOUND('',#2935,.T.);
#2935 = EDGE_LOOP('',(#2936,#2944,#2945,#2946));
#2936 = ORIENTED_EDGE('',*,*,#2937,.F.);
#2937 = EDGE_CURVE('',#2654,#2938,#2940,.T.);
#2938 = VERTEX_POINT('',#2939);
#2939 = CARTESIAN_POINT('',(-17.50175457229,-56.92303429296,0.));
#2940 = LINE('',#2941,#2942);
#2941 = CARTESIAN_POINT('',(-17.50175457229,-56.92303429296,-4.));
#2942 = VECTOR('',#2943,1.);
#2943 = DIRECTION('',(5.551115123126E-17,0.,1.));
#2944 = ORIENTED_EDGE('',*,*,#2653,.T.);
#2945 = ORIENTED_EDGE('',*,*,#2937,.T.);
#2946 = ORIENTED_EDGE('',*,*,#2947,.F.);
#2947 = EDGE_CURVE('',#2938,#2938,#2948,.T.);
#2948 = CIRCLE('',#2949,2.);
#2949 = AXIS2_PLACEMENT_3D('',#2950,#2951,#2952);
#2950 = CARTESIAN_POINT('',(-15.50175457229,-56.92303429296,0.));
#2951 = DIRECTION('',(0.,0.,-1.));
#2952 = DIRECTION('',(-1.,0.,0.));
#2953 = CYLINDRICAL_SURFACE('',#2954,2.);
#2954 = AXIS2_PLACEMENT_3D('',#2955,#2956,#2957);
#2955 = CARTESIAN_POINT('',(-15.50175457229,-56.92303429296,-4.));
#2956 = DIRECTION('',(0.,0.,1.));
#2957 = DIRECTION('',(-1.,0.,0.));
#2958 = ADVANCED_FACE('',(#2959),#2978,.F.);
#2959 = FACE_BOUND('',#2960,.T.);
#2960 = EDGE_LOOP('',(#2961,#2969,#2970,#2971));
#2961 = ORIENTED_EDGE('',*,*,#2962,.F.);
#2962 = EDGE_CURVE('',#2674,#2963,#2965,.T.);
#2963 = VERTEX_POINT('',#2964);
#2964 = CARTESIAN_POINT('',(8.,-61.,7.549516567451E-15));
#2965 = LINE('',#2966,#2967);
#2966 = CARTESIAN_POINT('',(8.,-61.,-4.));
#2967 = VECTOR('',#2968,1.);
#2968 = DIRECTION('',(5.551115123126E-17,1.224646799147E-16,1.));
#2969 = ORIENTED_EDGE('',*,*,#2673,.T.);
#2970 = ORIENTED_EDGE('',*,*,#2962,.T.);
#2971 = ORIENTED_EDGE('',*,*,#2972,.F.);
#2972 = EDGE_CURVE('',#2963,#2963,#2973,.T.);
#2973 = CIRCLE('',#2974,2.);
#2974 = AXIS2_PLACEMENT_3D('',#2975,#2976,#2977);
#2975 = CARTESIAN_POINT('',(10.,-61.,7.549516567451E-15));
#2976 = DIRECTION('',(7.370863289884E-33,-1.224646799147E-16,-1.));
#2977 = DIRECTION('',(-1.,-9.026704134909E-49,-7.370863289884E-33));
#2978 = CYLINDRICAL_SURFACE('',#2979,2.);
#2979 = AXIS2_PLACEMENT_3D('',#2980,#2981,#2982);
#2980 = CARTESIAN_POINT('',(10.,-61.,-4.));
#2981 = DIRECTION('',(-7.370863289884E-33,1.224646799147E-16,1.));
#2982 = DIRECTION('',(-1.,0.,-7.370863289884E-33));
#2983 = ADVANCED_FACE('',(#2984),#3003,.F.);
#2984 = FACE_BOUND('',#2985,.T.);
#2985 = EDGE_LOOP('',(#2986,#2994,#2995,#2996));
#2986 = ORIENTED_EDGE('',*,*,#2987,.F.);
#2987 = EDGE_CURVE('',#2694,#2988,#2990,.T.);
#2988 = VERTEX_POINT('',#2989);
#2989 = CARTESIAN_POINT('',(-60.68175457229,-6.123034292965,0.));
#2990 = LINE('',#2991,#2992);
#2991 = CARTESIAN_POINT('',(-60.68175457229,-6.123034292965,-4.));
#2992 = VECTOR('',#2993,1.);
#2993 = DIRECTION('',(5.551115123126E-17,0.,1.));
#2994 = ORIENTED_EDGE('',*,*,#2693,.T.);
#2995 = ORIENTED_EDGE('',*,*,#2987,.T.);
#2996 = ORIENTED_EDGE('',*,*,#2997,.F.);
#2997 = EDGE_CURVE('',#2988,#2988,#2998,.T.);
#2998 = CIRCLE('',#2999,2.);
#2999 = AXIS2_PLACEMENT_3D('',#3000,#3001,#3002);
#3000 = CARTESIAN_POINT('',(-58.68175457229,-6.123034292965,0.));
#3001 = DIRECTION('',(0.,0.,-1.));
#3002 = DIRECTION('',(-1.,0.,0.));
#3003 = CYLINDRICAL_SURFACE('',#3004,2.);
#3004 = AXIS2_PLACEMENT_3D('',#3005,#3006,#3007);
#3005 = CARTESIAN_POINT('',(-58.68175457229,-6.123034292965,-4.));
#3006 = DIRECTION('',(0.,0.,1.));
#3007 = DIRECTION('',(-1.,0.,0.));
#3008 = ADVANCED_FACE('',(#3009),#3028,.F.);
#3009 = FACE_BOUND('',#3010,.T.);
#3010 = EDGE_LOOP('',(#3011,#3019,#3020,#3021));
#3011 = ORIENTED_EDGE('',*,*,#3012,.F.);
#3012 = EDGE_CURVE('',#2715,#3013,#3015,.T.);
#3013 = VERTEX_POINT('',#3014);
#3014 = CARTESIAN_POINT('',(-1.6,8.53,-2.75));
#3015 = LINE('',#3016,#3017);
#3016 = CARTESIAN_POINT('',(-1.6,8.53,-6.75));
#3017 = VECTOR('',#3018,1.);
#3018 = DIRECTION('',(5.551115123126E-17,0.,1.));
#3019 = ORIENTED_EDGE('',*,*,#2714,.T.);
#3020 = ORIENTED_EDGE('',*,*,#3012,.T.);
#3021 = ORIENTED_EDGE('',*,*,#3022,.F.);
#3022 = EDGE_CURVE('',#3013,#3013,#3023,.T.);
#3023 = CIRCLE('',#3024,1.6);
#3024 = AXIS2_PLACEMENT_3D('',#3025,#3026,#3027);
#3025 = CARTESIAN_POINT('',(0.,8.53,-2.75));
#3026 = DIRECTION('',(0.,0.,-1.));
#3027 = DIRECTION('',(-1.,0.,0.));
#3028 = CYLINDRICAL_SURFACE('',#3029,1.6);
#3029 = AXIS2_PLACEMENT_3D('',#3030,#3031,#3032);
#3030 = CARTESIAN_POINT('',(0.,8.53,-6.75));
#3031 = DIRECTION('',(0.,0.,1.));
#3032 = DIRECTION('',(-1.,0.,0.));
#3033 = ADVANCED_FACE('',(#3034),#3053,.F.);
#3034 = FACE_BOUND('',#3035,.T.);
#3035 = EDGE_LOOP('',(#3036,#3044,#3045,#3046));
#3036 = ORIENTED_EDGE('',*,*,#3037,.F.);
#3037 = EDGE_CURVE('',#2746,#3038,#3040,.T.);
#3038 = VERTEX_POINT('',#3039);
#3039 = CARTESIAN_POINT('',(-12.42175457229,-4.853034292965,0.));
#3040 = LINE('',#3041,#3042);
#3041 = CARTESIAN_POINT('',(-12.42175457229,-4.853034292965,-4.));
#3042 = VECTOR('',#3043,1.);
#3043 = DIRECTION('',(5.551115123126E-17,0.,1.));
#3044 = ORIENTED_EDGE('',*,*,#2745,.T.);
#3045 = ORIENTED_EDGE('',*,*,#3037,.T.);
#3046 = ORIENTED_EDGE('',*,*,#3047,.F.);
#3047 = EDGE_CURVE('',#3038,#3038,#3048,.T.);
#3048 = CIRCLE('',#3049,2.);
#3049 = AXIS2_PLACEMENT_3D('',#3050,#3051,#3052);
#3050 = CARTESIAN_POINT('',(-10.42175457229,-4.853034292965,0.));
#3051 = DIRECTION('',(0.,0.,-1.));
#3052 = DIRECTION('',(-1.,0.,0.));
#3053 = CYLINDRICAL_SURFACE('',#3054,2.);
#3054 = AXIS2_PLACEMENT_3D('',#3055,#3056,#3057);
#3055 = CARTESIAN_POINT('',(-10.42175457229,-4.853034292965,-4.));
#3056 = DIRECTION('',(0.,0.,1.));
#3057 = DIRECTION('',(-1.,0.,0.));
#3058 = ADVANCED_FACE('',(#3059),#3078,.F.);
#3059 = FACE_BOUND('',#3060,.T.);
#3060 = EDGE_LOOP('',(#3061,#3069,#3070,#3071));
#3061 = ORIENTED_EDGE('',*,*,#3062,.F.);
#3062 = EDGE_CURVE('',#2766,#3063,#3065,.T.);
#3063 = VERTEX_POINT('',#3064);
#3064 = CARTESIAN_POINT('',(8.,-23.,2.6645352591E-15));
#3065 = LINE('',#3066,#3067);
#3066 = CARTESIAN_POINT('',(8.,-23.,-4.));
#3067 = VECTOR('',#3068,1.);
#3068 = DIRECTION('',(5.551115123126E-17,1.224646799147E-16,1.));
#3069 = ORIENTED_EDGE('',*,*,#2765,.T.);
#3070 = ORIENTED_EDGE('',*,*,#3062,.T.);
#3071 = ORIENTED_EDGE('',*,*,#3072,.F.);
#3072 = EDGE_CURVE('',#3063,#3063,#3073,.T.);
#3073 = CIRCLE('',#3074,2.);
#3074 = AXIS2_PLACEMENT_3D('',#3075,#3076,#3077);
#3075 = CARTESIAN_POINT('',(10.,-23.,2.6645352591E-15));
#3076 = DIRECTION('',(7.370863289884E-33,-1.224646799147E-16,-1.));
#3077 = DIRECTION('',(-1.,-9.026704134909E-49,-7.370863289884E-33));
#3078 = CYLINDRICAL_SURFACE('',#3079,2.);
#3079 = AXIS2_PLACEMENT_3D('',#3080,#3081,#3082);
#3080 = CARTESIAN_POINT('',(10.,-23.,-4.));
#3081 = DIRECTION('',(-7.370863289884E-33,1.224646799147E-16,1.));
#3082 = DIRECTION('',(-1.,0.,-7.370863289884E-33));
#3083 = ADVANCED_FACE('',(#3084),#3103,.F.);
#3084 = FACE_BOUND('',#3085,.T.);
#3085 = EDGE_LOOP('',(#3086,#3094,#3095,#3096));
#3086 = ORIENTED_EDGE('',*,*,#3087,.F.);
#3087 = EDGE_CURVE('',#2786,#3088,#3090,.T.);
#3088 = VERTEX_POINT('',#3089);
#3089 = CARTESIAN_POINT('',(-1.6,-19.72,-2.75));
#3090 = LINE('',#3091,#3092);
#3091 = CARTESIAN_POINT('',(-1.6,-19.72,-6.75));
#3092 = VECTOR('',#3093,1.);
#3093 = DIRECTION('',(5.551115123126E-17,0.,1.));
#3094 = ORIENTED_EDGE('',*,*,#2785,.T.);
#3095 = ORIENTED_EDGE('',*,*,#3087,.T.);
#3096 = ORIENTED_EDGE('',*,*,#3097,.F.);
#3097 = EDGE_CURVE('',#3088,#3088,#3098,.T.);
#3098 = CIRCLE('',#3099,1.6);
#3099 = AXIS2_PLACEMENT_3D('',#3100,#3101,#3102);
#3100 = CARTESIAN_POINT('',(0.,-19.72,-2.75));
#3101 = DIRECTION('',(0.,0.,-1.));
#3102 = DIRECTION('',(-1.,0.,0.));
#3103 = CYLINDRICAL_SURFACE('',#3104,1.6);
#3104 = AXIS2_PLACEMENT_3D('',#3105,#3106,#3107);
#3105 = CARTESIAN_POINT('',(0.,-19.72,-6.75));
#3106 = DIRECTION('',(0.,0.,1.));
#3107 = DIRECTION('',(-1.,0.,0.));
#3108 = ADVANCED_FACE('',(#3109),#3128,.F.);
#3109 = FACE_BOUND('',#3110,.T.);
#3110 = EDGE_LOOP('',(#3111,#3119,#3120,#3121));
#3111 = ORIENTED_EDGE('',*,*,#3112,.F.);
#3112 = EDGE_CURVE('',#2806,#3113,#3115,.T.);
#3113 = VERTEX_POINT('',#3114);
#3114 = CARTESIAN_POINT('',(31.441517146483,-17.25,-2.));
#3115 = LINE('',#3116,#3117);
#3116 = CARTESIAN_POINT('',(31.441517146483,-17.25,-5.));
#3117 = VECTOR('',#3118,1.);
#3118 = DIRECTION('',(7.401486830834E-17,0.,1.));
#3119 = ORIENTED_EDGE('',*,*,#2805,.T.);
#3120 = ORIENTED_EDGE('',*,*,#3112,.T.);
#3121 = ORIENTED_EDGE('',*,*,#3122,.F.);
#3122 = EDGE_CURVE('',#3113,#3113,#3123,.T.);
#3123 = CIRCLE('',#3124,2.);
#3124 = AXIS2_PLACEMENT_3D('',#3125,#3126,#3127);
#3125 = CARTESIAN_POINT('',(33.441517146483,-17.25,-2.));
#3126 = DIRECTION('',(0.,0.,-1.));
#3127 = DIRECTION('',(-1.,0.,0.));
#3128 = CYLINDRICAL_SURFACE('',#3129,2.);
#3129 = AXIS2_PLACEMENT_3D('',#3130,#3131,#3132);
#3130 = CARTESIAN_POINT('',(33.441517146483,-17.25,-5.));
#3131 = DIRECTION('',(0.,0.,1.));
#3132 = DIRECTION('',(-1.,0.,0.));
#3133 = ADVANCED_FACE('',(#3134),#3153,.F.);
#3134 = FACE_BOUND('',#3135,.T.);
#3135 = EDGE_LOOP('',(#3136,#3144,#3145,#3146));
#3136 = ORIENTED_EDGE('',*,*,#3137,.F.);
#3137 = EDGE_CURVE('',#2826,#3138,#3140,.T.);
#3138 = VERTEX_POINT('',#3139);
#3139 = CARTESIAN_POINT('',(51.5,-23.,2.6645352591E-15));
#3140 = LINE('',#3141,#3142);
#3141 = CARTESIAN_POINT('',(51.5,-23.,-4.));
#3142 = VECTOR('',#3143,1.);
#3143 = DIRECTION('',(5.551115123126E-17,1.224646799147E-16,1.));
#3144 = ORIENTED_EDGE('',*,*,#2825,.T.);
#3145 = ORIENTED_EDGE('',*,*,#3137,.T.);
#3146 = ORIENTED_EDGE('',*,*,#3147,.F.);
#3147 = EDGE_CURVE('',#3138,#3138,#3148,.T.);
#3148 = CIRCLE('',#3149,2.);
#3149 = AXIS2_PLACEMENT_3D('',#3150,#3151,#3152);
#3150 = CARTESIAN_POINT('',(53.5,-23.,2.6645352591E-15));
#3151 = DIRECTION('',(7.370863289884E-33,-1.224646799147E-16,-1.));
#3152 = DIRECTION('',(-1.,-9.026704134909E-49,-7.370863289884E-33));
#3153 = CYLINDRICAL_SURFACE('',#3154,2.);
#3154 = AXIS2_PLACEMENT_3D('',#3155,#3156,#3157);
#3155 = CARTESIAN_POINT('',(53.5,-23.,-4.));
#3156 = DIRECTION('',(-7.370863289884E-33,1.224646799147E-16,1.));
#3157 = DIRECTION('',(-1.,0.,-7.370863289884E-33));
#3158 = ADVANCED_FACE('',(#3159),#3162,.T.);
#3159 = FACE_BOUND('',#3160,.T.);
#3160 = EDGE_LOOP('',(#3161));
#3161 = ORIENTED_EDGE('',*,*,#2897,.T.);
#3162 = PLANE('',#3163);
#3163 = AXIS2_PLACEMENT_3D('',#3164,#3165,#3166);
#3164 = CARTESIAN_POINT('',(53.5,-61.,7.549516567451E-15));
#3165 = DIRECTION('',(7.370863289884E-33,-1.224646799147E-16,-1.));
#3166 = DIRECTION('',(-1.,-9.026704134909E-49,-7.370863289884E-33));
#3167 = ADVANCED_FACE('',(#3168),#3171,.T.);
#3168 = FACE_BOUND('',#3169,.T.);
#3169 = EDGE_LOOP('',(#3170));
#3170 = ORIENTED_EDGE('',*,*,#2922,.T.);
#3171 = PLANE('',#3172);
#3172 = AXIS2_PLACEMENT_3D('',#3173,#3174,#3175);
#3173 = CARTESIAN_POINT('',(-43.44175457229,-56.92303429296,0.));
#3174 = DIRECTION('',(-0.,-0.,-1.));
#3175 = DIRECTION('',(-1.,0.,0.));
#3176 = ADVANCED_FACE('',(#3177),#3180,.T.);
#3177 = FACE_BOUND('',#3178,.T.);
#3178 = EDGE_LOOP('',(#3179));
#3179 = ORIENTED_EDGE('',*,*,#2947,.T.);
#3180 = PLANE('',#3181);
#3181 = AXIS2_PLACEMENT_3D('',#3182,#3183,#3184);
#3182 = CARTESIAN_POINT('',(-15.50175457229,-56.92303429296,0.));
#3183 = DIRECTION('',(-0.,-0.,-1.));
#3184 = DIRECTION('',(-1.,0.,0.));
#3185 = ADVANCED_FACE('',(#3186),#3189,.T.);
#3186 = FACE_BOUND('',#3187,.T.);
#3187 = EDGE_LOOP('',(#3188));
#3188 = ORIENTED_EDGE('',*,*,#2972,.T.);
#3189 = PLANE('',#3190);
#3190 = AXIS2_PLACEMENT_3D('',#3191,#3192,#3193);
#3191 = CARTESIAN_POINT('',(10.,-61.,7.549516567451E-15));
#3192 = DIRECTION('',(7.370863289884E-33,-1.224646799147E-16,-1.));
#3193 = DIRECTION('',(-1.,-9.026704134909E-49,-7.370863289884E-33));
#3194 = ADVANCED_FACE('',(#3195),#3198,.T.);
#3195 = FACE_BOUND('',#3196,.T.);
#3196 = EDGE_LOOP('',(#3197));
#3197 = ORIENTED_EDGE('',*,*,#2997,.T.);
#3198 = PLANE('',#3199);
#3199 = AXIS2_PLACEMENT_3D('',#3200,#3201,#3202);
#3200 = CARTESIAN_POINT('',(-58.68175457229,-6.123034292965,0.));
#3201 = DIRECTION('',(-0.,-0.,-1.));
#3202 = DIRECTION('',(-1.,0.,0.));
#3203 = ADVANCED_FACE('',(#3204),#3207,.T.);
#3204 = FACE_BOUND('',#3205,.T.);
#3205 = EDGE_LOOP('',(#3206));
#3206 = ORIENTED_EDGE('',*,*,#3022,.T.);
#3207 = PLANE('',#3208);
#3208 = AXIS2_PLACEMENT_3D('',#3209,#3210,#3211);
#3209 = CARTESIAN_POINT('',(0.,8.53,-2.75));
#3210 = DIRECTION('',(-0.,-0.,-1.));
#3211 = DIRECTION('',(-1.,0.,0.));
#3212 = ADVANCED_FACE('',(#3213),#3216,.T.);
#3213 = FACE_BOUND('',#3214,.T.);
#3214 = EDGE_LOOP('',(#3215));
#3215 = ORIENTED_EDGE('',*,*,#3047,.T.);
#3216 = PLANE('',#3217);
#3217 = AXIS2_PLACEMENT_3D('',#3218,#3219,#3220);
#3218 = CARTESIAN_POINT('',(-10.42175457229,-4.853034292965,0.));
#3219 = DIRECTION('',(-0.,-0.,-1.));
#3220 = DIRECTION('',(-1.,0.,0.));
#3221 = ADVANCED_FACE('',(#3222),#3225,.T.);
#3222 = FACE_BOUND('',#3223,.T.);
#3223 = EDGE_LOOP('',(#3224));
#3224 = ORIENTED_EDGE('',*,*,#3072,.T.);
#3225 = PLANE('',#3226);
#3226 = AXIS2_PLACEMENT_3D('',#3227,#3228,#3229);
#3227 = CARTESIAN_POINT('',(10.,-23.,2.6645352591E-15));
#3228 = DIRECTION('',(7.370863289884E-33,-1.224646799147E-16,-1.));
#3229 = DIRECTION('',(-1.,-9.026704134909E-49,-7.370863289884E-33));
#3230 = ADVANCED_FACE('',(#3231),#3234,.T.);
#3231 = FACE_BOUND('',#3232,.T.);
#3232 = EDGE_LOOP('',(#3233));
#3233 = ORIENTED_EDGE('',*,*,#3097,.T.);
#3234 = PLANE('',#3235);
#3235 = AXIS2_PLACEMENT_3D('',#3236,#3237,#3238);
#3236 = CARTESIAN_POINT('',(0.,-19.72,-2.75));
#3237 = DIRECTION('',(-0.,-0.,-1.));
#3238 = DIRECTION('',(-1.,0.,0.));
#3239 = ADVANCED_FACE('',(#3240),#3243,.T.);
#3240 = FACE_BOUND('',#3241,.T.);
#3241 = EDGE_LOOP('',(#3242));
#3242 = ORIENTED_EDGE('',*,*,#3122,.T.);
#3243 = PLANE('',#3244);
#3244 = AXIS2_PLACEMENT_3D('',#3245,#3246,#3247);
#3245 = CARTESIAN_POINT('',(33.441517146483,-17.25,-2.));
#3246 = DIRECTION('',(-0.,-0.,-1.));
#3247 = DIRECTION('',(-1.,0.,0.));
#3248 = ADVANCED_FACE('',(#3249),#3252,.T.);
#3249 = FACE_BOUND('',#3250,.T.);
#3250 = EDGE_LOOP('',(#3251));
#3251 = ORIENTED_EDGE('',*,*,#3147,.T.);
#3252 = PLANE('',#3253);
#3253 = AXIS2_PLACEMENT_3D('',#3254,#3255,#3256);
#3254 = CARTESIAN_POINT('',(53.5,-23.,2.6645352591E-15));
#3255 = DIRECTION('',(7.370863289884E-33,-1.224646799147E-16,-1.));
#3256 = DIRECTION('',(-1.,-9.026704134909E-49,-7.370863289884E-33));
#3257 = ( GEOMETRIC_REPRESENTATION_CONTEXT(3) 
GLOBAL_UNCERTAINTY_ASSIGNED_CONTEXT((#3261)) 
GLOBAL_UNIT_ASSIGNED_CONTEXT((#3258,#3259,#3260)) REPRESENTATION_CONTEXT
('Context #1','3D Context with UNIT and UNCERTAINTY') );
#3258 = ( LENGTH_UNIT() NAMED_UNIT(*) SI_UNIT(.MILLI.,.METRE.) );
#3259 = ( NAMED_UNIT(*) PLANE_ANGLE_UNIT() SI_UNIT($,.RADIAN.) );
#3260 = ( NAMED_UNIT(*) SI_UNIT($,.STERADIAN.) SOLID_ANGLE_UNIT() );
#3261 = UNCERTAINTY_MEASURE_WITH_UNIT(LENGTH_MEASURE(2.E-05),#3258,
  'distance_accuracy_value','confusion accuracy');
#3262 = PRODUCT_RELATED_PRODUCT_CATEGORY('part',$,(#7));
#3263 = MECHANICAL_DESIGN_GEOMETRIC_PRESENTATION_REPRESENTATION('',(
    #3264),#3257);
#3264 = STYLED_ITEM('color',(#3265),#15);
#3265 = PRESENTATION_STYLE_ASSIGNMENT((#3266,#3272));
#3266 = SURFACE_STYLE_USAGE(.BOTH.,#3267);
#3267 = SURFACE_SIDE_STYLE('',(#3268));
#3268 = SURFACE_STYLE_FILL_AREA(#3269);
#3269 = FILL_AREA_STYLE('',(#3270));
#3270 = FILL_AREA_STYLE_COLOUR('',#3271);
#3271 = COLOUR_RGB('',0.447058818107,0.474509808674,0.501960817233);
#3272 = CURVE_STYLE('',#3273,POSITIVE_LENGTH_MEASURE(0.1),#3274);
#3273 = DRAUGHTING_PRE_DEFINED_CURVE_FONT('continuous');
#3274 = COLOUR_RGB('',9.803921802644E-02,9.803921802644E-02,
  9.803921802644E-02);
ENDSEC;
END-ISO-10303-21;
