ISO-10303-21;
HEADER;
FILE_DESCRIPTION(('KiCad electronic assembly'),'2;1');
FILE_NAME('UNO-TH_Rev3e.step','2025-07-06T16:48:27',('Pcbnew'),('Kicad')
  ,'Open CASCADE STEP processor 7.6','KiCad to STEP converter','Unknown'
  );
FILE_SCHEMA(('AUTOMOTIVE_DESIGN { 1 0 10303 214 1 1 1 1 }'));
ENDSEC;
DATA;
#1 = APPLICATION_PROTOCOL_DEFINITION('international standard',
  'automotive_design',2000,#2);
#2 = APPLICATION_CONTEXT(
  'core data for automotive mechanical design processes');
#3 = SHAPE_DEFINITION_REPRESENTATION(#4,#10);
#4 = PRODUCT_DEFINITION_SHAPE('','',#5);
#5 = PRODUCT_DEFINITION('design','',#6,#9);
#6 = PRODUCT_DEFINITION_FORMATION('','',#7);
#7 = PRODUCT('UNO-TH_Rev3e 1','UNO-TH_Rev3e 1','',(#8));
#8 = PRODUCT_CONTEXT('',#2,'mechanical');
#9 = PRODUCT_DEFINITION_CONTEXT('part definition',#2,'design');
#10 = SHAPE_REPRESENTATION('',(#11,#15),#19);
#11 = AXIS2_PLACEMENT_3D('',#12,#13,#14);
#12 = CARTESIAN_POINT('',(0.,0.,0.));
#13 = DIRECTION('',(0.,0.,1.));
#14 = DIRECTION('',(1.,0.,-0.));
#15 = AXIS2_PLACEMENT_3D('',#16,#17,#18);
#16 = CARTESIAN_POINT('',(0.,0.,0.));
#17 = DIRECTION('',(0.,0.,1.));
#18 = DIRECTION('',(1.,0.,-0.));
#19 = ( GEOMETRIC_REPRESENTATION_CONTEXT(3) 
GLOBAL_UNCERTAINTY_ASSIGNED_CONTEXT((#23)) GLOBAL_UNIT_ASSIGNED_CONTEXT(
(#20,#21,#22)) REPRESENTATION_CONTEXT('Context #1',
  '3D Context with UNIT and UNCERTAINTY') );
#20 = ( LENGTH_UNIT() NAMED_UNIT(*) SI_UNIT(.MILLI.,.METRE.) );
#21 = ( NAMED_UNIT(*) PLANE_ANGLE_UNIT() SI_UNIT($,.RADIAN.) );
#22 = ( NAMED_UNIT(*) SI_UNIT($,.STERADIAN.) SOLID_ANGLE_UNIT() );
#23 = UNCERTAINTY_MEASURE_WITH_UNIT(LENGTH_MEASURE(1.E-07),#20,
  'distance_accuracy_value','confusion accuracy');
#24 = PRODUCT_RELATED_PRODUCT_CATEGORY('part',$,(#7));
#25 = ADVANCED_BREP_SHAPE_REPRESENTATION('',(#11,#26),#4485);
#26 = MANIFOLD_SOLID_BREP('',#27);
#27 = CLOSED_SHELL('',(#28,#68,#99,#130,#1341,#2552,#2569,#2586,#2603,
    #2620,#2637,#2654,#2671,#2688,#2700,#2722,#2739,#2756,#2773,#2790,
    #2807,#2819,#2836,#2858,#2875,#2892,#2909,#2921,#2943,#2960,#2977,
    #2994,#3006,#3023,#3040,#3057,#3074,#3091,#3108,#3125,#3142,#3159,
    #3176,#3193,#3210,#3227,#3244,#3261,#3278,#3295,#3312,#3329,#3346,
    #3363,#3380,#3397,#3414,#3431,#3448,#3465,#3482,#3499,#3516,#3533,
    #3550,#3567,#3584,#3601,#3618,#3635,#3652,#3669,#3686,#3703,#3720,
    #3737,#3754,#3771,#3788,#3805,#3822,#3839,#3856,#3873,#3890,#3907,
    #3924,#3941,#3958,#3975,#3992,#4009,#4026,#4043,#4060,#4077,#4094,
    #4111,#4128,#4145,#4162,#4179,#4196,#4213,#4230,#4247,#4264,#4281,
    #4298,#4315,#4332,#4349,#4366,#4383,#4400,#4417,#4434,#4451,#4468));
#28 = ADVANCED_FACE('',(#29),#63,.T.);
#29 = FACE_BOUND('',#30,.T.);
#30 = EDGE_LOOP('',(#31,#41,#49,#57));
#31 = ORIENTED_EDGE('',*,*,#32,.T.);
#32 = EDGE_CURVE('',#33,#35,#37,.T.);
#33 = VERTEX_POINT('',#34);
#34 = CARTESIAN_POINT('',(180.2511,-79.8576,0.));
#35 = VERTEX_POINT('',#36);
#36 = CARTESIAN_POINT('',(180.2511,-79.8576,1.51));
#37 = LINE('',#38,#39);
#38 = CARTESIAN_POINT('',(180.2511,-79.8576,0.));
#39 = VECTOR('',#40,1.);
#40 = DIRECTION('',(0.,0.,1.));
#41 = ORIENTED_EDGE('',*,*,#42,.T.);
#42 = EDGE_CURVE('',#35,#43,#45,.T.);
#43 = VERTEX_POINT('',#44);
#44 = CARTESIAN_POINT('',(180.2511,-91.2876,1.51));
#45 = LINE('',#46,#47);
#46 = CARTESIAN_POINT('',(180.2511,-79.8576,1.51));
#47 = VECTOR('',#48,1.);
#48 = DIRECTION('',(0.,-1.,0.));
#49 = ORIENTED_EDGE('',*,*,#50,.F.);
#50 = EDGE_CURVE('',#51,#43,#53,.T.);
#51 = VERTEX_POINT('',#52);
#52 = CARTESIAN_POINT('',(180.2511,-91.2876,0.));
#53 = LINE('',#54,#55);
#54 = CARTESIAN_POINT('',(180.2511,-91.2876,0.));
#55 = VECTOR('',#56,1.);
#56 = DIRECTION('',(0.,0.,1.));
#57 = ORIENTED_EDGE('',*,*,#58,.F.);
#58 = EDGE_CURVE('',#33,#51,#59,.T.);
#59 = LINE('',#60,#61);
#60 = CARTESIAN_POINT('',(180.2511,-79.8576,0.));
#61 = VECTOR('',#62,1.);
#62 = DIRECTION('',(0.,-1.,0.));
#63 = PLANE('',#64);
#64 = AXIS2_PLACEMENT_3D('',#65,#66,#67);
#65 = CARTESIAN_POINT('',(180.2511,-79.8576,0.));
#66 = DIRECTION('',(1.,0.,-0.));
#67 = DIRECTION('',(0.,-1.,0.));
#68 = ADVANCED_FACE('',(#69),#94,.T.);
#69 = FACE_BOUND('',#70,.T.);
#70 = EDGE_LOOP('',(#71,#81,#87,#88));
#71 = ORIENTED_EDGE('',*,*,#72,.T.);
#72 = EDGE_CURVE('',#73,#75,#77,.T.);
#73 = VERTEX_POINT('',#74);
#74 = CARTESIAN_POINT('',(178.7271,-78.3336,0.));
#75 = VERTEX_POINT('',#76);
#76 = CARTESIAN_POINT('',(178.7271,-78.3336,1.51));
#77 = LINE('',#78,#79);
#78 = CARTESIAN_POINT('',(178.7271,-78.3336,0.));
#79 = VECTOR('',#80,1.);
#80 = DIRECTION('',(0.,0.,1.));
#81 = ORIENTED_EDGE('',*,*,#82,.T.);
#82 = EDGE_CURVE('',#75,#35,#83,.T.);
#83 = LINE('',#84,#85);
#84 = CARTESIAN_POINT('',(178.7271,-78.3336,1.51));
#85 = VECTOR('',#86,1.);
#86 = DIRECTION('',(0.707106781187,-0.707106781187,0.));
#87 = ORIENTED_EDGE('',*,*,#32,.F.);
#88 = ORIENTED_EDGE('',*,*,#89,.F.);
#89 = EDGE_CURVE('',#73,#33,#90,.T.);
#90 = LINE('',#91,#92);
#91 = CARTESIAN_POINT('',(178.7271,-78.3336,0.));
#92 = VECTOR('',#93,1.);
#93 = DIRECTION('',(0.707106781187,-0.707106781187,0.));
#94 = PLANE('',#95);
#95 = AXIS2_PLACEMENT_3D('',#96,#97,#98);
#96 = CARTESIAN_POINT('',(178.7271,-78.3336,0.));
#97 = DIRECTION('',(0.707106781187,0.707106781187,-0.));
#98 = DIRECTION('',(0.707106781187,-0.707106781187,0.));
#99 = ADVANCED_FACE('',(#100),#125,.T.);
#100 = FACE_BOUND('',#101,.T.);
#101 = EDGE_LOOP('',(#102,#103,#111,#119));
#102 = ORIENTED_EDGE('',*,*,#50,.T.);
#103 = ORIENTED_EDGE('',*,*,#104,.T.);
#104 = EDGE_CURVE('',#43,#105,#107,.T.);
#105 = VERTEX_POINT('',#106);
#106 = CARTESIAN_POINT('',(182.7911,-93.8276,1.51));
#107 = LINE('',#108,#109);
#108 = CARTESIAN_POINT('',(180.2511,-91.2876,1.51));
#109 = VECTOR('',#110,1.);
#110 = DIRECTION('',(0.707106781187,-0.707106781187,0.));
#111 = ORIENTED_EDGE('',*,*,#112,.F.);
#112 = EDGE_CURVE('',#113,#105,#115,.T.);
#113 = VERTEX_POINT('',#114);
#114 = CARTESIAN_POINT('',(182.7911,-93.8276,0.));
#115 = LINE('',#116,#117);
#116 = CARTESIAN_POINT('',(182.7911,-93.8276,0.));
#117 = VECTOR('',#118,1.);
#118 = DIRECTION('',(0.,0.,1.));
#119 = ORIENTED_EDGE('',*,*,#120,.F.);
#120 = EDGE_CURVE('',#51,#113,#121,.T.);
#121 = LINE('',#122,#123);
#122 = CARTESIAN_POINT('',(180.2511,-91.2876,0.));
#123 = VECTOR('',#124,1.);
#124 = DIRECTION('',(0.707106781187,-0.707106781187,0.));
#125 = PLANE('',#126);
#126 = AXIS2_PLACEMENT_3D('',#127,#128,#129);
#127 = CARTESIAN_POINT('',(180.2511,-91.2876,0.));
#128 = DIRECTION('',(0.707106781187,0.707106781187,-0.));
#129 = DIRECTION('',(0.707106781187,-0.707106781187,0.));
#130 = ADVANCED_FACE('',(#131,#209,#274,#285,#332,#379,#390,#401,#412,
    #423,#434,#445,#456,#467,#478,#489,#500,#511,#522,#533,#544,#555,
    #566,#577,#588,#599,#610,#621,#632,#643,#654,#665,#676,#687,#698,
    #709,#720,#731,#742,#753,#764,#775,#786,#797,#808,#819,#830,#841,
    #852,#863,#874,#885,#896,#907,#918,#929,#940,#951,#962,#973,#984,
    #995,#1006,#1017,#1028,#1039,#1050,#1061,#1072,#1083,#1094,#1105,
    #1116,#1127,#1138,#1149,#1160,#1171,#1182,#1193,#1204,#1215,#1226,
    #1237,#1248,#1259,#1270,#1281,#1292,#1303,#1314,#1325),#1336,.F.);
#131 = FACE_BOUND('',#132,.F.);
#132 = EDGE_LOOP('',(#133,#134,#135,#143,#152,#160,#169,#177,#186,#194,
    #202,#208));
#133 = ORIENTED_EDGE('',*,*,#58,.F.);
#134 = ORIENTED_EDGE('',*,*,#89,.F.);
#135 = ORIENTED_EDGE('',*,*,#136,.F.);
#136 = EDGE_CURVE('',#137,#73,#139,.T.);
#137 = VERTEX_POINT('',#138);
#138 = CARTESIAN_POINT('',(115.2111,-78.3336,0.));
#139 = LINE('',#140,#141);
#140 = CARTESIAN_POINT('',(115.2111,-78.3336,0.));
#141 = VECTOR('',#142,1.);
#142 = DIRECTION('',(1.,0.,0.));
#143 = ORIENTED_EDGE('',*,*,#144,.F.);
#144 = EDGE_CURVE('',#145,#137,#147,.T.);
#145 = VERTEX_POINT('',#146);
#146 = CARTESIAN_POINT('',(114.2111,-79.3336,0.));
#147 = CIRCLE('',#148,0.999999252925);
#148 = AXIS2_PLACEMENT_3D('',#149,#150,#151);
#149 = CARTESIAN_POINT('',(115.21109925292,-79.33359925292,0.));
#150 = DIRECTION('',(0.,0.,-1.));
#151 = DIRECTION('',(-1.,-7.470757633756E-07,-0.));
#152 = ORIENTED_EDGE('',*,*,#153,.F.);
#153 = EDGE_CURVE('',#154,#145,#156,.T.);
#154 = VERTEX_POINT('',#155);
#155 = CARTESIAN_POINT('',(114.2111,-130.6736,0.));
#156 = LINE('',#157,#158);
#157 = CARTESIAN_POINT('',(114.2111,-130.6736,0.));
#158 = VECTOR('',#159,1.);
#159 = DIRECTION('',(0.,1.,0.));
#160 = ORIENTED_EDGE('',*,*,#161,.F.);
#161 = EDGE_CURVE('',#162,#154,#164,.T.);
#162 = VERTEX_POINT('',#163);
#163 = CARTESIAN_POINT('',(115.2111,-131.6736,0.));
#164 = CIRCLE('',#165,0.999999252925);
#165 = AXIS2_PLACEMENT_3D('',#166,#167,#168);
#166 = CARTESIAN_POINT('',(115.21109925292,-130.673600747,0.));
#167 = DIRECTION('',(0.,0.,-1.));
#168 = DIRECTION('',(7.470757633756E-07,-1.,0.));
#169 = ORIENTED_EDGE('',*,*,#170,.F.);
#170 = EDGE_CURVE('',#171,#162,#173,.T.);
#171 = VERTEX_POINT('',#172);
#172 = CARTESIAN_POINT('',(179.2511,-131.6736,0.));
#173 = LINE('',#174,#175);
#174 = CARTESIAN_POINT('',(179.2511,-131.6736,0.));
#175 = VECTOR('',#176,1.);
#176 = DIRECTION('',(-1.,0.,0.));
#177 = ORIENTED_EDGE('',*,*,#178,.F.);
#178 = EDGE_CURVE('',#179,#171,#181,.T.);
#179 = VERTEX_POINT('',#180);
#180 = CARTESIAN_POINT('',(180.2511,-130.6736,0.));
#181 = CIRCLE('',#182,0.999999252925);
#182 = AXIS2_PLACEMENT_3D('',#183,#184,#185);
#183 = CARTESIAN_POINT('',(179.25110074707,-130.673600747,0.));
#184 = DIRECTION('',(0.,0.,-1.));
#185 = DIRECTION('',(1.,7.470757065321E-07,0.));
#186 = ORIENTED_EDGE('',*,*,#187,.F.);
#187 = EDGE_CURVE('',#188,#179,#190,.T.);
#188 = VERTEX_POINT('',#189);
#189 = CARTESIAN_POINT('',(180.2511,-129.1336,0.));
#190 = LINE('',#191,#192);
#191 = CARTESIAN_POINT('',(180.2511,-129.1336,0.));
#192 = VECTOR('',#193,1.);
#193 = DIRECTION('',(0.,-1.,0.));
#194 = ORIENTED_EDGE('',*,*,#195,.F.);
#195 = EDGE_CURVE('',#196,#188,#198,.T.);
#196 = VERTEX_POINT('',#197);
#197 = CARTESIAN_POINT('',(182.7911,-126.5936,0.));
#198 = LINE('',#199,#200);
#199 = CARTESIAN_POINT('',(182.7911,-126.5936,0.));
#200 = VECTOR('',#201,1.);
#201 = DIRECTION('',(-0.707106781187,-0.707106781187,0.));
#202 = ORIENTED_EDGE('',*,*,#203,.F.);
#203 = EDGE_CURVE('',#113,#196,#204,.T.);
#204 = LINE('',#205,#206);
#205 = CARTESIAN_POINT('',(182.7911,-93.8276,0.));
#206 = VECTOR('',#207,1.);
#207 = DIRECTION('',(0.,-1.,0.));
#208 = ORIENTED_EDGE('',*,*,#120,.F.);
#209 = FACE_BOUND('',#210,.F.);
#210 = EDGE_LOOP('',(#211,#222,#231,#240,#249,#258,#267));
#211 = ORIENTED_EDGE('',*,*,#212,.T.);
#212 = EDGE_CURVE('',#213,#215,#217,.T.);
#213 = VERTEX_POINT('',#214);
#214 = CARTESIAN_POINT('',(122.5169,-128.898229851,0.));
#215 = VERTEX_POINT('',#216);
#216 = CARTESIAN_POINT('',(122.1359,-129.0216,0.));
#217 = CIRCLE('',#218,0.65);
#218 = AXIS2_PLACEMENT_3D('',#219,#220,#221);
#219 = CARTESIAN_POINT('',(122.1359,-128.3716,0.));
#220 = DIRECTION('',(-0.,0.,-1.));
#221 = DIRECTION('',(2.1862853408E-14,-1.,-0.));
#222 = ORIENTED_EDGE('',*,*,#223,.T.);
#223 = EDGE_CURVE('',#215,#224,#226,.T.);
#224 = VERTEX_POINT('',#225);
#225 = CARTESIAN_POINT('',(122.5169,-127.8449701489,0.));
#226 = CIRCLE('',#227,0.65);
#227 = AXIS2_PLACEMENT_3D('',#228,#229,#230);
#228 = CARTESIAN_POINT('',(122.1359,-128.3716,0.));
#229 = DIRECTION('',(-0.,0.,-1.));
#230 = DIRECTION('',(2.1862853408E-14,-1.,-0.));
#231 = ORIENTED_EDGE('',*,*,#232,.T.);
#232 = EDGE_CURVE('',#224,#233,#235,.T.);
#233 = VERTEX_POINT('',#234);
#234 = CARTESIAN_POINT('',(123.2789,-127.8449701489,0.));
#235 = CIRCLE('',#236,0.65);
#236 = AXIS2_PLACEMENT_3D('',#237,#238,#239);
#237 = CARTESIAN_POINT('',(122.8979,-128.3716,0.));
#238 = DIRECTION('',(-0.,0.,-1.));
#239 = DIRECTION('',(2.1862853408E-14,-1.,-0.));
#240 = ORIENTED_EDGE('',*,*,#241,.T.);
#241 = EDGE_CURVE('',#233,#242,#244,.T.);
#242 = VERTEX_POINT('',#243);
#243 = CARTESIAN_POINT('',(123.6599,-129.0216,0.));
#244 = CIRCLE('',#245,0.65);
#245 = AXIS2_PLACEMENT_3D('',#246,#247,#248);
#246 = CARTESIAN_POINT('',(123.6599,-128.3716,0.));
#247 = DIRECTION('',(-0.,0.,-1.));
#248 = DIRECTION('',(-0.,-1.,0.));
#249 = ORIENTED_EDGE('',*,*,#250,.T.);
#250 = EDGE_CURVE('',#242,#251,#253,.T.);
#251 = VERTEX_POINT('',#252);
#252 = CARTESIAN_POINT('',(123.2789,-128.898229851,0.));
#253 = CIRCLE('',#254,0.65);
#254 = AXIS2_PLACEMENT_3D('',#255,#256,#257);
#255 = CARTESIAN_POINT('',(123.6599,-128.3716,0.));
#256 = DIRECTION('',(-0.,0.,-1.));
#257 = DIRECTION('',(-0.,-1.,0.));
#258 = ORIENTED_EDGE('',*,*,#259,.T.);
#259 = EDGE_CURVE('',#251,#260,#262,.T.);
#260 = VERTEX_POINT('',#261);
#261 = CARTESIAN_POINT('',(122.8979,-129.0216,0.));
#262 = CIRCLE('',#263,0.65);
#263 = AXIS2_PLACEMENT_3D('',#264,#265,#266);
#264 = CARTESIAN_POINT('',(122.8979,-128.3716,0.));
#265 = DIRECTION('',(-0.,0.,-1.));
#266 = DIRECTION('',(2.1862853408E-14,-1.,-0.));
#267 = ORIENTED_EDGE('',*,*,#268,.T.);
#268 = EDGE_CURVE('',#260,#213,#269,.T.);
#269 = CIRCLE('',#270,0.65);
#270 = AXIS2_PLACEMENT_3D('',#271,#272,#273);
#271 = CARTESIAN_POINT('',(122.8979,-128.3716,0.));
#272 = DIRECTION('',(-0.,0.,-1.));
#273 = DIRECTION('',(2.1862853408E-14,-1.,-0.));
#274 = FACE_BOUND('',#275,.F.);
#275 = EDGE_LOOP('',(#276));
#276 = ORIENTED_EDGE('',*,*,#277,.T.);
#277 = EDGE_CURVE('',#278,#278,#280,.T.);
#278 = VERTEX_POINT('',#279);
#279 = CARTESIAN_POINT('',(128.1811,-130.7336,0.));
#280 = CIRCLE('',#281,1.6);
#281 = AXIS2_PLACEMENT_3D('',#282,#283,#284);
#282 = CARTESIAN_POINT('',(128.1811,-129.1336,0.));
#283 = DIRECTION('',(-0.,0.,-1.));
#284 = DIRECTION('',(-1.7763568394E-14,-1.,0.));
#285 = FACE_BOUND('',#286,.F.);
#286 = EDGE_LOOP('',(#287,#298,#307,#316,#325));
#287 = ORIENTED_EDGE('',*,*,#288,.T.);
#288 = EDGE_CURVE('',#289,#291,#293,.T.);
#289 = VERTEX_POINT('',#290);
#290 = CARTESIAN_POINT('',(119.37407014896,-123.7488,0.));
#291 = VERTEX_POINT('',#292);
#292 = CARTESIAN_POINT('',(119.37407014896,-122.9868,0.));
#293 = CIRCLE('',#294,0.65);
#294 = AXIS2_PLACEMENT_3D('',#295,#296,#297);
#295 = CARTESIAN_POINT('',(119.9007,-123.3678,0.));
#296 = DIRECTION('',(-0.,0.,-1.));
#297 = DIRECTION('',(-0.,-1.,0.));
#298 = ORIENTED_EDGE('',*,*,#299,.T.);
#299 = EDGE_CURVE('',#291,#300,#302,.T.);
#300 = VERTEX_POINT('',#301);
#301 = CARTESIAN_POINT('',(120.42732985103,-122.9868,0.));
#302 = CIRCLE('',#303,0.65);
#303 = AXIS2_PLACEMENT_3D('',#304,#305,#306);
#304 = CARTESIAN_POINT('',(119.9007,-122.6058,0.));
#305 = DIRECTION('',(-0.,0.,-1.));
#306 = DIRECTION('',(-0.,-1.,0.));
#307 = ORIENTED_EDGE('',*,*,#308,.T.);
#308 = EDGE_CURVE('',#300,#309,#311,.T.);
#309 = VERTEX_POINT('',#310);
#310 = CARTESIAN_POINT('',(120.42732985103,-123.7488,0.));
#311 = CIRCLE('',#312,0.65);
#312 = AXIS2_PLACEMENT_3D('',#313,#314,#315);
#313 = CARTESIAN_POINT('',(119.9007,-123.3678,0.));
#314 = DIRECTION('',(-0.,0.,-1.));
#315 = DIRECTION('',(-0.,-1.,0.));
#316 = ORIENTED_EDGE('',*,*,#317,.T.);
#317 = EDGE_CURVE('',#309,#318,#320,.T.);
#318 = VERTEX_POINT('',#319);
#319 = CARTESIAN_POINT('',(119.9007,-124.7798,0.));
#320 = CIRCLE('',#321,0.65);
#321 = AXIS2_PLACEMENT_3D('',#322,#323,#324);
#322 = CARTESIAN_POINT('',(119.9007,-124.1298,0.));
#323 = DIRECTION('',(-0.,0.,-1.));
#324 = DIRECTION('',(-0.,-1.,0.));
#325 = ORIENTED_EDGE('',*,*,#326,.T.);
#326 = EDGE_CURVE('',#318,#289,#327,.T.);
#327 = CIRCLE('',#328,0.65);
#328 = AXIS2_PLACEMENT_3D('',#329,#330,#331);
#329 = CARTESIAN_POINT('',(119.9007,-124.1298,0.));
#330 = DIRECTION('',(-0.,0.,-1.));
#331 = DIRECTION('',(-0.,-1.,0.));
#332 = FACE_BOUND('',#333,.F.);
#333 = EDGE_LOOP('',(#334,#345,#354,#363,#372));
#334 = ORIENTED_EDGE('',*,*,#335,.T.);
#335 = EDGE_CURVE('',#336,#338,#340,.T.);
#336 = VERTEX_POINT('',#337);
#337 = CARTESIAN_POINT('',(125.36847014896,-123.7488,0.));
#338 = VERTEX_POINT('',#339);
#339 = CARTESIAN_POINT('',(125.36847014896,-122.9868,0.));
#340 = CIRCLE('',#341,0.65);
#341 = AXIS2_PLACEMENT_3D('',#342,#343,#344);
#342 = CARTESIAN_POINT('',(125.8951,-123.3678,0.));
#343 = DIRECTION('',(-0.,0.,-1.));
#344 = DIRECTION('',(-0.,-1.,0.));
#345 = ORIENTED_EDGE('',*,*,#346,.T.);
#346 = EDGE_CURVE('',#338,#347,#349,.T.);
#347 = VERTEX_POINT('',#348);
#348 = CARTESIAN_POINT('',(126.42172985103,-122.9868,0.));
#349 = CIRCLE('',#350,0.65);
#350 = AXIS2_PLACEMENT_3D('',#351,#352,#353);
#351 = CARTESIAN_POINT('',(125.8951,-122.6058,0.));
#352 = DIRECTION('',(-0.,0.,-1.));
#353 = DIRECTION('',(-0.,-1.,0.));
#354 = ORIENTED_EDGE('',*,*,#355,.T.);
#355 = EDGE_CURVE('',#347,#356,#358,.T.);
#356 = VERTEX_POINT('',#357);
#357 = CARTESIAN_POINT('',(126.42172985103,-123.7488,0.));
#358 = CIRCLE('',#359,0.65);
#359 = AXIS2_PLACEMENT_3D('',#360,#361,#362);
#360 = CARTESIAN_POINT('',(125.8951,-123.3678,0.));
#361 = DIRECTION('',(-0.,0.,-1.));
#362 = DIRECTION('',(-0.,-1.,0.));
#363 = ORIENTED_EDGE('',*,*,#364,.T.);
#364 = EDGE_CURVE('',#356,#365,#367,.T.);
#365 = VERTEX_POINT('',#366);
#366 = CARTESIAN_POINT('',(125.8951,-124.7798,0.));
#367 = CIRCLE('',#368,0.65);
#368 = AXIS2_PLACEMENT_3D('',#369,#370,#371);
#369 = CARTESIAN_POINT('',(125.8951,-124.1298,0.));
#370 = DIRECTION('',(-0.,0.,-1.));
#371 = DIRECTION('',(-0.,-1.,0.));
#372 = ORIENTED_EDGE('',*,*,#373,.T.);
#373 = EDGE_CURVE('',#365,#336,#374,.T.);
#374 = CIRCLE('',#375,0.65);
#375 = AXIS2_PLACEMENT_3D('',#376,#377,#378);
#376 = CARTESIAN_POINT('',(125.8951,-124.1298,0.));
#377 = DIRECTION('',(-0.,0.,-1.));
#378 = DIRECTION('',(-0.,-1.,0.));
#379 = FACE_BOUND('',#380,.F.);
#380 = EDGE_LOOP('',(#381));
#381 = ORIENTED_EDGE('',*,*,#382,.T.);
#382 = EDGE_CURVE('',#383,#383,#385,.T.);
#383 = VERTEX_POINT('',#384);
#384 = CARTESIAN_POINT('',(142.1511,-129.5586,0.));
#385 = CIRCLE('',#386,0.425);
#386 = AXIS2_PLACEMENT_3D('',#387,#388,#389);
#387 = CARTESIAN_POINT('',(142.1511,-129.1336,0.));
#388 = DIRECTION('',(-0.,0.,-1.));
#389 = DIRECTION('',(6.687461042447E-14,-1.,-0.));
#390 = FACE_BOUND('',#391,.F.);
#391 = EDGE_LOOP('',(#392));
#392 = ORIENTED_EDGE('',*,*,#393,.T.);
#393 = EDGE_CURVE('',#394,#394,#396,.T.);
#394 = VERTEX_POINT('',#395);
#395 = CARTESIAN_POINT('',(144.6911,-129.5586,0.));
#396 = CIRCLE('',#397,0.425);
#397 = AXIS2_PLACEMENT_3D('',#398,#399,#400);
#398 = CARTESIAN_POINT('',(144.6911,-129.1336,0.));
#399 = DIRECTION('',(-0.,0.,-1.));
#400 = DIRECTION('',(-0.,-1.,0.));
#401 = FACE_BOUND('',#402,.F.);
#402 = EDGE_LOOP('',(#403));
#403 = ORIENTED_EDGE('',*,*,#404,.T.);
#404 = EDGE_CURVE('',#405,#405,#407,.T.);
#405 = VERTEX_POINT('',#406);
#406 = CARTESIAN_POINT('',(147.2311,-129.5586,0.));
#407 = CIRCLE('',#408,0.425);
#408 = AXIS2_PLACEMENT_3D('',#409,#410,#411);
#409 = CARTESIAN_POINT('',(147.2311,-129.1336,0.));
#410 = DIRECTION('',(-0.,0.,-1.));
#411 = DIRECTION('',(-0.,-1.,0.));
#412 = FACE_BOUND('',#413,.F.);
#413 = EDGE_LOOP('',(#414));
#414 = ORIENTED_EDGE('',*,*,#415,.T.);
#415 = EDGE_CURVE('',#416,#416,#418,.T.);
#416 = VERTEX_POINT('',#417);
#417 = CARTESIAN_POINT('',(144.0561,-119.5256,0.));
#418 = CIRCLE('',#419,0.425);
#419 = AXIS2_PLACEMENT_3D('',#420,#421,#422);
#420 = CARTESIAN_POINT('',(144.0561,-119.1006,0.));
#421 = DIRECTION('',(-0.,0.,-1.));
#422 = DIRECTION('',(-6.687461042448E-14,-1.,0.));
#423 = FACE_BOUND('',#424,.F.);
#424 = EDGE_LOOP('',(#425));
#425 = ORIENTED_EDGE('',*,*,#426,.T.);
#426 = EDGE_CURVE('',#427,#427,#429,.T.);
#427 = VERTEX_POINT('',#428);
#428 = CARTESIAN_POINT('',(146.5961,-119.5256,0.));
#429 = CIRCLE('',#430,0.425);
#430 = AXIS2_PLACEMENT_3D('',#431,#432,#433);
#431 = CARTESIAN_POINT('',(146.5961,-119.1006,0.));
#432 = DIRECTION('',(-0.,0.,-1.));
#433 = DIRECTION('',(6.687461042447E-14,-1.,-0.));
#434 = FACE_BOUND('',#435,.F.);
#435 = EDGE_LOOP('',(#436));
#436 = ORIENTED_EDGE('',*,*,#437,.T.);
#437 = EDGE_CURVE('',#438,#438,#440,.T.);
#438 = VERTEX_POINT('',#439);
#439 = CARTESIAN_POINT('',(149.1361,-119.5256,0.));
#440 = CIRCLE('',#441,0.425);
#441 = AXIS2_PLACEMENT_3D('',#442,#443,#444);
#442 = CARTESIAN_POINT('',(149.1361,-119.1006,0.));
#443 = DIRECTION('',(-0.,0.,-1.));
#444 = DIRECTION('',(-0.,-1.,0.));
#445 = FACE_BOUND('',#446,.F.);
#446 = EDGE_LOOP('',(#447));
#447 = ORIENTED_EDGE('',*,*,#448,.T.);
#448 = EDGE_CURVE('',#449,#449,#451,.T.);
#449 = VERTEX_POINT('',#450);
#450 = CARTESIAN_POINT('',(130.5941,-105.9366,0.));
#451 = CIRCLE('',#452,0.425);
#452 = AXIS2_PLACEMENT_3D('',#453,#454,#455);
#453 = CARTESIAN_POINT('',(130.5941,-105.5116,0.));
#454 = DIRECTION('',(-0.,0.,-1.));
#455 = DIRECTION('',(-0.,-1.,0.));
#456 = FACE_BOUND('',#457,.F.);
#457 = EDGE_LOOP('',(#458));
#458 = ORIENTED_EDGE('',*,*,#459,.T.);
#459 = EDGE_CURVE('',#460,#460,#462,.T.);
#460 = VERTEX_POINT('',#461);
#461 = CARTESIAN_POINT('',(144.0561,-111.9056,0.));
#462 = CIRCLE('',#463,0.425);
#463 = AXIS2_PLACEMENT_3D('',#464,#465,#466);
#464 = CARTESIAN_POINT('',(144.0561,-111.4806,0.));
#465 = DIRECTION('',(-0.,0.,-1.));
#466 = DIRECTION('',(-6.687461042448E-14,-1.,0.));
#467 = FACE_BOUND('',#468,.F.);
#468 = EDGE_LOOP('',(#469));
#469 = ORIENTED_EDGE('',*,*,#470,.T.);
#470 = EDGE_CURVE('',#471,#471,#473,.T.);
#471 = VERTEX_POINT('',#472);
#472 = CARTESIAN_POINT('',(146.5961,-111.9056,0.));
#473 = CIRCLE('',#474,0.425);
#474 = AXIS2_PLACEMENT_3D('',#475,#476,#477);
#475 = CARTESIAN_POINT('',(146.5961,-111.4806,0.));
#476 = DIRECTION('',(-0.,0.,-1.));
#477 = DIRECTION('',(6.687461042448E-14,-1.,-0.));
#478 = FACE_BOUND('',#479,.F.);
#479 = EDGE_LOOP('',(#480));
#480 = ORIENTED_EDGE('',*,*,#481,.T.);
#481 = EDGE_CURVE('',#482,#482,#484,.T.);
#482 = VERTEX_POINT('',#483);
#483 = CARTESIAN_POINT('',(149.1361,-111.9056,0.));
#484 = CIRCLE('',#485,0.425);
#485 = AXIS2_PLACEMENT_3D('',#486,#487,#488);
#486 = CARTESIAN_POINT('',(149.1361,-111.4806,0.));
#487 = DIRECTION('',(-0.,0.,-1.));
#488 = DIRECTION('',(-0.,-1.,0.));
#489 = FACE_BOUND('',#490,.F.);
#490 = EDGE_LOOP('',(#491));
#491 = ORIENTED_EDGE('',*,*,#492,.T.);
#492 = EDGE_CURVE('',#493,#493,#495,.T.);
#493 = VERTEX_POINT('',#494);
#494 = CARTESIAN_POINT('',(135.6741,-105.9366,0.));
#495 = CIRCLE('',#496,0.425);
#496 = AXIS2_PLACEMENT_3D('',#497,#498,#499);
#497 = CARTESIAN_POINT('',(135.6741,-105.5116,0.));
#498 = DIRECTION('',(-0.,0.,-1.));
#499 = DIRECTION('',(-0.,-1.,0.));
#500 = FACE_BOUND('',#501,.F.);
#501 = EDGE_LOOP('',(#502));
#502 = ORIENTED_EDGE('',*,*,#503,.T.);
#503 = EDGE_CURVE('',#504,#504,#506,.T.);
#504 = VERTEX_POINT('',#505);
#505 = CARTESIAN_POINT('',(149.7711,-129.5586,0.));
#506 = CIRCLE('',#507,0.425);
#507 = AXIS2_PLACEMENT_3D('',#508,#509,#510);
#508 = CARTESIAN_POINT('',(149.7711,-129.1336,0.));
#509 = DIRECTION('',(-0.,0.,-1.));
#510 = DIRECTION('',(-0.,-1.,0.));
#511 = FACE_BOUND('',#512,.F.);
#512 = EDGE_LOOP('',(#513));
#513 = ORIENTED_EDGE('',*,*,#514,.T.);
#514 = EDGE_CURVE('',#515,#515,#517,.T.);
#515 = VERTEX_POINT('',#516);
#516 = CARTESIAN_POINT('',(152.3111,-129.5586,0.));
#517 = CIRCLE('',#518,0.425);
#518 = AXIS2_PLACEMENT_3D('',#519,#520,#521);
#519 = CARTESIAN_POINT('',(152.3111,-129.1336,0.));
#520 = DIRECTION('',(-0.,0.,-1.));
#521 = DIRECTION('',(-0.,-1.,0.));
#522 = FACE_BOUND('',#523,.F.);
#523 = EDGE_LOOP('',(#524));
#524 = ORIENTED_EDGE('',*,*,#525,.T.);
#525 = EDGE_CURVE('',#526,#526,#528,.T.);
#526 = VERTEX_POINT('',#527);
#527 = CARTESIAN_POINT('',(154.8511,-129.5586,0.));
#528 = CIRCLE('',#529,0.425);
#529 = AXIS2_PLACEMENT_3D('',#530,#531,#532);
#530 = CARTESIAN_POINT('',(154.8511,-129.1336,0.));
#531 = DIRECTION('',(-0.,0.,-1.));
#532 = DIRECTION('',(-0.,-1.,0.));
#533 = FACE_BOUND('',#534,.F.);
#534 = EDGE_LOOP('',(#535));
#535 = ORIENTED_EDGE('',*,*,#536,.T.);
#536 = EDGE_CURVE('',#537,#537,#539,.T.);
#537 = VERTEX_POINT('',#538);
#538 = CARTESIAN_POINT('',(157.3911,-129.5586,0.));
#539 = CIRCLE('',#540,0.425);
#540 = AXIS2_PLACEMENT_3D('',#541,#542,#543);
#541 = CARTESIAN_POINT('',(157.3911,-129.1336,0.));
#542 = DIRECTION('',(-0.,0.,-1.));
#543 = DIRECTION('',(-0.,-1.,0.));
#544 = FACE_BOUND('',#545,.F.);
#545 = EDGE_LOOP('',(#546));
#546 = ORIENTED_EDGE('',*,*,#547,.T.);
#547 = EDGE_CURVE('',#548,#548,#550,.T.);
#548 = VERTEX_POINT('',#549);
#549 = CARTESIAN_POINT('',(159.9311,-129.5586,0.));
#550 = CIRCLE('',#551,0.425);
#551 = AXIS2_PLACEMENT_3D('',#552,#553,#554);
#552 = CARTESIAN_POINT('',(159.9311,-129.1336,0.));
#553 = DIRECTION('',(-0.,0.,-1.));
#554 = DIRECTION('',(-6.687461042448E-14,-1.,0.));
#555 = FACE_BOUND('',#556,.F.);
#556 = EDGE_LOOP('',(#557));
#557 = ORIENTED_EDGE('',*,*,#558,.T.);
#558 = EDGE_CURVE('',#559,#559,#561,.T.);
#559 = VERTEX_POINT('',#560);
#560 = CARTESIAN_POINT('',(165.0111,-129.5586,0.));
#561 = CIRCLE('',#562,0.425);
#562 = AXIS2_PLACEMENT_3D('',#563,#564,#565);
#563 = CARTESIAN_POINT('',(165.0111,-129.1336,0.));
#564 = DIRECTION('',(-0.,0.,-1.));
#565 = DIRECTION('',(-0.,-1.,0.));
#566 = FACE_BOUND('',#567,.F.);
#567 = EDGE_LOOP('',(#568));
#568 = ORIENTED_EDGE('',*,*,#569,.T.);
#569 = EDGE_CURVE('',#570,#570,#572,.T.);
#570 = VERTEX_POINT('',#571);
#571 = CARTESIAN_POINT('',(151.6761,-119.5256,0.));
#572 = CIRCLE('',#573,0.425);
#573 = AXIS2_PLACEMENT_3D('',#574,#575,#576);
#574 = CARTESIAN_POINT('',(151.6761,-119.1006,0.));
#575 = DIRECTION('',(-0.,0.,-1.));
#576 = DIRECTION('',(-6.687461042448E-14,-1.,0.));
#577 = FACE_BOUND('',#578,.F.);
#578 = EDGE_LOOP('',(#579));
#579 = ORIENTED_EDGE('',*,*,#580,.T.);
#580 = EDGE_CURVE('',#581,#581,#583,.T.);
#581 = VERTEX_POINT('',#582);
#582 = CARTESIAN_POINT('',(154.2161,-119.5256,0.));
#583 = CIRCLE('',#584,0.425);
#584 = AXIS2_PLACEMENT_3D('',#585,#586,#587);
#585 = CARTESIAN_POINT('',(154.2161,-119.1006,0.));
#586 = DIRECTION('',(-0.,0.,-1.));
#587 = DIRECTION('',(6.687461042447E-14,-1.,-0.));
#588 = FACE_BOUND('',#589,.F.);
#589 = EDGE_LOOP('',(#590));
#590 = ORIENTED_EDGE('',*,*,#591,.T.);
#591 = EDGE_CURVE('',#592,#592,#594,.T.);
#592 = VERTEX_POINT('',#593);
#593 = CARTESIAN_POINT('',(156.7561,-119.5256,0.));
#594 = CIRCLE('',#595,0.425);
#595 = AXIS2_PLACEMENT_3D('',#596,#597,#598);
#596 = CARTESIAN_POINT('',(156.7561,-119.1006,0.));
#597 = DIRECTION('',(-0.,0.,-1.));
#598 = DIRECTION('',(-0.,-1.,0.));
#599 = FACE_BOUND('',#600,.F.);
#600 = EDGE_LOOP('',(#601));
#601 = ORIENTED_EDGE('',*,*,#602,.T.);
#602 = EDGE_CURVE('',#603,#603,#605,.T.);
#603 = VERTEX_POINT('',#604);
#604 = CARTESIAN_POINT('',(159.2961,-119.5256,0.));
#605 = CIRCLE('',#606,0.425);
#606 = AXIS2_PLACEMENT_3D('',#607,#608,#609);
#607 = CARTESIAN_POINT('',(159.2961,-119.1006,0.));
#608 = DIRECTION('',(-0.,0.,-1.));
#609 = DIRECTION('',(-6.687461042448E-14,-1.,0.));
#610 = FACE_BOUND('',#611,.F.);
#611 = EDGE_LOOP('',(#612));
#612 = ORIENTED_EDGE('',*,*,#613,.T.);
#613 = EDGE_CURVE('',#614,#614,#616,.T.);
#614 = VERTEX_POINT('',#615);
#615 = CARTESIAN_POINT('',(161.8361,-119.5256,0.));
#616 = CIRCLE('',#617,0.425);
#617 = AXIS2_PLACEMENT_3D('',#618,#619,#620);
#618 = CARTESIAN_POINT('',(161.8361,-119.1006,0.));
#619 = DIRECTION('',(-0.,0.,-1.));
#620 = DIRECTION('',(-0.,-1.,0.));
#621 = FACE_BOUND('',#622,.F.);
#622 = EDGE_LOOP('',(#623));
#623 = ORIENTED_EDGE('',*,*,#624,.T.);
#624 = EDGE_CURVE('',#625,#625,#627,.T.);
#625 = VERTEX_POINT('',#626);
#626 = CARTESIAN_POINT('',(164.3761,-119.5256,0.));
#627 = CIRCLE('',#628,0.425);
#628 = AXIS2_PLACEMENT_3D('',#629,#630,#631);
#629 = CARTESIAN_POINT('',(164.3761,-119.1006,0.));
#630 = DIRECTION('',(-0.,0.,-1.));
#631 = DIRECTION('',(-0.,-1.,0.));
#632 = FACE_BOUND('',#633,.F.);
#633 = EDGE_LOOP('',(#634));
#634 = ORIENTED_EDGE('',*,*,#635,.T.);
#635 = EDGE_CURVE('',#636,#636,#638,.T.);
#636 = VERTEX_POINT('',#637);
#637 = CARTESIAN_POINT('',(167.5511,-129.5586,0.));
#638 = CIRCLE('',#639,0.425);
#639 = AXIS2_PLACEMENT_3D('',#640,#641,#642);
#640 = CARTESIAN_POINT('',(167.5511,-129.1336,0.));
#641 = DIRECTION('',(-0.,0.,-1.));
#642 = DIRECTION('',(-6.687461042448E-14,-1.,0.));
#643 = FACE_BOUND('',#644,.F.);
#644 = EDGE_LOOP('',(#645));
#645 = ORIENTED_EDGE('',*,*,#646,.T.);
#646 = EDGE_CURVE('',#647,#647,#649,.T.);
#647 = VERTEX_POINT('',#648);
#648 = CARTESIAN_POINT('',(170.0911,-129.5586,0.));
#649 = CIRCLE('',#650,0.425);
#650 = AXIS2_PLACEMENT_3D('',#651,#652,#653);
#651 = CARTESIAN_POINT('',(170.0911,-129.1336,0.));
#652 = DIRECTION('',(-0.,0.,-1.));
#653 = DIRECTION('',(6.687461042447E-14,-1.,-0.));
#654 = FACE_BOUND('',#655,.F.);
#655 = EDGE_LOOP('',(#656));
#656 = ORIENTED_EDGE('',*,*,#657,.T.);
#657 = EDGE_CURVE('',#658,#658,#660,.T.);
#658 = VERTEX_POINT('',#659);
#659 = CARTESIAN_POINT('',(172.6311,-129.5586,0.));
#660 = CIRCLE('',#661,0.425);
#661 = AXIS2_PLACEMENT_3D('',#662,#663,#664);
#662 = CARTESIAN_POINT('',(172.6311,-129.1336,0.));
#663 = DIRECTION('',(-0.,0.,-1.));
#664 = DIRECTION('',(-0.,-1.,0.));
#665 = FACE_BOUND('',#666,.F.);
#666 = EDGE_LOOP('',(#667));
#667 = ORIENTED_EDGE('',*,*,#668,.T.);
#668 = EDGE_CURVE('',#669,#669,#671,.T.);
#669 = VERTEX_POINT('',#670);
#670 = CARTESIAN_POINT('',(175.1711,-129.5586,0.));
#671 = CIRCLE('',#672,0.425);
#672 = AXIS2_PLACEMENT_3D('',#673,#674,#675);
#673 = CARTESIAN_POINT('',(175.1711,-129.1336,0.));
#674 = DIRECTION('',(-0.,0.,-1.));
#675 = DIRECTION('',(-6.687461042448E-14,-1.,0.));
#676 = FACE_BOUND('',#677,.F.);
#677 = EDGE_LOOP('',(#678));
#678 = ORIENTED_EDGE('',*,*,#679,.T.);
#679 = EDGE_CURVE('',#680,#680,#682,.T.);
#680 = VERTEX_POINT('',#681);
#681 = CARTESIAN_POINT('',(177.7111,-129.5586,0.));
#682 = CIRCLE('',#683,0.425);
#683 = AXIS2_PLACEMENT_3D('',#684,#685,#686);
#684 = CARTESIAN_POINT('',(177.7111,-129.1336,0.));
#685 = DIRECTION('',(-0.,0.,-1.));
#686 = DIRECTION('',(-0.,-1.,0.));
#687 = FACE_BOUND('',#688,.F.);
#688 = EDGE_LOOP('',(#689));
#689 = ORIENTED_EDGE('',*,*,#690,.T.);
#690 = EDGE_CURVE('',#691,#691,#693,.T.);
#691 = VERTEX_POINT('',#692);
#692 = CARTESIAN_POINT('',(166.9161,-119.5256,0.));
#693 = CIRCLE('',#694,0.425);
#694 = AXIS2_PLACEMENT_3D('',#695,#696,#697);
#695 = CARTESIAN_POINT('',(166.9161,-119.1006,0.));
#696 = DIRECTION('',(-0.,0.,-1.));
#697 = DIRECTION('',(-0.,-1.,0.));
#698 = FACE_BOUND('',#699,.F.);
#699 = EDGE_LOOP('',(#700));
#700 = ORIENTED_EDGE('',*,*,#701,.T.);
#701 = EDGE_CURVE('',#702,#702,#704,.T.);
#702 = VERTEX_POINT('',#703);
#703 = CARTESIAN_POINT('',(169.4561,-119.5256,0.));
#704 = CIRCLE('',#705,0.425);
#705 = AXIS2_PLACEMENT_3D('',#706,#707,#708);
#706 = CARTESIAN_POINT('',(169.4561,-119.1006,0.));
#707 = DIRECTION('',(-0.,0.,-1.));
#708 = DIRECTION('',(-0.,-1.,0.));
#709 = FACE_BOUND('',#710,.F.);
#710 = EDGE_LOOP('',(#711));
#711 = ORIENTED_EDGE('',*,*,#712,.T.);
#712 = EDGE_CURVE('',#713,#713,#715,.T.);
#713 = VERTEX_POINT('',#714);
#714 = CARTESIAN_POINT('',(171.9961,-119.5256,0.));
#715 = CIRCLE('',#716,0.425);
#716 = AXIS2_PLACEMENT_3D('',#717,#718,#719);
#717 = CARTESIAN_POINT('',(171.9961,-119.1006,0.));
#718 = DIRECTION('',(-0.,0.,-1.));
#719 = DIRECTION('',(-0.,-1.,0.));
#720 = FACE_BOUND('',#721,.F.);
#721 = EDGE_LOOP('',(#722));
#722 = ORIENTED_EDGE('',*,*,#723,.T.);
#723 = EDGE_CURVE('',#724,#724,#726,.T.);
#724 = VERTEX_POINT('',#725);
#725 = CARTESIAN_POINT('',(180.2511,-125.6536,0.));
#726 = CIRCLE('',#727,1.6);
#727 = AXIS2_PLACEMENT_3D('',#728,#729,#730);
#728 = CARTESIAN_POINT('',(180.2511,-124.0536,0.));
#729 = DIRECTION('',(-0.,0.,-1.));
#730 = DIRECTION('',(-0.,-1.,0.));
#731 = FACE_BOUND('',#732,.F.);
#732 = EDGE_LOOP('',(#733));
#733 = ORIENTED_EDGE('',*,*,#734,.T.);
#734 = EDGE_CURVE('',#735,#735,#737,.T.);
#735 = VERTEX_POINT('',#736);
#736 = CARTESIAN_POINT('',(174.5361,-119.5256,0.));
#737 = CIRCLE('',#738,0.425);
#738 = AXIS2_PLACEMENT_3D('',#739,#740,#741);
#739 = CARTESIAN_POINT('',(174.5361,-119.1006,0.));
#740 = DIRECTION('',(-0.,0.,-1.));
#741 = DIRECTION('',(6.687461042447E-14,-1.,-0.));
#742 = FACE_BOUND('',#743,.F.);
#743 = EDGE_LOOP('',(#744));
#744 = ORIENTED_EDGE('',*,*,#745,.T.);
#745 = EDGE_CURVE('',#746,#746,#748,.T.);
#746 = VERTEX_POINT('',#747);
#747 = CARTESIAN_POINT('',(177.0761,-119.5256,0.));
#748 = CIRCLE('',#749,0.425);
#749 = AXIS2_PLACEMENT_3D('',#750,#751,#752);
#750 = CARTESIAN_POINT('',(177.0761,-119.1006,0.));
#751 = DIRECTION('',(-0.,0.,-1.));
#752 = DIRECTION('',(-0.,-1.,0.));
#753 = FACE_BOUND('',#754,.F.);
#754 = EDGE_LOOP('',(#755));
#755 = ORIENTED_EDGE('',*,*,#756,.T.);
#756 = EDGE_CURVE('',#757,#757,#759,.T.);
#757 = VERTEX_POINT('',#758);
#758 = CARTESIAN_POINT('',(151.6761,-111.9056,0.));
#759 = CIRCLE('',#760,0.425);
#760 = AXIS2_PLACEMENT_3D('',#761,#762,#763);
#761 = CARTESIAN_POINT('',(151.6761,-111.4806,0.));
#762 = DIRECTION('',(-0.,0.,-1.));
#763 = DIRECTION('',(-6.687461042448E-14,-1.,0.));
#764 = FACE_BOUND('',#765,.F.);
#765 = EDGE_LOOP('',(#766));
#766 = ORIENTED_EDGE('',*,*,#767,.T.);
#767 = EDGE_CURVE('',#768,#768,#770,.T.);
#768 = VERTEX_POINT('',#769);
#769 = CARTESIAN_POINT('',(154.2161,-111.9056,0.));
#770 = CIRCLE('',#771,0.425);
#771 = AXIS2_PLACEMENT_3D('',#772,#773,#774);
#772 = CARTESIAN_POINT('',(154.2161,-111.4806,0.));
#773 = DIRECTION('',(-0.,0.,-1.));
#774 = DIRECTION('',(6.687461042448E-14,-1.,-0.));
#775 = FACE_BOUND('',#776,.F.);
#776 = EDGE_LOOP('',(#777));
#777 = ORIENTED_EDGE('',*,*,#778,.T.);
#778 = EDGE_CURVE('',#779,#779,#781,.T.);
#779 = VERTEX_POINT('',#780);
#780 = CARTESIAN_POINT('',(156.7561,-111.9056,0.));
#781 = CIRCLE('',#782,0.425);
#782 = AXIS2_PLACEMENT_3D('',#783,#784,#785);
#783 = CARTESIAN_POINT('',(156.7561,-111.4806,0.));
#784 = DIRECTION('',(-0.,0.,-1.));
#785 = DIRECTION('',(-0.,-1.,0.));
#786 = FACE_BOUND('',#787,.F.);
#787 = EDGE_LOOP('',(#788));
#788 = ORIENTED_EDGE('',*,*,#789,.T.);
#789 = EDGE_CURVE('',#790,#790,#792,.T.);
#790 = VERTEX_POINT('',#791);
#791 = CARTESIAN_POINT('',(159.2961,-111.9056,0.));
#792 = CIRCLE('',#793,0.425);
#793 = AXIS2_PLACEMENT_3D('',#794,#795,#796);
#794 = CARTESIAN_POINT('',(159.2961,-111.4806,0.));
#795 = DIRECTION('',(-0.,0.,-1.));
#796 = DIRECTION('',(-6.687461042448E-14,-1.,0.));
#797 = FACE_BOUND('',#798,.F.);
#798 = EDGE_LOOP('',(#799));
#799 = ORIENTED_EDGE('',*,*,#800,.T.);
#800 = EDGE_CURVE('',#801,#801,#803,.T.);
#801 = VERTEX_POINT('',#802);
#802 = CARTESIAN_POINT('',(161.8361,-111.9056,0.));
#803 = CIRCLE('',#804,0.425);
#804 = AXIS2_PLACEMENT_3D('',#805,#806,#807);
#805 = CARTESIAN_POINT('',(161.8361,-111.4806,0.));
#806 = DIRECTION('',(-0.,0.,-1.));
#807 = DIRECTION('',(-0.,-1.,0.));
#808 = FACE_BOUND('',#809,.F.);
#809 = EDGE_LOOP('',(#810));
#810 = ORIENTED_EDGE('',*,*,#811,.T.);
#811 = EDGE_CURVE('',#812,#812,#814,.T.);
#812 = VERTEX_POINT('',#813);
#813 = CARTESIAN_POINT('',(164.3761,-111.9056,0.));
#814 = CIRCLE('',#815,0.425);
#815 = AXIS2_PLACEMENT_3D('',#816,#817,#818);
#816 = CARTESIAN_POINT('',(164.3761,-111.4806,0.));
#817 = DIRECTION('',(-0.,0.,-1.));
#818 = DIRECTION('',(-0.,-1.,0.));
#819 = FACE_BOUND('',#820,.F.);
#820 = EDGE_LOOP('',(#821));
#821 = ORIENTED_EDGE('',*,*,#822,.T.);
#822 = EDGE_CURVE('',#823,#823,#825,.T.);
#823 = VERTEX_POINT('',#824);
#824 = CARTESIAN_POINT('',(166.9161,-111.9056,0.));
#825 = CIRCLE('',#826,0.425);
#826 = AXIS2_PLACEMENT_3D('',#827,#828,#829);
#827 = CARTESIAN_POINT('',(166.9161,-111.4806,0.));
#828 = DIRECTION('',(-0.,0.,-1.));
#829 = DIRECTION('',(-0.,-1.,0.));
#830 = FACE_BOUND('',#831,.F.);
#831 = EDGE_LOOP('',(#832));
#832 = ORIENTED_EDGE('',*,*,#833,.T.);
#833 = EDGE_CURVE('',#834,#834,#836,.T.);
#834 = VERTEX_POINT('',#835);
#835 = CARTESIAN_POINT('',(169.4561,-111.9056,0.));
#836 = CIRCLE('',#837,0.425);
#837 = AXIS2_PLACEMENT_3D('',#838,#839,#840);
#838 = CARTESIAN_POINT('',(169.4561,-111.4806,0.));
#839 = DIRECTION('',(-0.,0.,-1.));
#840 = DIRECTION('',(-0.,-1.,0.));
#841 = FACE_BOUND('',#842,.F.);
#842 = EDGE_LOOP('',(#843));
#843 = ORIENTED_EDGE('',*,*,#844,.T.);
#844 = EDGE_CURVE('',#845,#845,#847,.T.);
#845 = VERTEX_POINT('',#846);
#846 = CARTESIAN_POINT('',(171.9961,-111.9056,0.));
#847 = CIRCLE('',#848,0.425);
#848 = AXIS2_PLACEMENT_3D('',#849,#850,#851);
#849 = CARTESIAN_POINT('',(171.9961,-111.4806,0.));
#850 = DIRECTION('',(-0.,0.,-1.));
#851 = DIRECTION('',(-0.,-1.,0.));
#852 = FACE_BOUND('',#853,.F.);
#853 = EDGE_LOOP('',(#854));
#854 = ORIENTED_EDGE('',*,*,#855,.T.);
#855 = EDGE_CURVE('',#856,#856,#858,.T.);
#856 = VERTEX_POINT('',#857);
#857 = CARTESIAN_POINT('',(174.5361,-111.9056,0.));
#858 = CIRCLE('',#859,0.425);
#859 = AXIS2_PLACEMENT_3D('',#860,#861,#862);
#860 = CARTESIAN_POINT('',(174.5361,-111.4806,0.));
#861 = DIRECTION('',(-0.,0.,-1.));
#862 = DIRECTION('',(6.687461042448E-14,-1.,-0.));
#863 = FACE_BOUND('',#864,.F.);
#864 = EDGE_LOOP('',(#865));
#865 = ORIENTED_EDGE('',*,*,#866,.T.);
#866 = EDGE_CURVE('',#867,#867,#869,.T.);
#867 = VERTEX_POINT('',#868);
#868 = CARTESIAN_POINT('',(177.0761,-111.9056,0.));
#869 = CIRCLE('',#870,0.425);
#870 = AXIS2_PLACEMENT_3D('',#871,#872,#873);
#871 = CARTESIAN_POINT('',(177.0761,-111.4806,0.));
#872 = DIRECTION('',(-0.,0.,-1.));
#873 = DIRECTION('',(-0.,-1.,0.));
#874 = FACE_BOUND('',#875,.F.);
#875 = EDGE_LOOP('',(#876));
#876 = ORIENTED_EDGE('',*,*,#877,.T.);
#877 = EDGE_CURVE('',#878,#878,#880,.T.);
#878 = VERTEX_POINT('',#879);
#879 = CARTESIAN_POINT('',(177.8381,-106.7486,0.));
#880 = CIRCLE('',#881,0.475);
#881 = AXIS2_PLACEMENT_3D('',#882,#883,#884);
#882 = CARTESIAN_POINT('',(177.8381,-106.2736,0.));
#883 = DIRECTION('',(-0.,0.,-1.));
#884 = DIRECTION('',(-0.,-1.,0.));
#885 = FACE_BOUND('',#886,.F.);
#886 = EDGE_LOOP('',(#887));
#887 = ORIENTED_EDGE('',*,*,#888,.T.);
#888 = EDGE_CURVE('',#889,#889,#891,.T.);
#889 = VERTEX_POINT('',#890);
#890 = CARTESIAN_POINT('',(180.3781,-106.7486,0.));
#891 = CIRCLE('',#892,0.475);
#892 = AXIS2_PLACEMENT_3D('',#893,#894,#895);
#893 = CARTESIAN_POINT('',(180.3781,-106.2736,0.));
#894 = DIRECTION('',(-0.,0.,-1.));
#895 = DIRECTION('',(-5.983517774822E-14,-1.,0.));
#896 = FACE_BOUND('',#897,.F.);
#897 = EDGE_LOOP('',(#898));
#898 = ORIENTED_EDGE('',*,*,#899,.T.);
#899 = EDGE_CURVE('',#900,#900,#902,.T.);
#900 = VERTEX_POINT('',#901);
#901 = CARTESIAN_POINT('',(118.0211,-100.6736,0.));
#902 = CIRCLE('',#903,1.1);
#903 = AXIS2_PLACEMENT_3D('',#904,#905,#906);
#904 = CARTESIAN_POINT('',(118.0211,-99.5736,0.));
#905 = DIRECTION('',(-0.,0.,-1.));
#906 = DIRECTION('',(1.2918958832E-14,-1.,-0.));
#907 = FACE_BOUND('',#908,.F.);
#908 = EDGE_LOOP('',(#909));
#909 = ORIENTED_EDGE('',*,*,#910,.T.);
#910 = EDGE_CURVE('',#911,#911,#913,.T.);
#911 = VERTEX_POINT('',#912);
#912 = CARTESIAN_POINT('',(120.7311,-95.2986,0.));
#913 = CIRCLE('',#914,0.475);
#914 = AXIS2_PLACEMENT_3D('',#915,#916,#917);
#915 = CARTESIAN_POINT('',(120.7311,-94.8236,0.));
#916 = DIRECTION('',(-0.,0.,-1.));
#917 = DIRECTION('',(-0.,-1.,0.));
#918 = FACE_BOUND('',#919,.F.);
#919 = EDGE_LOOP('',(#920));
#920 = ORIENTED_EDGE('',*,*,#921,.T.);
#921 = EDGE_CURVE('',#922,#922,#924,.T.);
#922 = VERTEX_POINT('',#923);
#923 = CARTESIAN_POINT('',(120.7311,-92.7986,0.));
#924 = CIRCLE('',#925,0.475);
#925 = AXIS2_PLACEMENT_3D('',#926,#927,#928);
#926 = CARTESIAN_POINT('',(120.7311,-92.3236,0.));
#927 = DIRECTION('',(-0.,0.,-1.));
#928 = DIRECTION('',(-0.,-1.,0.));
#929 = FACE_BOUND('',#930,.F.);
#930 = EDGE_LOOP('',(#931));
#931 = ORIENTED_EDGE('',*,*,#932,.T.);
#932 = EDGE_CURVE('',#933,#933,#935,.T.);
#933 = VERTEX_POINT('',#934);
#934 = CARTESIAN_POINT('',(122.7311,-95.2986,0.));
#935 = CIRCLE('',#936,0.475);
#936 = AXIS2_PLACEMENT_3D('',#937,#938,#939);
#937 = CARTESIAN_POINT('',(122.7311,-94.8236,0.));
#938 = DIRECTION('',(-0.,0.,-1.));
#939 = DIRECTION('',(-0.,-1.,0.));
#940 = FACE_BOUND('',#941,.F.);
#941 = EDGE_LOOP('',(#942));
#942 = ORIENTED_EDGE('',*,*,#943,.T.);
#943 = EDGE_CURVE('',#944,#944,#946,.T.);
#944 = VERTEX_POINT('',#945);
#945 = CARTESIAN_POINT('',(122.7311,-92.7986,0.));
#946 = CIRCLE('',#947,0.475);
#947 = AXIS2_PLACEMENT_3D('',#948,#949,#950);
#948 = CARTESIAN_POINT('',(122.7311,-92.3236,0.));
#949 = DIRECTION('',(-0.,0.,-1.));
#950 = DIRECTION('',(-0.,-1.,0.));
#951 = FACE_BOUND('',#952,.F.);
#952 = EDGE_LOOP('',(#953));
#953 = ORIENTED_EDGE('',*,*,#954,.T.);
#954 = EDGE_CURVE('',#955,#955,#957,.T.);
#955 = VERTEX_POINT('',#956);
#956 = CARTESIAN_POINT('',(118.0211,-88.6736,0.));
#957 = CIRCLE('',#958,1.1);
#958 = AXIS2_PLACEMENT_3D('',#959,#960,#961);
#959 = CARTESIAN_POINT('',(118.0211,-87.5736,0.));
#960 = DIRECTION('',(-0.,0.,-1.));
#961 = DIRECTION('',(1.2918958832E-14,-1.,-0.));
#962 = FACE_BOUND('',#963,.F.);
#963 = EDGE_LOOP('',(#964));
#964 = ORIENTED_EDGE('',*,*,#965,.T.);
#965 = EDGE_CURVE('',#966,#966,#968,.T.);
#966 = VERTEX_POINT('',#967);
#967 = CARTESIAN_POINT('',(132.4991,-92.2706,0.));
#968 = CIRCLE('',#969,0.475);
#969 = AXIS2_PLACEMENT_3D('',#970,#971,#972);
#970 = CARTESIAN_POINT('',(132.4991,-91.7956,0.));
#971 = DIRECTION('',(-0.,0.,-1.));
#972 = DIRECTION('',(-0.,-1.,0.));
#973 = FACE_BOUND('',#974,.F.);
#974 = EDGE_LOOP('',(#975));
#975 = ORIENTED_EDGE('',*,*,#976,.T.);
#976 = EDGE_CURVE('',#977,#977,#979,.T.);
#977 = VERTEX_POINT('',#978);
#978 = CARTESIAN_POINT('',(132.4991,-89.7306,0.));
#979 = CIRCLE('',#980,0.475);
#980 = AXIS2_PLACEMENT_3D('',#981,#982,#983);
#981 = CARTESIAN_POINT('',(132.4991,-89.2556,0.));
#982 = DIRECTION('',(-0.,0.,-1.));
#983 = DIRECTION('',(-0.,-1.,0.));
#984 = FACE_BOUND('',#985,.F.);
#985 = EDGE_LOOP('',(#986));
#986 = ORIENTED_EDGE('',*,*,#987,.T.);
#987 = EDGE_CURVE('',#988,#988,#990,.T.);
#988 = VERTEX_POINT('',#989);
#989 = CARTESIAN_POINT('',(129.9591,-87.1906,0.));
#990 = CIRCLE('',#991,0.475);
#991 = AXIS2_PLACEMENT_3D('',#992,#993,#994);
#992 = CARTESIAN_POINT('',(129.9591,-86.7156,0.));
#993 = DIRECTION('',(-0.,0.,-1.));
#994 = DIRECTION('',(-0.,-1.,0.));
#995 = FACE_BOUND('',#996,.F.);
#996 = EDGE_LOOP('',(#997));
#997 = ORIENTED_EDGE('',*,*,#998,.T.);
#998 = EDGE_CURVE('',#999,#999,#1001,.T.);
#999 = VERTEX_POINT('',#1000);
#1000 = CARTESIAN_POINT('',(132.4991,-87.1906,0.));
#1001 = CIRCLE('',#1002,0.475);
#1002 = AXIS2_PLACEMENT_3D('',#1003,#1004,#1005);
#1003 = CARTESIAN_POINT('',(132.4991,-86.7156,0.));
#1004 = DIRECTION('',(-0.,0.,-1.));
#1005 = DIRECTION('',(-0.,-1.,0.));
#1006 = FACE_BOUND('',#1007,.F.);
#1007 = EDGE_LOOP('',(#1008));
#1008 = ORIENTED_EDGE('',*,*,#1009,.T.);
#1009 = EDGE_CURVE('',#1010,#1010,#1012,.T.);
#1010 = VERTEX_POINT('',#1011);
#1011 = CARTESIAN_POINT('',(129.9591,-84.6506,0.));
#1012 = CIRCLE('',#1013,0.475);
#1013 = AXIS2_PLACEMENT_3D('',#1014,#1015,#1016);
#1014 = CARTESIAN_POINT('',(129.9591,-84.1756,0.));
#1015 = DIRECTION('',(-0.,0.,-1.));
#1016 = DIRECTION('',(-0.,-1.,0.));
#1017 = FACE_BOUND('',#1018,.F.);
#1018 = EDGE_LOOP('',(#1019));
#1019 = ORIENTED_EDGE('',*,*,#1020,.T.);
#1020 = EDGE_CURVE('',#1021,#1021,#1023,.T.);
#1021 = VERTEX_POINT('',#1022);
#1022 = CARTESIAN_POINT('',(132.4991,-84.6506,0.));
#1023 = CIRCLE('',#1024,0.475);
#1024 = AXIS2_PLACEMENT_3D('',#1025,#1026,#1027);
#1025 = CARTESIAN_POINT('',(132.4991,-84.1756,0.));
#1026 = DIRECTION('',(-0.,0.,-1.));
#1027 = DIRECTION('',(-0.,-1.,0.));
#1028 = FACE_BOUND('',#1029,.F.);
#1029 = EDGE_LOOP('',(#1030));
#1030 = ORIENTED_EDGE('',*,*,#1031,.T.);
#1031 = EDGE_CURVE('',#1032,#1032,#1034,.T.);
#1032 = VERTEX_POINT('',#1033);
#1033 = CARTESIAN_POINT('',(129.4511,-82.4736,0.));
#1034 = CIRCLE('',#1035,1.6);
#1035 = AXIS2_PLACEMENT_3D('',#1036,#1037,#1038);
#1036 = CARTESIAN_POINT('',(129.4511,-80.8736,0.));
#1037 = DIRECTION('',(-0.,0.,-1.));
#1038 = DIRECTION('',(-0.,-1.,0.));
#1039 = FACE_BOUND('',#1040,.F.);
#1040 = EDGE_LOOP('',(#1041));
#1041 = ORIENTED_EDGE('',*,*,#1042,.T.);
#1042 = EDGE_CURVE('',#1043,#1043,#1045,.T.);
#1043 = VERTEX_POINT('',#1044);
#1044 = CARTESIAN_POINT('',(133.0071,-81.2986,0.));
#1045 = CIRCLE('',#1046,0.425);
#1046 = AXIS2_PLACEMENT_3D('',#1047,#1048,#1049);
#1047 = CARTESIAN_POINT('',(133.0071,-80.8736,0.));
#1048 = DIRECTION('',(-0.,0.,-1.));
#1049 = DIRECTION('',(6.687461042447E-14,-1.,-0.));
#1050 = FACE_BOUND('',#1051,.F.);
#1051 = EDGE_LOOP('',(#1052));
#1052 = ORIENTED_EDGE('',*,*,#1053,.T.);
#1053 = EDGE_CURVE('',#1054,#1054,#1056,.T.);
#1054 = VERTEX_POINT('',#1055);
#1055 = CARTESIAN_POINT('',(135.0391,-92.2706,0.));
#1056 = CIRCLE('',#1057,0.475);
#1057 = AXIS2_PLACEMENT_3D('',#1058,#1059,#1060);
#1058 = CARTESIAN_POINT('',(135.0391,-91.7956,0.));
#1059 = DIRECTION('',(-0.,0.,-1.));
#1060 = DIRECTION('',(-5.983517774822E-14,-1.,0.));
#1061 = FACE_BOUND('',#1062,.F.);
#1062 = EDGE_LOOP('',(#1063));
#1063 = ORIENTED_EDGE('',*,*,#1064,.T.);
#1064 = EDGE_CURVE('',#1065,#1065,#1067,.T.);
#1065 = VERTEX_POINT('',#1066);
#1066 = CARTESIAN_POINT('',(135.0391,-89.7306,0.));
#1067 = CIRCLE('',#1068,0.475);
#1068 = AXIS2_PLACEMENT_3D('',#1069,#1070,#1071);
#1069 = CARTESIAN_POINT('',(135.0391,-89.2556,0.));
#1070 = DIRECTION('',(-0.,0.,-1.));
#1071 = DIRECTION('',(-5.983517774822E-14,-1.,0.));
#1072 = FACE_BOUND('',#1073,.F.);
#1073 = EDGE_LOOP('',(#1074));
#1074 = ORIENTED_EDGE('',*,*,#1075,.T.);
#1075 = EDGE_CURVE('',#1076,#1076,#1078,.T.);
#1076 = VERTEX_POINT('',#1077);
#1077 = CARTESIAN_POINT('',(135.0391,-87.1906,0.));
#1078 = CIRCLE('',#1079,0.475);
#1079 = AXIS2_PLACEMENT_3D('',#1080,#1081,#1082);
#1080 = CARTESIAN_POINT('',(135.0391,-86.7156,0.));
#1081 = DIRECTION('',(-0.,0.,-1.));
#1082 = DIRECTION('',(-5.983517774822E-14,-1.,0.));
#1083 = FACE_BOUND('',#1084,.F.);
#1084 = EDGE_LOOP('',(#1085));
#1085 = ORIENTED_EDGE('',*,*,#1086,.T.);
#1086 = EDGE_CURVE('',#1087,#1087,#1089,.T.);
#1087 = VERTEX_POINT('',#1088);
#1088 = CARTESIAN_POINT('',(135.0391,-84.6506,0.));
#1089 = CIRCLE('',#1090,0.475);
#1090 = AXIS2_PLACEMENT_3D('',#1091,#1092,#1093);
#1091 = CARTESIAN_POINT('',(135.0391,-84.1756,0.));
#1092 = DIRECTION('',(-0.,0.,-1.));
#1093 = DIRECTION('',(-5.983517774822E-14,-1.,0.));
#1094 = FACE_BOUND('',#1095,.F.);
#1095 = EDGE_LOOP('',(#1096));
#1096 = ORIENTED_EDGE('',*,*,#1097,.T.);
#1097 = EDGE_CURVE('',#1098,#1098,#1100,.T.);
#1098 = VERTEX_POINT('',#1099);
#1099 = CARTESIAN_POINT('',(135.5471,-81.2986,0.));
#1100 = CIRCLE('',#1101,0.425);
#1101 = AXIS2_PLACEMENT_3D('',#1102,#1103,#1104);
#1102 = CARTESIAN_POINT('',(135.5471,-80.8736,0.));
#1103 = DIRECTION('',(-0.,0.,-1.));
#1104 = DIRECTION('',(-0.,-1.,0.));
#1105 = FACE_BOUND('',#1106,.F.);
#1106 = EDGE_LOOP('',(#1107));
#1107 = ORIENTED_EDGE('',*,*,#1108,.T.);
#1108 = EDGE_CURVE('',#1109,#1109,#1111,.T.);
#1109 = VERTEX_POINT('',#1110);
#1110 = CARTESIAN_POINT('',(138.0871,-81.2986,0.));
#1111 = CIRCLE('',#1112,0.425);
#1112 = AXIS2_PLACEMENT_3D('',#1113,#1114,#1115);
#1113 = CARTESIAN_POINT('',(138.0871,-80.8736,0.));
#1114 = DIRECTION('',(-0.,0.,-1.));
#1115 = DIRECTION('',(-6.687461042448E-14,-1.,0.));
#1116 = FACE_BOUND('',#1117,.F.);
#1117 = EDGE_LOOP('',(#1118));
#1118 = ORIENTED_EDGE('',*,*,#1119,.T.);
#1119 = EDGE_CURVE('',#1120,#1120,#1122,.T.);
#1120 = VERTEX_POINT('',#1121);
#1121 = CARTESIAN_POINT('',(140.6271,-81.2986,0.));
#1122 = CIRCLE('',#1123,0.425);
#1123 = AXIS2_PLACEMENT_3D('',#1124,#1125,#1126);
#1124 = CARTESIAN_POINT('',(140.6271,-80.8736,0.));
#1125 = DIRECTION('',(-0.,0.,-1.));
#1126 = DIRECTION('',(6.687461042447E-14,-1.,-0.));
#1127 = FACE_BOUND('',#1128,.F.);
#1128 = EDGE_LOOP('',(#1129));
#1129 = ORIENTED_EDGE('',*,*,#1130,.T.);
#1130 = EDGE_CURVE('',#1131,#1131,#1133,.T.);
#1131 = VERTEX_POINT('',#1132);
#1132 = CARTESIAN_POINT('',(143.1671,-81.2986,0.));
#1133 = CIRCLE('',#1134,0.425);
#1134 = AXIS2_PLACEMENT_3D('',#1135,#1136,#1137);
#1135 = CARTESIAN_POINT('',(143.1671,-80.8736,0.));
#1136 = DIRECTION('',(-0.,0.,-1.));
#1137 = DIRECTION('',(-0.,-1.,0.));
#1138 = FACE_BOUND('',#1139,.F.);
#1139 = EDGE_LOOP('',(#1140));
#1140 = ORIENTED_EDGE('',*,*,#1141,.T.);
#1141 = EDGE_CURVE('',#1142,#1142,#1144,.T.);
#1142 = VERTEX_POINT('',#1143);
#1143 = CARTESIAN_POINT('',(145.7071,-81.2986,0.));
#1144 = CIRCLE('',#1145,0.425);
#1145 = AXIS2_PLACEMENT_3D('',#1146,#1147,#1148);
#1146 = CARTESIAN_POINT('',(145.7071,-80.8736,0.));
#1147 = DIRECTION('',(-0.,0.,-1.));
#1148 = DIRECTION('',(-6.687461042448E-14,-1.,0.));
#1149 = FACE_BOUND('',#1150,.F.);
#1150 = EDGE_LOOP('',(#1151));
#1151 = ORIENTED_EDGE('',*,*,#1152,.T.);
#1152 = EDGE_CURVE('',#1153,#1153,#1155,.T.);
#1153 = VERTEX_POINT('',#1154);
#1154 = CARTESIAN_POINT('',(148.2471,-81.2986,0.));
#1155 = CIRCLE('',#1156,0.425);
#1156 = AXIS2_PLACEMENT_3D('',#1157,#1158,#1159);
#1157 = CARTESIAN_POINT('',(148.2471,-80.8736,0.));
#1158 = DIRECTION('',(-0.,0.,-1.));
#1159 = DIRECTION('',(-0.,-1.,0.));
#1160 = FACE_BOUND('',#1161,.F.);
#1161 = EDGE_LOOP('',(#1162));
#1162 = ORIENTED_EDGE('',*,*,#1163,.T.);
#1163 = EDGE_CURVE('',#1164,#1164,#1166,.T.);
#1164 = VERTEX_POINT('',#1165);
#1165 = CARTESIAN_POINT('',(177.8381,-104.2086,0.));
#1166 = CIRCLE('',#1167,0.475);
#1167 = AXIS2_PLACEMENT_3D('',#1168,#1169,#1170);
#1168 = CARTESIAN_POINT('',(177.8381,-103.7336,0.));
#1169 = DIRECTION('',(-0.,0.,-1.));
#1170 = DIRECTION('',(-0.,-1.,0.));
#1171 = FACE_BOUND('',#1172,.F.);
#1172 = EDGE_LOOP('',(#1173));
#1173 = ORIENTED_EDGE('',*,*,#1174,.T.);
#1174 = EDGE_CURVE('',#1175,#1175,#1177,.T.);
#1175 = VERTEX_POINT('',#1176);
#1176 = CARTESIAN_POINT('',(180.3781,-104.2086,0.));
#1177 = CIRCLE('',#1178,0.475);
#1178 = AXIS2_PLACEMENT_3D('',#1179,#1180,#1181);
#1179 = CARTESIAN_POINT('',(180.3781,-103.7336,0.));
#1180 = DIRECTION('',(-0.,0.,-1.));
#1181 = DIRECTION('',(-5.983517774822E-14,-1.,0.));
#1182 = FACE_BOUND('',#1183,.F.);
#1183 = EDGE_LOOP('',(#1184));
#1184 = ORIENTED_EDGE('',*,*,#1185,.T.);
#1185 = EDGE_CURVE('',#1186,#1186,#1188,.T.);
#1186 = VERTEX_POINT('',#1187);
#1187 = CARTESIAN_POINT('',(177.8381,-101.6686,0.));
#1188 = CIRCLE('',#1189,0.475);
#1189 = AXIS2_PLACEMENT_3D('',#1190,#1191,#1192);
#1190 = CARTESIAN_POINT('',(177.8381,-101.1936,0.));
#1191 = DIRECTION('',(-0.,0.,-1.));
#1192 = DIRECTION('',(-0.,-1.,0.));
#1193 = FACE_BOUND('',#1194,.F.);
#1194 = EDGE_LOOP('',(#1195));
#1195 = ORIENTED_EDGE('',*,*,#1196,.T.);
#1196 = EDGE_CURVE('',#1197,#1197,#1199,.T.);
#1197 = VERTEX_POINT('',#1198);
#1198 = CARTESIAN_POINT('',(180.3781,-101.6686,0.));
#1199 = CIRCLE('',#1200,0.475);
#1200 = AXIS2_PLACEMENT_3D('',#1201,#1202,#1203);
#1201 = CARTESIAN_POINT('',(180.3781,-101.1936,0.));
#1202 = DIRECTION('',(-0.,0.,-1.));
#1203 = DIRECTION('',(-5.983517774822E-14,-1.,0.));
#1204 = FACE_BOUND('',#1205,.F.);
#1205 = EDGE_LOOP('',(#1206));
#1206 = ORIENTED_EDGE('',*,*,#1207,.T.);
#1207 = EDGE_CURVE('',#1208,#1208,#1210,.T.);
#1208 = VERTEX_POINT('',#1209);
#1209 = CARTESIAN_POINT('',(180.2511,-97.7136,0.));
#1210 = CIRCLE('',#1211,1.6);
#1211 = AXIS2_PLACEMENT_3D('',#1212,#1213,#1214);
#1212 = CARTESIAN_POINT('',(180.2511,-96.1136,0.));
#1213 = DIRECTION('',(-0.,0.,-1.));
#1214 = DIRECTION('',(-0.,-1.,0.));
#1215 = FACE_BOUND('',#1216,.F.);
#1216 = EDGE_LOOP('',(#1217));
#1217 = ORIENTED_EDGE('',*,*,#1218,.T.);
#1218 = EDGE_CURVE('',#1219,#1219,#1221,.T.);
#1219 = VERTEX_POINT('',#1220);
#1220 = CARTESIAN_POINT('',(150.7871,-81.2986,0.));
#1221 = CIRCLE('',#1222,0.425);
#1222 = AXIS2_PLACEMENT_3D('',#1223,#1224,#1225);
#1223 = CARTESIAN_POINT('',(150.7871,-80.8736,0.));
#1224 = DIRECTION('',(-0.,0.,-1.));
#1225 = DIRECTION('',(-0.,-1.,0.));
#1226 = FACE_BOUND('',#1227,.F.);
#1227 = EDGE_LOOP('',(#1228));
#1228 = ORIENTED_EDGE('',*,*,#1229,.T.);
#1229 = EDGE_CURVE('',#1230,#1230,#1232,.T.);
#1230 = VERTEX_POINT('',#1231);
#1231 = CARTESIAN_POINT('',(153.3271,-81.2986,0.));
#1232 = CIRCLE('',#1233,0.425);
#1233 = AXIS2_PLACEMENT_3D('',#1234,#1235,#1236);
#1234 = CARTESIAN_POINT('',(153.3271,-80.8736,0.));
#1235 = DIRECTION('',(-0.,0.,-1.));
#1236 = DIRECTION('',(-0.,-1.,0.));
#1237 = FACE_BOUND('',#1238,.F.);
#1238 = EDGE_LOOP('',(#1239));
#1239 = ORIENTED_EDGE('',*,*,#1240,.T.);
#1240 = EDGE_CURVE('',#1241,#1241,#1243,.T.);
#1241 = VERTEX_POINT('',#1242);
#1242 = CARTESIAN_POINT('',(155.8671,-81.2986,0.));
#1243 = CIRCLE('',#1244,0.425);
#1244 = AXIS2_PLACEMENT_3D('',#1245,#1246,#1247);
#1245 = CARTESIAN_POINT('',(155.8671,-80.8736,0.));
#1246 = DIRECTION('',(-0.,0.,-1.));
#1247 = DIRECTION('',(-0.,-1.,0.));
#1248 = FACE_BOUND('',#1249,.F.);
#1249 = EDGE_LOOP('',(#1250));
#1250 = ORIENTED_EDGE('',*,*,#1251,.T.);
#1251 = EDGE_CURVE('',#1252,#1252,#1254,.T.);
#1252 = VERTEX_POINT('',#1253);
#1253 = CARTESIAN_POINT('',(159.9311,-81.2986,0.));
#1254 = CIRCLE('',#1255,0.425);
#1255 = AXIS2_PLACEMENT_3D('',#1256,#1257,#1258);
#1256 = CARTESIAN_POINT('',(159.9311,-80.8736,0.));
#1257 = DIRECTION('',(-0.,0.,-1.));
#1258 = DIRECTION('',(-6.687461042448E-14,-1.,0.));
#1259 = FACE_BOUND('',#1260,.F.);
#1260 = EDGE_LOOP('',(#1261));
#1261 = ORIENTED_EDGE('',*,*,#1262,.T.);
#1262 = EDGE_CURVE('',#1263,#1263,#1265,.T.);
#1263 = VERTEX_POINT('',#1264);
#1264 = CARTESIAN_POINT('',(162.4711,-81.2986,0.));
#1265 = CIRCLE('',#1266,0.425);
#1266 = AXIS2_PLACEMENT_3D('',#1267,#1268,#1269);
#1267 = CARTESIAN_POINT('',(162.4711,-80.8736,0.));
#1268 = DIRECTION('',(-0.,0.,-1.));
#1269 = DIRECTION('',(6.687461042447E-14,-1.,-0.));
#1270 = FACE_BOUND('',#1271,.F.);
#1271 = EDGE_LOOP('',(#1272));
#1272 = ORIENTED_EDGE('',*,*,#1273,.T.);
#1273 = EDGE_CURVE('',#1274,#1274,#1276,.T.);
#1274 = VERTEX_POINT('',#1275);
#1275 = CARTESIAN_POINT('',(165.0111,-81.2986,0.));
#1276 = CIRCLE('',#1277,0.425);
#1277 = AXIS2_PLACEMENT_3D('',#1278,#1279,#1280);
#1278 = CARTESIAN_POINT('',(165.0111,-80.8736,0.));
#1279 = DIRECTION('',(-0.,0.,-1.));
#1280 = DIRECTION('',(-0.,-1.,0.));
#1281 = FACE_BOUND('',#1282,.F.);
#1282 = EDGE_LOOP('',(#1283));
#1283 = ORIENTED_EDGE('',*,*,#1284,.T.);
#1284 = EDGE_CURVE('',#1285,#1285,#1287,.T.);
#1285 = VERTEX_POINT('',#1286);
#1286 = CARTESIAN_POINT('',(167.5511,-81.2986,0.));
#1287 = CIRCLE('',#1288,0.425);
#1288 = AXIS2_PLACEMENT_3D('',#1289,#1290,#1291);
#1289 = CARTESIAN_POINT('',(167.5511,-80.8736,0.));
#1290 = DIRECTION('',(-0.,0.,-1.));
#1291 = DIRECTION('',(-6.687461042448E-14,-1.,0.));
#1292 = FACE_BOUND('',#1293,.F.);
#1293 = EDGE_LOOP('',(#1294));
#1294 = ORIENTED_EDGE('',*,*,#1295,.T.);
#1295 = EDGE_CURVE('',#1296,#1296,#1298,.T.);
#1296 = VERTEX_POINT('',#1297);
#1297 = CARTESIAN_POINT('',(170.0911,-81.2986,0.));
#1298 = CIRCLE('',#1299,0.425);
#1299 = AXIS2_PLACEMENT_3D('',#1300,#1301,#1302);
#1300 = CARTESIAN_POINT('',(170.0911,-80.8736,0.));
#1301 = DIRECTION('',(-0.,0.,-1.));
#1302 = DIRECTION('',(6.687461042447E-14,-1.,-0.));
#1303 = FACE_BOUND('',#1304,.F.);
#1304 = EDGE_LOOP('',(#1305));
#1305 = ORIENTED_EDGE('',*,*,#1306,.T.);
#1306 = EDGE_CURVE('',#1307,#1307,#1309,.T.);
#1307 = VERTEX_POINT('',#1308);
#1308 = CARTESIAN_POINT('',(172.6311,-81.2986,0.));
#1309 = CIRCLE('',#1310,0.425);
#1310 = AXIS2_PLACEMENT_3D('',#1311,#1312,#1313);
#1311 = CARTESIAN_POINT('',(172.6311,-80.8736,0.));
#1312 = DIRECTION('',(-0.,0.,-1.));
#1313 = DIRECTION('',(-0.,-1.,0.));
#1314 = FACE_BOUND('',#1315,.F.);
#1315 = EDGE_LOOP('',(#1316));
#1316 = ORIENTED_EDGE('',*,*,#1317,.T.);
#1317 = EDGE_CURVE('',#1318,#1318,#1320,.T.);
#1318 = VERTEX_POINT('',#1319);
#1319 = CARTESIAN_POINT('',(175.1711,-81.2986,0.));
#1320 = CIRCLE('',#1321,0.425);
#1321 = AXIS2_PLACEMENT_3D('',#1322,#1323,#1324);
#1322 = CARTESIAN_POINT('',(175.1711,-80.8736,0.));
#1323 = DIRECTION('',(-0.,0.,-1.));
#1324 = DIRECTION('',(-6.687461042448E-14,-1.,0.));
#1325 = FACE_BOUND('',#1326,.F.);
#1326 = EDGE_LOOP('',(#1327));
#1327 = ORIENTED_EDGE('',*,*,#1328,.T.);
#1328 = EDGE_CURVE('',#1329,#1329,#1331,.T.);
#1329 = VERTEX_POINT('',#1330);
#1330 = CARTESIAN_POINT('',(177.7111,-81.2986,0.));
#1331 = CIRCLE('',#1332,0.425);
#1332 = AXIS2_PLACEMENT_3D('',#1333,#1334,#1335);
#1333 = CARTESIAN_POINT('',(177.7111,-80.8736,0.));
#1334 = DIRECTION('',(-0.,0.,-1.));
#1335 = DIRECTION('',(-0.,-1.,0.));
#1336 = PLANE('',#1337);
#1337 = AXIS2_PLACEMENT_3D('',#1338,#1339,#1340);
#1338 = CARTESIAN_POINT('',(0.,0.,0.));
#1339 = DIRECTION('',(0.,0.,1.));
#1340 = DIRECTION('',(1.,0.,-0.));
#1341 = ADVANCED_FACE('',(#1342,#1420,#1485,#1496,#1543,#1590,#1601,
    #1612,#1623,#1634,#1645,#1656,#1667,#1678,#1689,#1700,#1711,#1722,
    #1733,#1744,#1755,#1766,#1777,#1788,#1799,#1810,#1821,#1832,#1843,
    #1854,#1865,#1876,#1887,#1898,#1909,#1920,#1931,#1942,#1953,#1964,
    #1975,#1986,#1997,#2008,#2019,#2030,#2041,#2052,#2063,#2074,#2085,
    #2096,#2107,#2118,#2129,#2140,#2151,#2162,#2173,#2184,#2195,#2206,
    #2217,#2228,#2239,#2250,#2261,#2272,#2283,#2294,#2305,#2316,#2327,
    #2338,#2349,#2360,#2371,#2382,#2393,#2404,#2415,#2426,#2437,#2448,
    #2459,#2470,#2481,#2492,#2503,#2514,#2525,#2536),#2547,.T.);
#1342 = FACE_BOUND('',#1343,.T.);
#1343 = EDGE_LOOP('',(#1344,#1345,#1346,#1354,#1363,#1371,#1380,#1388,
    #1397,#1405,#1413,#1419));
#1344 = ORIENTED_EDGE('',*,*,#42,.F.);
#1345 = ORIENTED_EDGE('',*,*,#82,.F.);
#1346 = ORIENTED_EDGE('',*,*,#1347,.F.);
#1347 = EDGE_CURVE('',#1348,#75,#1350,.T.);
#1348 = VERTEX_POINT('',#1349);
#1349 = CARTESIAN_POINT('',(115.2111,-78.3336,1.51));
#1350 = LINE('',#1351,#1352);
#1351 = CARTESIAN_POINT('',(115.2111,-78.3336,1.51));
#1352 = VECTOR('',#1353,1.);
#1353 = DIRECTION('',(1.,0.,0.));
#1354 = ORIENTED_EDGE('',*,*,#1355,.F.);
#1355 = EDGE_CURVE('',#1356,#1348,#1358,.T.);
#1356 = VERTEX_POINT('',#1357);
#1357 = CARTESIAN_POINT('',(114.2111,-79.3336,1.51));
#1358 = CIRCLE('',#1359,0.999999252925);
#1359 = AXIS2_PLACEMENT_3D('',#1360,#1361,#1362);
#1360 = CARTESIAN_POINT('',(115.21109925292,-79.33359925292,1.51));
#1361 = DIRECTION('',(0.,0.,-1.));
#1362 = DIRECTION('',(-1.,-7.470757633756E-07,-0.));
#1363 = ORIENTED_EDGE('',*,*,#1364,.F.);
#1364 = EDGE_CURVE('',#1365,#1356,#1367,.T.);
#1365 = VERTEX_POINT('',#1366);
#1366 = CARTESIAN_POINT('',(114.2111,-130.6736,1.51));
#1367 = LINE('',#1368,#1369);
#1368 = CARTESIAN_POINT('',(114.2111,-130.6736,1.51));
#1369 = VECTOR('',#1370,1.);
#1370 = DIRECTION('',(0.,1.,0.));
#1371 = ORIENTED_EDGE('',*,*,#1372,.F.);
#1372 = EDGE_CURVE('',#1373,#1365,#1375,.T.);
#1373 = VERTEX_POINT('',#1374);
#1374 = CARTESIAN_POINT('',(115.2111,-131.6736,1.51));
#1375 = CIRCLE('',#1376,0.999999252925);
#1376 = AXIS2_PLACEMENT_3D('',#1377,#1378,#1379);
#1377 = CARTESIAN_POINT('',(115.21109925292,-130.673600747,1.51));
#1378 = DIRECTION('',(0.,0.,-1.));
#1379 = DIRECTION('',(7.470757633756E-07,-1.,0.));
#1380 = ORIENTED_EDGE('',*,*,#1381,.F.);
#1381 = EDGE_CURVE('',#1382,#1373,#1384,.T.);
#1382 = VERTEX_POINT('',#1383);
#1383 = CARTESIAN_POINT('',(179.2511,-131.6736,1.51));
#1384 = LINE('',#1385,#1386);
#1385 = CARTESIAN_POINT('',(179.2511,-131.6736,1.51));
#1386 = VECTOR('',#1387,1.);
#1387 = DIRECTION('',(-1.,0.,0.));
#1388 = ORIENTED_EDGE('',*,*,#1389,.F.);
#1389 = EDGE_CURVE('',#1390,#1382,#1392,.T.);
#1390 = VERTEX_POINT('',#1391);
#1391 = CARTESIAN_POINT('',(180.2511,-130.6736,1.51));
#1392 = CIRCLE('',#1393,0.999999252925);
#1393 = AXIS2_PLACEMENT_3D('',#1394,#1395,#1396);
#1394 = CARTESIAN_POINT('',(179.25110074707,-130.673600747,1.51));
#1395 = DIRECTION('',(0.,0.,-1.));
#1396 = DIRECTION('',(1.,7.470757065321E-07,0.));
#1397 = ORIENTED_EDGE('',*,*,#1398,.F.);
#1398 = EDGE_CURVE('',#1399,#1390,#1401,.T.);
#1399 = VERTEX_POINT('',#1400);
#1400 = CARTESIAN_POINT('',(180.2511,-129.1336,1.51));
#1401 = LINE('',#1402,#1403);
#1402 = CARTESIAN_POINT('',(180.2511,-129.1336,1.51));
#1403 = VECTOR('',#1404,1.);
#1404 = DIRECTION('',(0.,-1.,0.));
#1405 = ORIENTED_EDGE('',*,*,#1406,.F.);
#1406 = EDGE_CURVE('',#1407,#1399,#1409,.T.);
#1407 = VERTEX_POINT('',#1408);
#1408 = CARTESIAN_POINT('',(182.7911,-126.5936,1.51));
#1409 = LINE('',#1410,#1411);
#1410 = CARTESIAN_POINT('',(182.7911,-126.5936,1.51));
#1411 = VECTOR('',#1412,1.);
#1412 = DIRECTION('',(-0.707106781187,-0.707106781187,0.));
#1413 = ORIENTED_EDGE('',*,*,#1414,.F.);
#1414 = EDGE_CURVE('',#105,#1407,#1415,.T.);
#1415 = LINE('',#1416,#1417);
#1416 = CARTESIAN_POINT('',(182.7911,-93.8276,1.51));
#1417 = VECTOR('',#1418,1.);
#1418 = DIRECTION('',(0.,-1.,0.));
#1419 = ORIENTED_EDGE('',*,*,#104,.F.);
#1420 = FACE_BOUND('',#1421,.T.);
#1421 = EDGE_LOOP('',(#1422,#1433,#1442,#1451,#1460,#1469,#1478));
#1422 = ORIENTED_EDGE('',*,*,#1423,.T.);
#1423 = EDGE_CURVE('',#1424,#1426,#1428,.T.);
#1424 = VERTEX_POINT('',#1425);
#1425 = CARTESIAN_POINT('',(122.5169,-128.898229851,1.51));
#1426 = VERTEX_POINT('',#1427);
#1427 = CARTESIAN_POINT('',(122.1359,-129.0216,1.51));
#1428 = CIRCLE('',#1429,0.65);
#1429 = AXIS2_PLACEMENT_3D('',#1430,#1431,#1432);
#1430 = CARTESIAN_POINT('',(122.1359,-128.3716,1.51));
#1431 = DIRECTION('',(-0.,0.,-1.));
#1432 = DIRECTION('',(2.1862853408E-14,-1.,-0.));
#1433 = ORIENTED_EDGE('',*,*,#1434,.T.);
#1434 = EDGE_CURVE('',#1426,#1435,#1437,.T.);
#1435 = VERTEX_POINT('',#1436);
#1436 = CARTESIAN_POINT('',(122.5169,-127.8449701489,1.51));
#1437 = CIRCLE('',#1438,0.65);
#1438 = AXIS2_PLACEMENT_3D('',#1439,#1440,#1441);
#1439 = CARTESIAN_POINT('',(122.1359,-128.3716,1.51));
#1440 = DIRECTION('',(-0.,0.,-1.));
#1441 = DIRECTION('',(2.1862853408E-14,-1.,-0.));
#1442 = ORIENTED_EDGE('',*,*,#1443,.T.);
#1443 = EDGE_CURVE('',#1435,#1444,#1446,.T.);
#1444 = VERTEX_POINT('',#1445);
#1445 = CARTESIAN_POINT('',(123.2789,-127.8449701489,1.51));
#1446 = CIRCLE('',#1447,0.65);
#1447 = AXIS2_PLACEMENT_3D('',#1448,#1449,#1450);
#1448 = CARTESIAN_POINT('',(122.8979,-128.3716,1.51));
#1449 = DIRECTION('',(-0.,0.,-1.));
#1450 = DIRECTION('',(2.1862853408E-14,-1.,-0.));
#1451 = ORIENTED_EDGE('',*,*,#1452,.T.);
#1452 = EDGE_CURVE('',#1444,#1453,#1455,.T.);
#1453 = VERTEX_POINT('',#1454);
#1454 = CARTESIAN_POINT('',(123.6599,-129.0216,1.51));
#1455 = CIRCLE('',#1456,0.65);
#1456 = AXIS2_PLACEMENT_3D('',#1457,#1458,#1459);
#1457 = CARTESIAN_POINT('',(123.6599,-128.3716,1.51));
#1458 = DIRECTION('',(-0.,0.,-1.));
#1459 = DIRECTION('',(-0.,-1.,0.));
#1460 = ORIENTED_EDGE('',*,*,#1461,.T.);
#1461 = EDGE_CURVE('',#1453,#1462,#1464,.T.);
#1462 = VERTEX_POINT('',#1463);
#1463 = CARTESIAN_POINT('',(123.2789,-128.898229851,1.51));
#1464 = CIRCLE('',#1465,0.65);
#1465 = AXIS2_PLACEMENT_3D('',#1466,#1467,#1468);
#1466 = CARTESIAN_POINT('',(123.6599,-128.3716,1.51));
#1467 = DIRECTION('',(-0.,0.,-1.));
#1468 = DIRECTION('',(-0.,-1.,0.));
#1469 = ORIENTED_EDGE('',*,*,#1470,.T.);
#1470 = EDGE_CURVE('',#1462,#1471,#1473,.T.);
#1471 = VERTEX_POINT('',#1472);
#1472 = CARTESIAN_POINT('',(122.8979,-129.0216,1.51));
#1473 = CIRCLE('',#1474,0.65);
#1474 = AXIS2_PLACEMENT_3D('',#1475,#1476,#1477);
#1475 = CARTESIAN_POINT('',(122.8979,-128.3716,1.51));
#1476 = DIRECTION('',(-0.,0.,-1.));
#1477 = DIRECTION('',(2.1862853408E-14,-1.,-0.));
#1478 = ORIENTED_EDGE('',*,*,#1479,.T.);
#1479 = EDGE_CURVE('',#1471,#1424,#1480,.T.);
#1480 = CIRCLE('',#1481,0.65);
#1481 = AXIS2_PLACEMENT_3D('',#1482,#1483,#1484);
#1482 = CARTESIAN_POINT('',(122.8979,-128.3716,1.51));
#1483 = DIRECTION('',(-0.,0.,-1.));
#1484 = DIRECTION('',(2.1862853408E-14,-1.,-0.));
#1485 = FACE_BOUND('',#1486,.T.);
#1486 = EDGE_LOOP('',(#1487));
#1487 = ORIENTED_EDGE('',*,*,#1488,.T.);
#1488 = EDGE_CURVE('',#1489,#1489,#1491,.T.);
#1489 = VERTEX_POINT('',#1490);
#1490 = CARTESIAN_POINT('',(128.1811,-130.7336,1.51));
#1491 = CIRCLE('',#1492,1.6);
#1492 = AXIS2_PLACEMENT_3D('',#1493,#1494,#1495);
#1493 = CARTESIAN_POINT('',(128.1811,-129.1336,1.51));
#1494 = DIRECTION('',(-0.,0.,-1.));
#1495 = DIRECTION('',(-1.7763568394E-14,-1.,0.));
#1496 = FACE_BOUND('',#1497,.T.);
#1497 = EDGE_LOOP('',(#1498,#1509,#1518,#1527,#1536));
#1498 = ORIENTED_EDGE('',*,*,#1499,.T.);
#1499 = EDGE_CURVE('',#1500,#1502,#1504,.T.);
#1500 = VERTEX_POINT('',#1501);
#1501 = CARTESIAN_POINT('',(119.37407014896,-123.7488,1.51));
#1502 = VERTEX_POINT('',#1503);
#1503 = CARTESIAN_POINT('',(119.37407014896,-122.9868,1.51));
#1504 = CIRCLE('',#1505,0.65);
#1505 = AXIS2_PLACEMENT_3D('',#1506,#1507,#1508);
#1506 = CARTESIAN_POINT('',(119.9007,-123.3678,1.51));
#1507 = DIRECTION('',(-0.,0.,-1.));
#1508 = DIRECTION('',(-0.,-1.,0.));
#1509 = ORIENTED_EDGE('',*,*,#1510,.T.);
#1510 = EDGE_CURVE('',#1502,#1511,#1513,.T.);
#1511 = VERTEX_POINT('',#1512);
#1512 = CARTESIAN_POINT('',(120.42732985103,-122.9868,1.51));
#1513 = CIRCLE('',#1514,0.65);
#1514 = AXIS2_PLACEMENT_3D('',#1515,#1516,#1517);
#1515 = CARTESIAN_POINT('',(119.9007,-122.6058,1.51));
#1516 = DIRECTION('',(-0.,0.,-1.));
#1517 = DIRECTION('',(-0.,-1.,0.));
#1518 = ORIENTED_EDGE('',*,*,#1519,.T.);
#1519 = EDGE_CURVE('',#1511,#1520,#1522,.T.);
#1520 = VERTEX_POINT('',#1521);
#1521 = CARTESIAN_POINT('',(120.42732985103,-123.7488,1.51));
#1522 = CIRCLE('',#1523,0.65);
#1523 = AXIS2_PLACEMENT_3D('',#1524,#1525,#1526);
#1524 = CARTESIAN_POINT('',(119.9007,-123.3678,1.51));
#1525 = DIRECTION('',(-0.,0.,-1.));
#1526 = DIRECTION('',(-0.,-1.,0.));
#1527 = ORIENTED_EDGE('',*,*,#1528,.T.);
#1528 = EDGE_CURVE('',#1520,#1529,#1531,.T.);
#1529 = VERTEX_POINT('',#1530);
#1530 = CARTESIAN_POINT('',(119.9007,-124.7798,1.51));
#1531 = CIRCLE('',#1532,0.65);
#1532 = AXIS2_PLACEMENT_3D('',#1533,#1534,#1535);
#1533 = CARTESIAN_POINT('',(119.9007,-124.1298,1.51));
#1534 = DIRECTION('',(-0.,0.,-1.));
#1535 = DIRECTION('',(-0.,-1.,0.));
#1536 = ORIENTED_EDGE('',*,*,#1537,.T.);
#1537 = EDGE_CURVE('',#1529,#1500,#1538,.T.);
#1538 = CIRCLE('',#1539,0.65);
#1539 = AXIS2_PLACEMENT_3D('',#1540,#1541,#1542);
#1540 = CARTESIAN_POINT('',(119.9007,-124.1298,1.51));
#1541 = DIRECTION('',(-0.,0.,-1.));
#1542 = DIRECTION('',(-0.,-1.,0.));
#1543 = FACE_BOUND('',#1544,.T.);
#1544 = EDGE_LOOP('',(#1545,#1556,#1565,#1574,#1583));
#1545 = ORIENTED_EDGE('',*,*,#1546,.T.);
#1546 = EDGE_CURVE('',#1547,#1549,#1551,.T.);
#1547 = VERTEX_POINT('',#1548);
#1548 = CARTESIAN_POINT('',(125.36847014896,-123.7488,1.51));
#1549 = VERTEX_POINT('',#1550);
#1550 = CARTESIAN_POINT('',(125.36847014896,-122.9868,1.51));
#1551 = CIRCLE('',#1552,0.65);
#1552 = AXIS2_PLACEMENT_3D('',#1553,#1554,#1555);
#1553 = CARTESIAN_POINT('',(125.8951,-123.3678,1.51));
#1554 = DIRECTION('',(-0.,0.,-1.));
#1555 = DIRECTION('',(-0.,-1.,0.));
#1556 = ORIENTED_EDGE('',*,*,#1557,.T.);
#1557 = EDGE_CURVE('',#1549,#1558,#1560,.T.);
#1558 = VERTEX_POINT('',#1559);
#1559 = CARTESIAN_POINT('',(126.42172985103,-122.9868,1.51));
#1560 = CIRCLE('',#1561,0.65);
#1561 = AXIS2_PLACEMENT_3D('',#1562,#1563,#1564);
#1562 = CARTESIAN_POINT('',(125.8951,-122.6058,1.51));
#1563 = DIRECTION('',(-0.,0.,-1.));
#1564 = DIRECTION('',(-0.,-1.,0.));
#1565 = ORIENTED_EDGE('',*,*,#1566,.T.);
#1566 = EDGE_CURVE('',#1558,#1567,#1569,.T.);
#1567 = VERTEX_POINT('',#1568);
#1568 = CARTESIAN_POINT('',(126.42172985103,-123.7488,1.51));
#1569 = CIRCLE('',#1570,0.65);
#1570 = AXIS2_PLACEMENT_3D('',#1571,#1572,#1573);
#1571 = CARTESIAN_POINT('',(125.8951,-123.3678,1.51));
#1572 = DIRECTION('',(-0.,0.,-1.));
#1573 = DIRECTION('',(-0.,-1.,0.));
#1574 = ORIENTED_EDGE('',*,*,#1575,.T.);
#1575 = EDGE_CURVE('',#1567,#1576,#1578,.T.);
#1576 = VERTEX_POINT('',#1577);
#1577 = CARTESIAN_POINT('',(125.8951,-124.7798,1.51));
#1578 = CIRCLE('',#1579,0.65);
#1579 = AXIS2_PLACEMENT_3D('',#1580,#1581,#1582);
#1580 = CARTESIAN_POINT('',(125.8951,-124.1298,1.51));
#1581 = DIRECTION('',(-0.,0.,-1.));
#1582 = DIRECTION('',(-0.,-1.,0.));
#1583 = ORIENTED_EDGE('',*,*,#1584,.T.);
#1584 = EDGE_CURVE('',#1576,#1547,#1585,.T.);
#1585 = CIRCLE('',#1586,0.65);
#1586 = AXIS2_PLACEMENT_3D('',#1587,#1588,#1589);
#1587 = CARTESIAN_POINT('',(125.8951,-124.1298,1.51));
#1588 = DIRECTION('',(-0.,0.,-1.));
#1589 = DIRECTION('',(-0.,-1.,0.));
#1590 = FACE_BOUND('',#1591,.T.);
#1591 = EDGE_LOOP('',(#1592));
#1592 = ORIENTED_EDGE('',*,*,#1593,.T.);
#1593 = EDGE_CURVE('',#1594,#1594,#1596,.T.);
#1594 = VERTEX_POINT('',#1595);
#1595 = CARTESIAN_POINT('',(142.1511,-129.5586,1.51));
#1596 = CIRCLE('',#1597,0.425);
#1597 = AXIS2_PLACEMENT_3D('',#1598,#1599,#1600);
#1598 = CARTESIAN_POINT('',(142.1511,-129.1336,1.51));
#1599 = DIRECTION('',(-0.,0.,-1.));
#1600 = DIRECTION('',(6.687461042447E-14,-1.,-0.));
#1601 = FACE_BOUND('',#1602,.T.);
#1602 = EDGE_LOOP('',(#1603));
#1603 = ORIENTED_EDGE('',*,*,#1604,.T.);
#1604 = EDGE_CURVE('',#1605,#1605,#1607,.T.);
#1605 = VERTEX_POINT('',#1606);
#1606 = CARTESIAN_POINT('',(144.6911,-129.5586,1.51));
#1607 = CIRCLE('',#1608,0.425);
#1608 = AXIS2_PLACEMENT_3D('',#1609,#1610,#1611);
#1609 = CARTESIAN_POINT('',(144.6911,-129.1336,1.51));
#1610 = DIRECTION('',(-0.,0.,-1.));
#1611 = DIRECTION('',(-0.,-1.,0.));
#1612 = FACE_BOUND('',#1613,.T.);
#1613 = EDGE_LOOP('',(#1614));
#1614 = ORIENTED_EDGE('',*,*,#1615,.T.);
#1615 = EDGE_CURVE('',#1616,#1616,#1618,.T.);
#1616 = VERTEX_POINT('',#1617);
#1617 = CARTESIAN_POINT('',(147.2311,-129.5586,1.51));
#1618 = CIRCLE('',#1619,0.425);
#1619 = AXIS2_PLACEMENT_3D('',#1620,#1621,#1622);
#1620 = CARTESIAN_POINT('',(147.2311,-129.1336,1.51));
#1621 = DIRECTION('',(-0.,0.,-1.));
#1622 = DIRECTION('',(-0.,-1.,0.));
#1623 = FACE_BOUND('',#1624,.T.);
#1624 = EDGE_LOOP('',(#1625));
#1625 = ORIENTED_EDGE('',*,*,#1626,.T.);
#1626 = EDGE_CURVE('',#1627,#1627,#1629,.T.);
#1627 = VERTEX_POINT('',#1628);
#1628 = CARTESIAN_POINT('',(144.0561,-119.5256,1.51));
#1629 = CIRCLE('',#1630,0.425);
#1630 = AXIS2_PLACEMENT_3D('',#1631,#1632,#1633);
#1631 = CARTESIAN_POINT('',(144.0561,-119.1006,1.51));
#1632 = DIRECTION('',(-0.,0.,-1.));
#1633 = DIRECTION('',(-6.687461042448E-14,-1.,0.));
#1634 = FACE_BOUND('',#1635,.T.);
#1635 = EDGE_LOOP('',(#1636));
#1636 = ORIENTED_EDGE('',*,*,#1637,.T.);
#1637 = EDGE_CURVE('',#1638,#1638,#1640,.T.);
#1638 = VERTEX_POINT('',#1639);
#1639 = CARTESIAN_POINT('',(146.5961,-119.5256,1.51));
#1640 = CIRCLE('',#1641,0.425);
#1641 = AXIS2_PLACEMENT_3D('',#1642,#1643,#1644);
#1642 = CARTESIAN_POINT('',(146.5961,-119.1006,1.51));
#1643 = DIRECTION('',(-0.,0.,-1.));
#1644 = DIRECTION('',(6.687461042447E-14,-1.,-0.));
#1645 = FACE_BOUND('',#1646,.T.);
#1646 = EDGE_LOOP('',(#1647));
#1647 = ORIENTED_EDGE('',*,*,#1648,.T.);
#1648 = EDGE_CURVE('',#1649,#1649,#1651,.T.);
#1649 = VERTEX_POINT('',#1650);
#1650 = CARTESIAN_POINT('',(149.1361,-119.5256,1.51));
#1651 = CIRCLE('',#1652,0.425);
#1652 = AXIS2_PLACEMENT_3D('',#1653,#1654,#1655);
#1653 = CARTESIAN_POINT('',(149.1361,-119.1006,1.51));
#1654 = DIRECTION('',(-0.,0.,-1.));
#1655 = DIRECTION('',(-0.,-1.,0.));
#1656 = FACE_BOUND('',#1657,.T.);
#1657 = EDGE_LOOP('',(#1658));
#1658 = ORIENTED_EDGE('',*,*,#1659,.T.);
#1659 = EDGE_CURVE('',#1660,#1660,#1662,.T.);
#1660 = VERTEX_POINT('',#1661);
#1661 = CARTESIAN_POINT('',(130.5941,-105.9366,1.51));
#1662 = CIRCLE('',#1663,0.425);
#1663 = AXIS2_PLACEMENT_3D('',#1664,#1665,#1666);
#1664 = CARTESIAN_POINT('',(130.5941,-105.5116,1.51));
#1665 = DIRECTION('',(-0.,0.,-1.));
#1666 = DIRECTION('',(-0.,-1.,0.));
#1667 = FACE_BOUND('',#1668,.T.);
#1668 = EDGE_LOOP('',(#1669));
#1669 = ORIENTED_EDGE('',*,*,#1670,.T.);
#1670 = EDGE_CURVE('',#1671,#1671,#1673,.T.);
#1671 = VERTEX_POINT('',#1672);
#1672 = CARTESIAN_POINT('',(144.0561,-111.9056,1.51));
#1673 = CIRCLE('',#1674,0.425);
#1674 = AXIS2_PLACEMENT_3D('',#1675,#1676,#1677);
#1675 = CARTESIAN_POINT('',(144.0561,-111.4806,1.51));
#1676 = DIRECTION('',(-0.,0.,-1.));
#1677 = DIRECTION('',(-6.687461042448E-14,-1.,0.));
#1678 = FACE_BOUND('',#1679,.T.);
#1679 = EDGE_LOOP('',(#1680));
#1680 = ORIENTED_EDGE('',*,*,#1681,.T.);
#1681 = EDGE_CURVE('',#1682,#1682,#1684,.T.);
#1682 = VERTEX_POINT('',#1683);
#1683 = CARTESIAN_POINT('',(146.5961,-111.9056,1.51));
#1684 = CIRCLE('',#1685,0.425);
#1685 = AXIS2_PLACEMENT_3D('',#1686,#1687,#1688);
#1686 = CARTESIAN_POINT('',(146.5961,-111.4806,1.51));
#1687 = DIRECTION('',(-0.,0.,-1.));
#1688 = DIRECTION('',(6.687461042448E-14,-1.,-0.));
#1689 = FACE_BOUND('',#1690,.T.);
#1690 = EDGE_LOOP('',(#1691));
#1691 = ORIENTED_EDGE('',*,*,#1692,.T.);
#1692 = EDGE_CURVE('',#1693,#1693,#1695,.T.);
#1693 = VERTEX_POINT('',#1694);
#1694 = CARTESIAN_POINT('',(149.1361,-111.9056,1.51));
#1695 = CIRCLE('',#1696,0.425);
#1696 = AXIS2_PLACEMENT_3D('',#1697,#1698,#1699);
#1697 = CARTESIAN_POINT('',(149.1361,-111.4806,1.51));
#1698 = DIRECTION('',(-0.,0.,-1.));
#1699 = DIRECTION('',(-0.,-1.,0.));
#1700 = FACE_BOUND('',#1701,.T.);
#1701 = EDGE_LOOP('',(#1702));
#1702 = ORIENTED_EDGE('',*,*,#1703,.T.);
#1703 = EDGE_CURVE('',#1704,#1704,#1706,.T.);
#1704 = VERTEX_POINT('',#1705);
#1705 = CARTESIAN_POINT('',(135.6741,-105.9366,1.51));
#1706 = CIRCLE('',#1707,0.425);
#1707 = AXIS2_PLACEMENT_3D('',#1708,#1709,#1710);
#1708 = CARTESIAN_POINT('',(135.6741,-105.5116,1.51));
#1709 = DIRECTION('',(-0.,0.,-1.));
#1710 = DIRECTION('',(-0.,-1.,0.));
#1711 = FACE_BOUND('',#1712,.T.);
#1712 = EDGE_LOOP('',(#1713));
#1713 = ORIENTED_EDGE('',*,*,#1714,.T.);
#1714 = EDGE_CURVE('',#1715,#1715,#1717,.T.);
#1715 = VERTEX_POINT('',#1716);
#1716 = CARTESIAN_POINT('',(149.7711,-129.5586,1.51));
#1717 = CIRCLE('',#1718,0.425);
#1718 = AXIS2_PLACEMENT_3D('',#1719,#1720,#1721);
#1719 = CARTESIAN_POINT('',(149.7711,-129.1336,1.51));
#1720 = DIRECTION('',(-0.,0.,-1.));
#1721 = DIRECTION('',(-0.,-1.,0.));
#1722 = FACE_BOUND('',#1723,.T.);
#1723 = EDGE_LOOP('',(#1724));
#1724 = ORIENTED_EDGE('',*,*,#1725,.T.);
#1725 = EDGE_CURVE('',#1726,#1726,#1728,.T.);
#1726 = VERTEX_POINT('',#1727);
#1727 = CARTESIAN_POINT('',(152.3111,-129.5586,1.51));
#1728 = CIRCLE('',#1729,0.425);
#1729 = AXIS2_PLACEMENT_3D('',#1730,#1731,#1732);
#1730 = CARTESIAN_POINT('',(152.3111,-129.1336,1.51));
#1731 = DIRECTION('',(-0.,0.,-1.));
#1732 = DIRECTION('',(-0.,-1.,0.));
#1733 = FACE_BOUND('',#1734,.T.);
#1734 = EDGE_LOOP('',(#1735));
#1735 = ORIENTED_EDGE('',*,*,#1736,.T.);
#1736 = EDGE_CURVE('',#1737,#1737,#1739,.T.);
#1737 = VERTEX_POINT('',#1738);
#1738 = CARTESIAN_POINT('',(154.8511,-129.5586,1.51));
#1739 = CIRCLE('',#1740,0.425);
#1740 = AXIS2_PLACEMENT_3D('',#1741,#1742,#1743);
#1741 = CARTESIAN_POINT('',(154.8511,-129.1336,1.51));
#1742 = DIRECTION('',(-0.,0.,-1.));
#1743 = DIRECTION('',(-0.,-1.,0.));
#1744 = FACE_BOUND('',#1745,.T.);
#1745 = EDGE_LOOP('',(#1746));
#1746 = ORIENTED_EDGE('',*,*,#1747,.T.);
#1747 = EDGE_CURVE('',#1748,#1748,#1750,.T.);
#1748 = VERTEX_POINT('',#1749);
#1749 = CARTESIAN_POINT('',(157.3911,-129.5586,1.51));
#1750 = CIRCLE('',#1751,0.425);
#1751 = AXIS2_PLACEMENT_3D('',#1752,#1753,#1754);
#1752 = CARTESIAN_POINT('',(157.3911,-129.1336,1.51));
#1753 = DIRECTION('',(-0.,0.,-1.));
#1754 = DIRECTION('',(-0.,-1.,0.));
#1755 = FACE_BOUND('',#1756,.T.);
#1756 = EDGE_LOOP('',(#1757));
#1757 = ORIENTED_EDGE('',*,*,#1758,.T.);
#1758 = EDGE_CURVE('',#1759,#1759,#1761,.T.);
#1759 = VERTEX_POINT('',#1760);
#1760 = CARTESIAN_POINT('',(159.9311,-129.5586,1.51));
#1761 = CIRCLE('',#1762,0.425);
#1762 = AXIS2_PLACEMENT_3D('',#1763,#1764,#1765);
#1763 = CARTESIAN_POINT('',(159.9311,-129.1336,1.51));
#1764 = DIRECTION('',(-0.,0.,-1.));
#1765 = DIRECTION('',(-6.687461042448E-14,-1.,0.));
#1766 = FACE_BOUND('',#1767,.T.);
#1767 = EDGE_LOOP('',(#1768));
#1768 = ORIENTED_EDGE('',*,*,#1769,.T.);
#1769 = EDGE_CURVE('',#1770,#1770,#1772,.T.);
#1770 = VERTEX_POINT('',#1771);
#1771 = CARTESIAN_POINT('',(165.0111,-129.5586,1.51));
#1772 = CIRCLE('',#1773,0.425);
#1773 = AXIS2_PLACEMENT_3D('',#1774,#1775,#1776);
#1774 = CARTESIAN_POINT('',(165.0111,-129.1336,1.51));
#1775 = DIRECTION('',(-0.,0.,-1.));
#1776 = DIRECTION('',(-0.,-1.,0.));
#1777 = FACE_BOUND('',#1778,.T.);
#1778 = EDGE_LOOP('',(#1779));
#1779 = ORIENTED_EDGE('',*,*,#1780,.T.);
#1780 = EDGE_CURVE('',#1781,#1781,#1783,.T.);
#1781 = VERTEX_POINT('',#1782);
#1782 = CARTESIAN_POINT('',(151.6761,-119.5256,1.51));
#1783 = CIRCLE('',#1784,0.425);
#1784 = AXIS2_PLACEMENT_3D('',#1785,#1786,#1787);
#1785 = CARTESIAN_POINT('',(151.6761,-119.1006,1.51));
#1786 = DIRECTION('',(-0.,0.,-1.));
#1787 = DIRECTION('',(-6.687461042448E-14,-1.,0.));
#1788 = FACE_BOUND('',#1789,.T.);
#1789 = EDGE_LOOP('',(#1790));
#1790 = ORIENTED_EDGE('',*,*,#1791,.T.);
#1791 = EDGE_CURVE('',#1792,#1792,#1794,.T.);
#1792 = VERTEX_POINT('',#1793);
#1793 = CARTESIAN_POINT('',(154.2161,-119.5256,1.51));
#1794 = CIRCLE('',#1795,0.425);
#1795 = AXIS2_PLACEMENT_3D('',#1796,#1797,#1798);
#1796 = CARTESIAN_POINT('',(154.2161,-119.1006,1.51));
#1797 = DIRECTION('',(-0.,0.,-1.));
#1798 = DIRECTION('',(6.687461042447E-14,-1.,-0.));
#1799 = FACE_BOUND('',#1800,.T.);
#1800 = EDGE_LOOP('',(#1801));
#1801 = ORIENTED_EDGE('',*,*,#1802,.T.);
#1802 = EDGE_CURVE('',#1803,#1803,#1805,.T.);
#1803 = VERTEX_POINT('',#1804);
#1804 = CARTESIAN_POINT('',(156.7561,-119.5256,1.51));
#1805 = CIRCLE('',#1806,0.425);
#1806 = AXIS2_PLACEMENT_3D('',#1807,#1808,#1809);
#1807 = CARTESIAN_POINT('',(156.7561,-119.1006,1.51));
#1808 = DIRECTION('',(-0.,0.,-1.));
#1809 = DIRECTION('',(-0.,-1.,0.));
#1810 = FACE_BOUND('',#1811,.T.);
#1811 = EDGE_LOOP('',(#1812));
#1812 = ORIENTED_EDGE('',*,*,#1813,.T.);
#1813 = EDGE_CURVE('',#1814,#1814,#1816,.T.);
#1814 = VERTEX_POINT('',#1815);
#1815 = CARTESIAN_POINT('',(159.2961,-119.5256,1.51));
#1816 = CIRCLE('',#1817,0.425);
#1817 = AXIS2_PLACEMENT_3D('',#1818,#1819,#1820);
#1818 = CARTESIAN_POINT('',(159.2961,-119.1006,1.51));
#1819 = DIRECTION('',(-0.,0.,-1.));
#1820 = DIRECTION('',(-6.687461042448E-14,-1.,0.));
#1821 = FACE_BOUND('',#1822,.T.);
#1822 = EDGE_LOOP('',(#1823));
#1823 = ORIENTED_EDGE('',*,*,#1824,.T.);
#1824 = EDGE_CURVE('',#1825,#1825,#1827,.T.);
#1825 = VERTEX_POINT('',#1826);
#1826 = CARTESIAN_POINT('',(161.8361,-119.5256,1.51));
#1827 = CIRCLE('',#1828,0.425);
#1828 = AXIS2_PLACEMENT_3D('',#1829,#1830,#1831);
#1829 = CARTESIAN_POINT('',(161.8361,-119.1006,1.51));
#1830 = DIRECTION('',(-0.,0.,-1.));
#1831 = DIRECTION('',(-0.,-1.,0.));
#1832 = FACE_BOUND('',#1833,.T.);
#1833 = EDGE_LOOP('',(#1834));
#1834 = ORIENTED_EDGE('',*,*,#1835,.T.);
#1835 = EDGE_CURVE('',#1836,#1836,#1838,.T.);
#1836 = VERTEX_POINT('',#1837);
#1837 = CARTESIAN_POINT('',(164.3761,-119.5256,1.51));
#1838 = CIRCLE('',#1839,0.425);
#1839 = AXIS2_PLACEMENT_3D('',#1840,#1841,#1842);
#1840 = CARTESIAN_POINT('',(164.3761,-119.1006,1.51));
#1841 = DIRECTION('',(-0.,0.,-1.));
#1842 = DIRECTION('',(-0.,-1.,0.));
#1843 = FACE_BOUND('',#1844,.T.);
#1844 = EDGE_LOOP('',(#1845));
#1845 = ORIENTED_EDGE('',*,*,#1846,.T.);
#1846 = EDGE_CURVE('',#1847,#1847,#1849,.T.);
#1847 = VERTEX_POINT('',#1848);
#1848 = CARTESIAN_POINT('',(167.5511,-129.5586,1.51));
#1849 = CIRCLE('',#1850,0.425);
#1850 = AXIS2_PLACEMENT_3D('',#1851,#1852,#1853);
#1851 = CARTESIAN_POINT('',(167.5511,-129.1336,1.51));
#1852 = DIRECTION('',(-0.,0.,-1.));
#1853 = DIRECTION('',(-6.687461042448E-14,-1.,0.));
#1854 = FACE_BOUND('',#1855,.T.);
#1855 = EDGE_LOOP('',(#1856));
#1856 = ORIENTED_EDGE('',*,*,#1857,.T.);
#1857 = EDGE_CURVE('',#1858,#1858,#1860,.T.);
#1858 = VERTEX_POINT('',#1859);
#1859 = CARTESIAN_POINT('',(170.0911,-129.5586,1.51));
#1860 = CIRCLE('',#1861,0.425);
#1861 = AXIS2_PLACEMENT_3D('',#1862,#1863,#1864);
#1862 = CARTESIAN_POINT('',(170.0911,-129.1336,1.51));
#1863 = DIRECTION('',(-0.,0.,-1.));
#1864 = DIRECTION('',(6.687461042447E-14,-1.,-0.));
#1865 = FACE_BOUND('',#1866,.T.);
#1866 = EDGE_LOOP('',(#1867));
#1867 = ORIENTED_EDGE('',*,*,#1868,.T.);
#1868 = EDGE_CURVE('',#1869,#1869,#1871,.T.);
#1869 = VERTEX_POINT('',#1870);
#1870 = CARTESIAN_POINT('',(172.6311,-129.5586,1.51));
#1871 = CIRCLE('',#1872,0.425);
#1872 = AXIS2_PLACEMENT_3D('',#1873,#1874,#1875);
#1873 = CARTESIAN_POINT('',(172.6311,-129.1336,1.51));
#1874 = DIRECTION('',(-0.,0.,-1.));
#1875 = DIRECTION('',(-0.,-1.,0.));
#1876 = FACE_BOUND('',#1877,.T.);
#1877 = EDGE_LOOP('',(#1878));
#1878 = ORIENTED_EDGE('',*,*,#1879,.T.);
#1879 = EDGE_CURVE('',#1880,#1880,#1882,.T.);
#1880 = VERTEX_POINT('',#1881);
#1881 = CARTESIAN_POINT('',(175.1711,-129.5586,1.51));
#1882 = CIRCLE('',#1883,0.425);
#1883 = AXIS2_PLACEMENT_3D('',#1884,#1885,#1886);
#1884 = CARTESIAN_POINT('',(175.1711,-129.1336,1.51));
#1885 = DIRECTION('',(-0.,0.,-1.));
#1886 = DIRECTION('',(-6.687461042448E-14,-1.,0.));
#1887 = FACE_BOUND('',#1888,.T.);
#1888 = EDGE_LOOP('',(#1889));
#1889 = ORIENTED_EDGE('',*,*,#1890,.T.);
#1890 = EDGE_CURVE('',#1891,#1891,#1893,.T.);
#1891 = VERTEX_POINT('',#1892);
#1892 = CARTESIAN_POINT('',(177.7111,-129.5586,1.51));
#1893 = CIRCLE('',#1894,0.425);
#1894 = AXIS2_PLACEMENT_3D('',#1895,#1896,#1897);
#1895 = CARTESIAN_POINT('',(177.7111,-129.1336,1.51));
#1896 = DIRECTION('',(-0.,0.,-1.));
#1897 = DIRECTION('',(-0.,-1.,0.));
#1898 = FACE_BOUND('',#1899,.T.);
#1899 = EDGE_LOOP('',(#1900));
#1900 = ORIENTED_EDGE('',*,*,#1901,.T.);
#1901 = EDGE_CURVE('',#1902,#1902,#1904,.T.);
#1902 = VERTEX_POINT('',#1903);
#1903 = CARTESIAN_POINT('',(166.9161,-119.5256,1.51));
#1904 = CIRCLE('',#1905,0.425);
#1905 = AXIS2_PLACEMENT_3D('',#1906,#1907,#1908);
#1906 = CARTESIAN_POINT('',(166.9161,-119.1006,1.51));
#1907 = DIRECTION('',(-0.,0.,-1.));
#1908 = DIRECTION('',(-0.,-1.,0.));
#1909 = FACE_BOUND('',#1910,.T.);
#1910 = EDGE_LOOP('',(#1911));
#1911 = ORIENTED_EDGE('',*,*,#1912,.T.);
#1912 = EDGE_CURVE('',#1913,#1913,#1915,.T.);
#1913 = VERTEX_POINT('',#1914);
#1914 = CARTESIAN_POINT('',(169.4561,-119.5256,1.51));
#1915 = CIRCLE('',#1916,0.425);
#1916 = AXIS2_PLACEMENT_3D('',#1917,#1918,#1919);
#1917 = CARTESIAN_POINT('',(169.4561,-119.1006,1.51));
#1918 = DIRECTION('',(-0.,0.,-1.));
#1919 = DIRECTION('',(-0.,-1.,0.));
#1920 = FACE_BOUND('',#1921,.T.);
#1921 = EDGE_LOOP('',(#1922));
#1922 = ORIENTED_EDGE('',*,*,#1923,.T.);
#1923 = EDGE_CURVE('',#1924,#1924,#1926,.T.);
#1924 = VERTEX_POINT('',#1925);
#1925 = CARTESIAN_POINT('',(171.9961,-119.5256,1.51));
#1926 = CIRCLE('',#1927,0.425);
#1927 = AXIS2_PLACEMENT_3D('',#1928,#1929,#1930);
#1928 = CARTESIAN_POINT('',(171.9961,-119.1006,1.51));
#1929 = DIRECTION('',(-0.,0.,-1.));
#1930 = DIRECTION('',(-0.,-1.,0.));
#1931 = FACE_BOUND('',#1932,.T.);
#1932 = EDGE_LOOP('',(#1933));
#1933 = ORIENTED_EDGE('',*,*,#1934,.T.);
#1934 = EDGE_CURVE('',#1935,#1935,#1937,.T.);
#1935 = VERTEX_POINT('',#1936);
#1936 = CARTESIAN_POINT('',(180.2511,-125.6536,1.51));
#1937 = CIRCLE('',#1938,1.6);
#1938 = AXIS2_PLACEMENT_3D('',#1939,#1940,#1941);
#1939 = CARTESIAN_POINT('',(180.2511,-124.0536,1.51));
#1940 = DIRECTION('',(-0.,0.,-1.));
#1941 = DIRECTION('',(-0.,-1.,0.));
#1942 = FACE_BOUND('',#1943,.T.);
#1943 = EDGE_LOOP('',(#1944));
#1944 = ORIENTED_EDGE('',*,*,#1945,.T.);
#1945 = EDGE_CURVE('',#1946,#1946,#1948,.T.);
#1946 = VERTEX_POINT('',#1947);
#1947 = CARTESIAN_POINT('',(174.5361,-119.5256,1.51));
#1948 = CIRCLE('',#1949,0.425);
#1949 = AXIS2_PLACEMENT_3D('',#1950,#1951,#1952);
#1950 = CARTESIAN_POINT('',(174.5361,-119.1006,1.51));
#1951 = DIRECTION('',(-0.,0.,-1.));
#1952 = DIRECTION('',(6.687461042447E-14,-1.,-0.));
#1953 = FACE_BOUND('',#1954,.T.);
#1954 = EDGE_LOOP('',(#1955));
#1955 = ORIENTED_EDGE('',*,*,#1956,.T.);
#1956 = EDGE_CURVE('',#1957,#1957,#1959,.T.);
#1957 = VERTEX_POINT('',#1958);
#1958 = CARTESIAN_POINT('',(177.0761,-119.5256,1.51));
#1959 = CIRCLE('',#1960,0.425);
#1960 = AXIS2_PLACEMENT_3D('',#1961,#1962,#1963);
#1961 = CARTESIAN_POINT('',(177.0761,-119.1006,1.51));
#1962 = DIRECTION('',(-0.,0.,-1.));
#1963 = DIRECTION('',(-0.,-1.,0.));
#1964 = FACE_BOUND('',#1965,.T.);
#1965 = EDGE_LOOP('',(#1966));
#1966 = ORIENTED_EDGE('',*,*,#1967,.T.);
#1967 = EDGE_CURVE('',#1968,#1968,#1970,.T.);
#1968 = VERTEX_POINT('',#1969);
#1969 = CARTESIAN_POINT('',(151.6761,-111.9056,1.51));
#1970 = CIRCLE('',#1971,0.425);
#1971 = AXIS2_PLACEMENT_3D('',#1972,#1973,#1974);
#1972 = CARTESIAN_POINT('',(151.6761,-111.4806,1.51));
#1973 = DIRECTION('',(-0.,0.,-1.));
#1974 = DIRECTION('',(-6.687461042448E-14,-1.,0.));
#1975 = FACE_BOUND('',#1976,.T.);
#1976 = EDGE_LOOP('',(#1977));
#1977 = ORIENTED_EDGE('',*,*,#1978,.T.);
#1978 = EDGE_CURVE('',#1979,#1979,#1981,.T.);
#1979 = VERTEX_POINT('',#1980);
#1980 = CARTESIAN_POINT('',(154.2161,-111.9056,1.51));
#1981 = CIRCLE('',#1982,0.425);
#1982 = AXIS2_PLACEMENT_3D('',#1983,#1984,#1985);
#1983 = CARTESIAN_POINT('',(154.2161,-111.4806,1.51));
#1984 = DIRECTION('',(-0.,0.,-1.));
#1985 = DIRECTION('',(6.687461042448E-14,-1.,-0.));
#1986 = FACE_BOUND('',#1987,.T.);
#1987 = EDGE_LOOP('',(#1988));
#1988 = ORIENTED_EDGE('',*,*,#1989,.T.);
#1989 = EDGE_CURVE('',#1990,#1990,#1992,.T.);
#1990 = VERTEX_POINT('',#1991);
#1991 = CARTESIAN_POINT('',(156.7561,-111.9056,1.51));
#1992 = CIRCLE('',#1993,0.425);
#1993 = AXIS2_PLACEMENT_3D('',#1994,#1995,#1996);
#1994 = CARTESIAN_POINT('',(156.7561,-111.4806,1.51));
#1995 = DIRECTION('',(-0.,0.,-1.));
#1996 = DIRECTION('',(-0.,-1.,0.));
#1997 = FACE_BOUND('',#1998,.T.);
#1998 = EDGE_LOOP('',(#1999));
#1999 = ORIENTED_EDGE('',*,*,#2000,.T.);
#2000 = EDGE_CURVE('',#2001,#2001,#2003,.T.);
#2001 = VERTEX_POINT('',#2002);
#2002 = CARTESIAN_POINT('',(159.2961,-111.9056,1.51));
#2003 = CIRCLE('',#2004,0.425);
#2004 = AXIS2_PLACEMENT_3D('',#2005,#2006,#2007);
#2005 = CARTESIAN_POINT('',(159.2961,-111.4806,1.51));
#2006 = DIRECTION('',(-0.,0.,-1.));
#2007 = DIRECTION('',(-6.687461042448E-14,-1.,0.));
#2008 = FACE_BOUND('',#2009,.T.);
#2009 = EDGE_LOOP('',(#2010));
#2010 = ORIENTED_EDGE('',*,*,#2011,.T.);
#2011 = EDGE_CURVE('',#2012,#2012,#2014,.T.);
#2012 = VERTEX_POINT('',#2013);
#2013 = CARTESIAN_POINT('',(161.8361,-111.9056,1.51));
#2014 = CIRCLE('',#2015,0.425);
#2015 = AXIS2_PLACEMENT_3D('',#2016,#2017,#2018);
#2016 = CARTESIAN_POINT('',(161.8361,-111.4806,1.51));
#2017 = DIRECTION('',(-0.,0.,-1.));
#2018 = DIRECTION('',(-0.,-1.,0.));
#2019 = FACE_BOUND('',#2020,.T.);
#2020 = EDGE_LOOP('',(#2021));
#2021 = ORIENTED_EDGE('',*,*,#2022,.T.);
#2022 = EDGE_CURVE('',#2023,#2023,#2025,.T.);
#2023 = VERTEX_POINT('',#2024);
#2024 = CARTESIAN_POINT('',(164.3761,-111.9056,1.51));
#2025 = CIRCLE('',#2026,0.425);
#2026 = AXIS2_PLACEMENT_3D('',#2027,#2028,#2029);
#2027 = CARTESIAN_POINT('',(164.3761,-111.4806,1.51));
#2028 = DIRECTION('',(-0.,0.,-1.));
#2029 = DIRECTION('',(-0.,-1.,0.));
#2030 = FACE_BOUND('',#2031,.T.);
#2031 = EDGE_LOOP('',(#2032));
#2032 = ORIENTED_EDGE('',*,*,#2033,.T.);
#2033 = EDGE_CURVE('',#2034,#2034,#2036,.T.);
#2034 = VERTEX_POINT('',#2035);
#2035 = CARTESIAN_POINT('',(166.9161,-111.9056,1.51));
#2036 = CIRCLE('',#2037,0.425);
#2037 = AXIS2_PLACEMENT_3D('',#2038,#2039,#2040);
#2038 = CARTESIAN_POINT('',(166.9161,-111.4806,1.51));
#2039 = DIRECTION('',(-0.,0.,-1.));
#2040 = DIRECTION('',(-0.,-1.,0.));
#2041 = FACE_BOUND('',#2042,.T.);
#2042 = EDGE_LOOP('',(#2043));
#2043 = ORIENTED_EDGE('',*,*,#2044,.T.);
#2044 = EDGE_CURVE('',#2045,#2045,#2047,.T.);
#2045 = VERTEX_POINT('',#2046);
#2046 = CARTESIAN_POINT('',(169.4561,-111.9056,1.51));
#2047 = CIRCLE('',#2048,0.425);
#2048 = AXIS2_PLACEMENT_3D('',#2049,#2050,#2051);
#2049 = CARTESIAN_POINT('',(169.4561,-111.4806,1.51));
#2050 = DIRECTION('',(-0.,0.,-1.));
#2051 = DIRECTION('',(-0.,-1.,0.));
#2052 = FACE_BOUND('',#2053,.T.);
#2053 = EDGE_LOOP('',(#2054));
#2054 = ORIENTED_EDGE('',*,*,#2055,.T.);
#2055 = EDGE_CURVE('',#2056,#2056,#2058,.T.);
#2056 = VERTEX_POINT('',#2057);
#2057 = CARTESIAN_POINT('',(171.9961,-111.9056,1.51));
#2058 = CIRCLE('',#2059,0.425);
#2059 = AXIS2_PLACEMENT_3D('',#2060,#2061,#2062);
#2060 = CARTESIAN_POINT('',(171.9961,-111.4806,1.51));
#2061 = DIRECTION('',(-0.,0.,-1.));
#2062 = DIRECTION('',(-0.,-1.,0.));
#2063 = FACE_BOUND('',#2064,.T.);
#2064 = EDGE_LOOP('',(#2065));
#2065 = ORIENTED_EDGE('',*,*,#2066,.T.);
#2066 = EDGE_CURVE('',#2067,#2067,#2069,.T.);
#2067 = VERTEX_POINT('',#2068);
#2068 = CARTESIAN_POINT('',(174.5361,-111.9056,1.51));
#2069 = CIRCLE('',#2070,0.425);
#2070 = AXIS2_PLACEMENT_3D('',#2071,#2072,#2073);
#2071 = CARTESIAN_POINT('',(174.5361,-111.4806,1.51));
#2072 = DIRECTION('',(-0.,0.,-1.));
#2073 = DIRECTION('',(6.687461042448E-14,-1.,-0.));
#2074 = FACE_BOUND('',#2075,.T.);
#2075 = EDGE_LOOP('',(#2076));
#2076 = ORIENTED_EDGE('',*,*,#2077,.T.);
#2077 = EDGE_CURVE('',#2078,#2078,#2080,.T.);
#2078 = VERTEX_POINT('',#2079);
#2079 = CARTESIAN_POINT('',(177.0761,-111.9056,1.51));
#2080 = CIRCLE('',#2081,0.425);
#2081 = AXIS2_PLACEMENT_3D('',#2082,#2083,#2084);
#2082 = CARTESIAN_POINT('',(177.0761,-111.4806,1.51));
#2083 = DIRECTION('',(-0.,0.,-1.));
#2084 = DIRECTION('',(-0.,-1.,0.));
#2085 = FACE_BOUND('',#2086,.T.);
#2086 = EDGE_LOOP('',(#2087));
#2087 = ORIENTED_EDGE('',*,*,#2088,.T.);
#2088 = EDGE_CURVE('',#2089,#2089,#2091,.T.);
#2089 = VERTEX_POINT('',#2090);
#2090 = CARTESIAN_POINT('',(177.8381,-106.7486,1.51));
#2091 = CIRCLE('',#2092,0.475);
#2092 = AXIS2_PLACEMENT_3D('',#2093,#2094,#2095);
#2093 = CARTESIAN_POINT('',(177.8381,-106.2736,1.51));
#2094 = DIRECTION('',(-0.,0.,-1.));
#2095 = DIRECTION('',(-0.,-1.,0.));
#2096 = FACE_BOUND('',#2097,.T.);
#2097 = EDGE_LOOP('',(#2098));
#2098 = ORIENTED_EDGE('',*,*,#2099,.T.);
#2099 = EDGE_CURVE('',#2100,#2100,#2102,.T.);
#2100 = VERTEX_POINT('',#2101);
#2101 = CARTESIAN_POINT('',(180.3781,-106.7486,1.51));
#2102 = CIRCLE('',#2103,0.475);
#2103 = AXIS2_PLACEMENT_3D('',#2104,#2105,#2106);
#2104 = CARTESIAN_POINT('',(180.3781,-106.2736,1.51));
#2105 = DIRECTION('',(-0.,0.,-1.));
#2106 = DIRECTION('',(-5.983517774822E-14,-1.,0.));
#2107 = FACE_BOUND('',#2108,.T.);
#2108 = EDGE_LOOP('',(#2109));
#2109 = ORIENTED_EDGE('',*,*,#2110,.T.);
#2110 = EDGE_CURVE('',#2111,#2111,#2113,.T.);
#2111 = VERTEX_POINT('',#2112);
#2112 = CARTESIAN_POINT('',(118.0211,-100.6736,1.51));
#2113 = CIRCLE('',#2114,1.1);
#2114 = AXIS2_PLACEMENT_3D('',#2115,#2116,#2117);
#2115 = CARTESIAN_POINT('',(118.0211,-99.5736,1.51));
#2116 = DIRECTION('',(-0.,0.,-1.));
#2117 = DIRECTION('',(1.2918958832E-14,-1.,-0.));
#2118 = FACE_BOUND('',#2119,.T.);
#2119 = EDGE_LOOP('',(#2120));
#2120 = ORIENTED_EDGE('',*,*,#2121,.T.);
#2121 = EDGE_CURVE('',#2122,#2122,#2124,.T.);
#2122 = VERTEX_POINT('',#2123);
#2123 = CARTESIAN_POINT('',(120.7311,-95.2986,1.51));
#2124 = CIRCLE('',#2125,0.475);
#2125 = AXIS2_PLACEMENT_3D('',#2126,#2127,#2128);
#2126 = CARTESIAN_POINT('',(120.7311,-94.8236,1.51));
#2127 = DIRECTION('',(-0.,0.,-1.));
#2128 = DIRECTION('',(-0.,-1.,0.));
#2129 = FACE_BOUND('',#2130,.T.);
#2130 = EDGE_LOOP('',(#2131));
#2131 = ORIENTED_EDGE('',*,*,#2132,.T.);
#2132 = EDGE_CURVE('',#2133,#2133,#2135,.T.);
#2133 = VERTEX_POINT('',#2134);
#2134 = CARTESIAN_POINT('',(120.7311,-92.7986,1.51));
#2135 = CIRCLE('',#2136,0.475);
#2136 = AXIS2_PLACEMENT_3D('',#2137,#2138,#2139);
#2137 = CARTESIAN_POINT('',(120.7311,-92.3236,1.51));
#2138 = DIRECTION('',(-0.,0.,-1.));
#2139 = DIRECTION('',(-0.,-1.,0.));
#2140 = FACE_BOUND('',#2141,.T.);
#2141 = EDGE_LOOP('',(#2142));
#2142 = ORIENTED_EDGE('',*,*,#2143,.T.);
#2143 = EDGE_CURVE('',#2144,#2144,#2146,.T.);
#2144 = VERTEX_POINT('',#2145);
#2145 = CARTESIAN_POINT('',(122.7311,-95.2986,1.51));
#2146 = CIRCLE('',#2147,0.475);
#2147 = AXIS2_PLACEMENT_3D('',#2148,#2149,#2150);
#2148 = CARTESIAN_POINT('',(122.7311,-94.8236,1.51));
#2149 = DIRECTION('',(-0.,0.,-1.));
#2150 = DIRECTION('',(-0.,-1.,0.));
#2151 = FACE_BOUND('',#2152,.T.);
#2152 = EDGE_LOOP('',(#2153));
#2153 = ORIENTED_EDGE('',*,*,#2154,.T.);
#2154 = EDGE_CURVE('',#2155,#2155,#2157,.T.);
#2155 = VERTEX_POINT('',#2156);
#2156 = CARTESIAN_POINT('',(122.7311,-92.7986,1.51));
#2157 = CIRCLE('',#2158,0.475);
#2158 = AXIS2_PLACEMENT_3D('',#2159,#2160,#2161);
#2159 = CARTESIAN_POINT('',(122.7311,-92.3236,1.51));
#2160 = DIRECTION('',(-0.,0.,-1.));
#2161 = DIRECTION('',(-0.,-1.,0.));
#2162 = FACE_BOUND('',#2163,.T.);
#2163 = EDGE_LOOP('',(#2164));
#2164 = ORIENTED_EDGE('',*,*,#2165,.T.);
#2165 = EDGE_CURVE('',#2166,#2166,#2168,.T.);
#2166 = VERTEX_POINT('',#2167);
#2167 = CARTESIAN_POINT('',(118.0211,-88.6736,1.51));
#2168 = CIRCLE('',#2169,1.1);
#2169 = AXIS2_PLACEMENT_3D('',#2170,#2171,#2172);
#2170 = CARTESIAN_POINT('',(118.0211,-87.5736,1.51));
#2171 = DIRECTION('',(-0.,0.,-1.));
#2172 = DIRECTION('',(1.2918958832E-14,-1.,-0.));
#2173 = FACE_BOUND('',#2174,.T.);
#2174 = EDGE_LOOP('',(#2175));
#2175 = ORIENTED_EDGE('',*,*,#2176,.T.);
#2176 = EDGE_CURVE('',#2177,#2177,#2179,.T.);
#2177 = VERTEX_POINT('',#2178);
#2178 = CARTESIAN_POINT('',(132.4991,-92.2706,1.51));
#2179 = CIRCLE('',#2180,0.475);
#2180 = AXIS2_PLACEMENT_3D('',#2181,#2182,#2183);
#2181 = CARTESIAN_POINT('',(132.4991,-91.7956,1.51));
#2182 = DIRECTION('',(-0.,0.,-1.));
#2183 = DIRECTION('',(-0.,-1.,0.));
#2184 = FACE_BOUND('',#2185,.T.);
#2185 = EDGE_LOOP('',(#2186));
#2186 = ORIENTED_EDGE('',*,*,#2187,.T.);
#2187 = EDGE_CURVE('',#2188,#2188,#2190,.T.);
#2188 = VERTEX_POINT('',#2189);
#2189 = CARTESIAN_POINT('',(132.4991,-89.7306,1.51));
#2190 = CIRCLE('',#2191,0.475);
#2191 = AXIS2_PLACEMENT_3D('',#2192,#2193,#2194);
#2192 = CARTESIAN_POINT('',(132.4991,-89.2556,1.51));
#2193 = DIRECTION('',(-0.,0.,-1.));
#2194 = DIRECTION('',(-0.,-1.,0.));
#2195 = FACE_BOUND('',#2196,.T.);
#2196 = EDGE_LOOP('',(#2197));
#2197 = ORIENTED_EDGE('',*,*,#2198,.T.);
#2198 = EDGE_CURVE('',#2199,#2199,#2201,.T.);
#2199 = VERTEX_POINT('',#2200);
#2200 = CARTESIAN_POINT('',(129.9591,-87.1906,1.51));
#2201 = CIRCLE('',#2202,0.475);
#2202 = AXIS2_PLACEMENT_3D('',#2203,#2204,#2205);
#2203 = CARTESIAN_POINT('',(129.9591,-86.7156,1.51));
#2204 = DIRECTION('',(-0.,0.,-1.));
#2205 = DIRECTION('',(-0.,-1.,0.));
#2206 = FACE_BOUND('',#2207,.T.);
#2207 = EDGE_LOOP('',(#2208));
#2208 = ORIENTED_EDGE('',*,*,#2209,.T.);
#2209 = EDGE_CURVE('',#2210,#2210,#2212,.T.);
#2210 = VERTEX_POINT('',#2211);
#2211 = CARTESIAN_POINT('',(132.4991,-87.1906,1.51));
#2212 = CIRCLE('',#2213,0.475);
#2213 = AXIS2_PLACEMENT_3D('',#2214,#2215,#2216);
#2214 = CARTESIAN_POINT('',(132.4991,-86.7156,1.51));
#2215 = DIRECTION('',(-0.,0.,-1.));
#2216 = DIRECTION('',(-0.,-1.,0.));
#2217 = FACE_BOUND('',#2218,.T.);
#2218 = EDGE_LOOP('',(#2219));
#2219 = ORIENTED_EDGE('',*,*,#2220,.T.);
#2220 = EDGE_CURVE('',#2221,#2221,#2223,.T.);
#2221 = VERTEX_POINT('',#2222);
#2222 = CARTESIAN_POINT('',(129.9591,-84.6506,1.51));
#2223 = CIRCLE('',#2224,0.475);
#2224 = AXIS2_PLACEMENT_3D('',#2225,#2226,#2227);
#2225 = CARTESIAN_POINT('',(129.9591,-84.1756,1.51));
#2226 = DIRECTION('',(-0.,0.,-1.));
#2227 = DIRECTION('',(-0.,-1.,0.));
#2228 = FACE_BOUND('',#2229,.T.);
#2229 = EDGE_LOOP('',(#2230));
#2230 = ORIENTED_EDGE('',*,*,#2231,.T.);
#2231 = EDGE_CURVE('',#2232,#2232,#2234,.T.);
#2232 = VERTEX_POINT('',#2233);
#2233 = CARTESIAN_POINT('',(132.4991,-84.6506,1.51));
#2234 = CIRCLE('',#2235,0.475);
#2235 = AXIS2_PLACEMENT_3D('',#2236,#2237,#2238);
#2236 = CARTESIAN_POINT('',(132.4991,-84.1756,1.51));
#2237 = DIRECTION('',(-0.,0.,-1.));
#2238 = DIRECTION('',(-0.,-1.,0.));
#2239 = FACE_BOUND('',#2240,.T.);
#2240 = EDGE_LOOP('',(#2241));
#2241 = ORIENTED_EDGE('',*,*,#2242,.T.);
#2242 = EDGE_CURVE('',#2243,#2243,#2245,.T.);
#2243 = VERTEX_POINT('',#2244);
#2244 = CARTESIAN_POINT('',(129.4511,-82.4736,1.51));
#2245 = CIRCLE('',#2246,1.6);
#2246 = AXIS2_PLACEMENT_3D('',#2247,#2248,#2249);
#2247 = CARTESIAN_POINT('',(129.4511,-80.8736,1.51));
#2248 = DIRECTION('',(-0.,0.,-1.));
#2249 = DIRECTION('',(-0.,-1.,0.));
#2250 = FACE_BOUND('',#2251,.T.);
#2251 = EDGE_LOOP('',(#2252));
#2252 = ORIENTED_EDGE('',*,*,#2253,.T.);
#2253 = EDGE_CURVE('',#2254,#2254,#2256,.T.);
#2254 = VERTEX_POINT('',#2255);
#2255 = CARTESIAN_POINT('',(133.0071,-81.2986,1.51));
#2256 = CIRCLE('',#2257,0.425);
#2257 = AXIS2_PLACEMENT_3D('',#2258,#2259,#2260);
#2258 = CARTESIAN_POINT('',(133.0071,-80.8736,1.51));
#2259 = DIRECTION('',(-0.,0.,-1.));
#2260 = DIRECTION('',(6.687461042447E-14,-1.,-0.));
#2261 = FACE_BOUND('',#2262,.T.);
#2262 = EDGE_LOOP('',(#2263));
#2263 = ORIENTED_EDGE('',*,*,#2264,.T.);
#2264 = EDGE_CURVE('',#2265,#2265,#2267,.T.);
#2265 = VERTEX_POINT('',#2266);
#2266 = CARTESIAN_POINT('',(135.0391,-92.2706,1.51));
#2267 = CIRCLE('',#2268,0.475);
#2268 = AXIS2_PLACEMENT_3D('',#2269,#2270,#2271);
#2269 = CARTESIAN_POINT('',(135.0391,-91.7956,1.51));
#2270 = DIRECTION('',(-0.,0.,-1.));
#2271 = DIRECTION('',(-5.983517774822E-14,-1.,0.));
#2272 = FACE_BOUND('',#2273,.T.);
#2273 = EDGE_LOOP('',(#2274));
#2274 = ORIENTED_EDGE('',*,*,#2275,.T.);
#2275 = EDGE_CURVE('',#2276,#2276,#2278,.T.);
#2276 = VERTEX_POINT('',#2277);
#2277 = CARTESIAN_POINT('',(135.0391,-89.7306,1.51));
#2278 = CIRCLE('',#2279,0.475);
#2279 = AXIS2_PLACEMENT_3D('',#2280,#2281,#2282);
#2280 = CARTESIAN_POINT('',(135.0391,-89.2556,1.51));
#2281 = DIRECTION('',(-0.,0.,-1.));
#2282 = DIRECTION('',(-5.983517774822E-14,-1.,0.));
#2283 = FACE_BOUND('',#2284,.T.);
#2284 = EDGE_LOOP('',(#2285));
#2285 = ORIENTED_EDGE('',*,*,#2286,.T.);
#2286 = EDGE_CURVE('',#2287,#2287,#2289,.T.);
#2287 = VERTEX_POINT('',#2288);
#2288 = CARTESIAN_POINT('',(135.0391,-87.1906,1.51));
#2289 = CIRCLE('',#2290,0.475);
#2290 = AXIS2_PLACEMENT_3D('',#2291,#2292,#2293);
#2291 = CARTESIAN_POINT('',(135.0391,-86.7156,1.51));
#2292 = DIRECTION('',(-0.,0.,-1.));
#2293 = DIRECTION('',(-5.983517774822E-14,-1.,0.));
#2294 = FACE_BOUND('',#2295,.T.);
#2295 = EDGE_LOOP('',(#2296));
#2296 = ORIENTED_EDGE('',*,*,#2297,.T.);
#2297 = EDGE_CURVE('',#2298,#2298,#2300,.T.);
#2298 = VERTEX_POINT('',#2299);
#2299 = CARTESIAN_POINT('',(135.0391,-84.6506,1.51));
#2300 = CIRCLE('',#2301,0.475);
#2301 = AXIS2_PLACEMENT_3D('',#2302,#2303,#2304);
#2302 = CARTESIAN_POINT('',(135.0391,-84.1756,1.51));
#2303 = DIRECTION('',(-0.,0.,-1.));
#2304 = DIRECTION('',(-5.983517774822E-14,-1.,0.));
#2305 = FACE_BOUND('',#2306,.T.);
#2306 = EDGE_LOOP('',(#2307));
#2307 = ORIENTED_EDGE('',*,*,#2308,.T.);
#2308 = EDGE_CURVE('',#2309,#2309,#2311,.T.);
#2309 = VERTEX_POINT('',#2310);
#2310 = CARTESIAN_POINT('',(135.5471,-81.2986,1.51));
#2311 = CIRCLE('',#2312,0.425);
#2312 = AXIS2_PLACEMENT_3D('',#2313,#2314,#2315);
#2313 = CARTESIAN_POINT('',(135.5471,-80.8736,1.51));
#2314 = DIRECTION('',(-0.,0.,-1.));
#2315 = DIRECTION('',(-0.,-1.,0.));
#2316 = FACE_BOUND('',#2317,.T.);
#2317 = EDGE_LOOP('',(#2318));
#2318 = ORIENTED_EDGE('',*,*,#2319,.T.);
#2319 = EDGE_CURVE('',#2320,#2320,#2322,.T.);
#2320 = VERTEX_POINT('',#2321);
#2321 = CARTESIAN_POINT('',(138.0871,-81.2986,1.51));
#2322 = CIRCLE('',#2323,0.425);
#2323 = AXIS2_PLACEMENT_3D('',#2324,#2325,#2326);
#2324 = CARTESIAN_POINT('',(138.0871,-80.8736,1.51));
#2325 = DIRECTION('',(-0.,0.,-1.));
#2326 = DIRECTION('',(-6.687461042448E-14,-1.,0.));
#2327 = FACE_BOUND('',#2328,.T.);
#2328 = EDGE_LOOP('',(#2329));
#2329 = ORIENTED_EDGE('',*,*,#2330,.T.);
#2330 = EDGE_CURVE('',#2331,#2331,#2333,.T.);
#2331 = VERTEX_POINT('',#2332);
#2332 = CARTESIAN_POINT('',(140.6271,-81.2986,1.51));
#2333 = CIRCLE('',#2334,0.425);
#2334 = AXIS2_PLACEMENT_3D('',#2335,#2336,#2337);
#2335 = CARTESIAN_POINT('',(140.6271,-80.8736,1.51));
#2336 = DIRECTION('',(-0.,0.,-1.));
#2337 = DIRECTION('',(6.687461042447E-14,-1.,-0.));
#2338 = FACE_BOUND('',#2339,.T.);
#2339 = EDGE_LOOP('',(#2340));
#2340 = ORIENTED_EDGE('',*,*,#2341,.T.);
#2341 = EDGE_CURVE('',#2342,#2342,#2344,.T.);
#2342 = VERTEX_POINT('',#2343);
#2343 = CARTESIAN_POINT('',(143.1671,-81.2986,1.51));
#2344 = CIRCLE('',#2345,0.425);
#2345 = AXIS2_PLACEMENT_3D('',#2346,#2347,#2348);
#2346 = CARTESIAN_POINT('',(143.1671,-80.8736,1.51));
#2347 = DIRECTION('',(-0.,0.,-1.));
#2348 = DIRECTION('',(-0.,-1.,0.));
#2349 = FACE_BOUND('',#2350,.T.);
#2350 = EDGE_LOOP('',(#2351));
#2351 = ORIENTED_EDGE('',*,*,#2352,.T.);
#2352 = EDGE_CURVE('',#2353,#2353,#2355,.T.);
#2353 = VERTEX_POINT('',#2354);
#2354 = CARTESIAN_POINT('',(145.7071,-81.2986,1.51));
#2355 = CIRCLE('',#2356,0.425);
#2356 = AXIS2_PLACEMENT_3D('',#2357,#2358,#2359);
#2357 = CARTESIAN_POINT('',(145.7071,-80.8736,1.51));
#2358 = DIRECTION('',(-0.,0.,-1.));
#2359 = DIRECTION('',(-6.687461042448E-14,-1.,0.));
#2360 = FACE_BOUND('',#2361,.T.);
#2361 = EDGE_LOOP('',(#2362));
#2362 = ORIENTED_EDGE('',*,*,#2363,.T.);
#2363 = EDGE_CURVE('',#2364,#2364,#2366,.T.);
#2364 = VERTEX_POINT('',#2365);
#2365 = CARTESIAN_POINT('',(148.2471,-81.2986,1.51));
#2366 = CIRCLE('',#2367,0.425);
#2367 = AXIS2_PLACEMENT_3D('',#2368,#2369,#2370);
#2368 = CARTESIAN_POINT('',(148.2471,-80.8736,1.51));
#2369 = DIRECTION('',(-0.,0.,-1.));
#2370 = DIRECTION('',(-0.,-1.,0.));
#2371 = FACE_BOUND('',#2372,.T.);
#2372 = EDGE_LOOP('',(#2373));
#2373 = ORIENTED_EDGE('',*,*,#2374,.T.);
#2374 = EDGE_CURVE('',#2375,#2375,#2377,.T.);
#2375 = VERTEX_POINT('',#2376);
#2376 = CARTESIAN_POINT('',(177.8381,-104.2086,1.51));
#2377 = CIRCLE('',#2378,0.475);
#2378 = AXIS2_PLACEMENT_3D('',#2379,#2380,#2381);
#2379 = CARTESIAN_POINT('',(177.8381,-103.7336,1.51));
#2380 = DIRECTION('',(-0.,0.,-1.));
#2381 = DIRECTION('',(-0.,-1.,0.));
#2382 = FACE_BOUND('',#2383,.T.);
#2383 = EDGE_LOOP('',(#2384));
#2384 = ORIENTED_EDGE('',*,*,#2385,.T.);
#2385 = EDGE_CURVE('',#2386,#2386,#2388,.T.);
#2386 = VERTEX_POINT('',#2387);
#2387 = CARTESIAN_POINT('',(180.3781,-104.2086,1.51));
#2388 = CIRCLE('',#2389,0.475);
#2389 = AXIS2_PLACEMENT_3D('',#2390,#2391,#2392);
#2390 = CARTESIAN_POINT('',(180.3781,-103.7336,1.51));
#2391 = DIRECTION('',(-0.,0.,-1.));
#2392 = DIRECTION('',(-5.983517774822E-14,-1.,0.));
#2393 = FACE_BOUND('',#2394,.T.);
#2394 = EDGE_LOOP('',(#2395));
#2395 = ORIENTED_EDGE('',*,*,#2396,.T.);
#2396 = EDGE_CURVE('',#2397,#2397,#2399,.T.);
#2397 = VERTEX_POINT('',#2398);
#2398 = CARTESIAN_POINT('',(177.8381,-101.6686,1.51));
#2399 = CIRCLE('',#2400,0.475);
#2400 = AXIS2_PLACEMENT_3D('',#2401,#2402,#2403);
#2401 = CARTESIAN_POINT('',(177.8381,-101.1936,1.51));
#2402 = DIRECTION('',(-0.,0.,-1.));
#2403 = DIRECTION('',(-0.,-1.,0.));
#2404 = FACE_BOUND('',#2405,.T.);
#2405 = EDGE_LOOP('',(#2406));
#2406 = ORIENTED_EDGE('',*,*,#2407,.T.);
#2407 = EDGE_CURVE('',#2408,#2408,#2410,.T.);
#2408 = VERTEX_POINT('',#2409);
#2409 = CARTESIAN_POINT('',(180.3781,-101.6686,1.51));
#2410 = CIRCLE('',#2411,0.475);
#2411 = AXIS2_PLACEMENT_3D('',#2412,#2413,#2414);
#2412 = CARTESIAN_POINT('',(180.3781,-101.1936,1.51));
#2413 = DIRECTION('',(-0.,0.,-1.));
#2414 = DIRECTION('',(-5.983517774822E-14,-1.,0.));
#2415 = FACE_BOUND('',#2416,.T.);
#2416 = EDGE_LOOP('',(#2417));
#2417 = ORIENTED_EDGE('',*,*,#2418,.T.);
#2418 = EDGE_CURVE('',#2419,#2419,#2421,.T.);
#2419 = VERTEX_POINT('',#2420);
#2420 = CARTESIAN_POINT('',(180.2511,-97.7136,1.51));
#2421 = CIRCLE('',#2422,1.6);
#2422 = AXIS2_PLACEMENT_3D('',#2423,#2424,#2425);
#2423 = CARTESIAN_POINT('',(180.2511,-96.1136,1.51));
#2424 = DIRECTION('',(-0.,0.,-1.));
#2425 = DIRECTION('',(-0.,-1.,0.));
#2426 = FACE_BOUND('',#2427,.T.);
#2427 = EDGE_LOOP('',(#2428));
#2428 = ORIENTED_EDGE('',*,*,#2429,.T.);
#2429 = EDGE_CURVE('',#2430,#2430,#2432,.T.);
#2430 = VERTEX_POINT('',#2431);
#2431 = CARTESIAN_POINT('',(150.7871,-81.2986,1.51));
#2432 = CIRCLE('',#2433,0.425);
#2433 = AXIS2_PLACEMENT_3D('',#2434,#2435,#2436);
#2434 = CARTESIAN_POINT('',(150.7871,-80.8736,1.51));
#2435 = DIRECTION('',(-0.,0.,-1.));
#2436 = DIRECTION('',(-0.,-1.,0.));
#2437 = FACE_BOUND('',#2438,.T.);
#2438 = EDGE_LOOP('',(#2439));
#2439 = ORIENTED_EDGE('',*,*,#2440,.T.);
#2440 = EDGE_CURVE('',#2441,#2441,#2443,.T.);
#2441 = VERTEX_POINT('',#2442);
#2442 = CARTESIAN_POINT('',(153.3271,-81.2986,1.51));
#2443 = CIRCLE('',#2444,0.425);
#2444 = AXIS2_PLACEMENT_3D('',#2445,#2446,#2447);
#2445 = CARTESIAN_POINT('',(153.3271,-80.8736,1.51));
#2446 = DIRECTION('',(-0.,0.,-1.));
#2447 = DIRECTION('',(-0.,-1.,0.));
#2448 = FACE_BOUND('',#2449,.T.);
#2449 = EDGE_LOOP('',(#2450));
#2450 = ORIENTED_EDGE('',*,*,#2451,.T.);
#2451 = EDGE_CURVE('',#2452,#2452,#2454,.T.);
#2452 = VERTEX_POINT('',#2453);
#2453 = CARTESIAN_POINT('',(155.8671,-81.2986,1.51));
#2454 = CIRCLE('',#2455,0.425);
#2455 = AXIS2_PLACEMENT_3D('',#2456,#2457,#2458);
#2456 = CARTESIAN_POINT('',(155.8671,-80.8736,1.51));
#2457 = DIRECTION('',(-0.,0.,-1.));
#2458 = DIRECTION('',(-0.,-1.,0.));
#2459 = FACE_BOUND('',#2460,.T.);
#2460 = EDGE_LOOP('',(#2461));
#2461 = ORIENTED_EDGE('',*,*,#2462,.T.);
#2462 = EDGE_CURVE('',#2463,#2463,#2465,.T.);
#2463 = VERTEX_POINT('',#2464);
#2464 = CARTESIAN_POINT('',(159.9311,-81.2986,1.51));
#2465 = CIRCLE('',#2466,0.425);
#2466 = AXIS2_PLACEMENT_3D('',#2467,#2468,#2469);
#2467 = CARTESIAN_POINT('',(159.9311,-80.8736,1.51));
#2468 = DIRECTION('',(-0.,0.,-1.));
#2469 = DIRECTION('',(-6.687461042448E-14,-1.,0.));
#2470 = FACE_BOUND('',#2471,.T.);
#2471 = EDGE_LOOP('',(#2472));
#2472 = ORIENTED_EDGE('',*,*,#2473,.T.);
#2473 = EDGE_CURVE('',#2474,#2474,#2476,.T.);
#2474 = VERTEX_POINT('',#2475);
#2475 = CARTESIAN_POINT('',(162.4711,-81.2986,1.51));
#2476 = CIRCLE('',#2477,0.425);
#2477 = AXIS2_PLACEMENT_3D('',#2478,#2479,#2480);
#2478 = CARTESIAN_POINT('',(162.4711,-80.8736,1.51));
#2479 = DIRECTION('',(-0.,0.,-1.));
#2480 = DIRECTION('',(6.687461042447E-14,-1.,-0.));
#2481 = FACE_BOUND('',#2482,.T.);
#2482 = EDGE_LOOP('',(#2483));
#2483 = ORIENTED_EDGE('',*,*,#2484,.T.);
#2484 = EDGE_CURVE('',#2485,#2485,#2487,.T.);
#2485 = VERTEX_POINT('',#2486);
#2486 = CARTESIAN_POINT('',(165.0111,-81.2986,1.51));
#2487 = CIRCLE('',#2488,0.425);
#2488 = AXIS2_PLACEMENT_3D('',#2489,#2490,#2491);
#2489 = CARTESIAN_POINT('',(165.0111,-80.8736,1.51));
#2490 = DIRECTION('',(-0.,0.,-1.));
#2491 = DIRECTION('',(-0.,-1.,0.));
#2492 = FACE_BOUND('',#2493,.T.);
#2493 = EDGE_LOOP('',(#2494));
#2494 = ORIENTED_EDGE('',*,*,#2495,.T.);
#2495 = EDGE_CURVE('',#2496,#2496,#2498,.T.);
#2496 = VERTEX_POINT('',#2497);
#2497 = CARTESIAN_POINT('',(167.5511,-81.2986,1.51));
#2498 = CIRCLE('',#2499,0.425);
#2499 = AXIS2_PLACEMENT_3D('',#2500,#2501,#2502);
#2500 = CARTESIAN_POINT('',(167.5511,-80.8736,1.51));
#2501 = DIRECTION('',(-0.,0.,-1.));
#2502 = DIRECTION('',(-6.687461042448E-14,-1.,0.));
#2503 = FACE_BOUND('',#2504,.T.);
#2504 = EDGE_LOOP('',(#2505));
#2505 = ORIENTED_EDGE('',*,*,#2506,.T.);
#2506 = EDGE_CURVE('',#2507,#2507,#2509,.T.);
#2507 = VERTEX_POINT('',#2508);
#2508 = CARTESIAN_POINT('',(170.0911,-81.2986,1.51));
#2509 = CIRCLE('',#2510,0.425);
#2510 = AXIS2_PLACEMENT_3D('',#2511,#2512,#2513);
#2511 = CARTESIAN_POINT('',(170.0911,-80.8736,1.51));
#2512 = DIRECTION('',(-0.,0.,-1.));
#2513 = DIRECTION('',(6.687461042447E-14,-1.,-0.));
#2514 = FACE_BOUND('',#2515,.T.);
#2515 = EDGE_LOOP('',(#2516));
#2516 = ORIENTED_EDGE('',*,*,#2517,.T.);
#2517 = EDGE_CURVE('',#2518,#2518,#2520,.T.);
#2518 = VERTEX_POINT('',#2519);
#2519 = CARTESIAN_POINT('',(172.6311,-81.2986,1.51));
#2520 = CIRCLE('',#2521,0.425);
#2521 = AXIS2_PLACEMENT_3D('',#2522,#2523,#2524);
#2522 = CARTESIAN_POINT('',(172.6311,-80.8736,1.51));
#2523 = DIRECTION('',(-0.,0.,-1.));
#2524 = DIRECTION('',(-0.,-1.,0.));
#2525 = FACE_BOUND('',#2526,.T.);
#2526 = EDGE_LOOP('',(#2527));
#2527 = ORIENTED_EDGE('',*,*,#2528,.T.);
#2528 = EDGE_CURVE('',#2529,#2529,#2531,.T.);
#2529 = VERTEX_POINT('',#2530);
#2530 = CARTESIAN_POINT('',(175.1711,-81.2986,1.51));
#2531 = CIRCLE('',#2532,0.425);
#2532 = AXIS2_PLACEMENT_3D('',#2533,#2534,#2535);
#2533 = CARTESIAN_POINT('',(175.1711,-80.8736,1.51));
#2534 = DIRECTION('',(-0.,0.,-1.));
#2535 = DIRECTION('',(-6.687461042448E-14,-1.,0.));
#2536 = FACE_BOUND('',#2537,.T.);
#2537 = EDGE_LOOP('',(#2538));
#2538 = ORIENTED_EDGE('',*,*,#2539,.T.);
#2539 = EDGE_CURVE('',#2540,#2540,#2542,.T.);
#2540 = VERTEX_POINT('',#2541);
#2541 = CARTESIAN_POINT('',(177.7111,-81.2986,1.51));
#2542 = CIRCLE('',#2543,0.425);
#2543 = AXIS2_PLACEMENT_3D('',#2544,#2545,#2546);
#2544 = CARTESIAN_POINT('',(177.7111,-80.8736,1.51));
#2545 = DIRECTION('',(-0.,0.,-1.));
#2546 = DIRECTION('',(-0.,-1.,0.));
#2547 = PLANE('',#2548);
#2548 = AXIS2_PLACEMENT_3D('',#2549,#2550,#2551);
#2549 = CARTESIAN_POINT('',(0.,0.,1.51));
#2550 = DIRECTION('',(0.,0.,1.));
#2551 = DIRECTION('',(1.,0.,-0.));
#2552 = ADVANCED_FACE('',(#2553),#2564,.T.);
#2553 = FACE_BOUND('',#2554,.T.);
#2554 = EDGE_LOOP('',(#2555,#2561,#2562,#2563));
#2555 = ORIENTED_EDGE('',*,*,#2556,.T.);
#2556 = EDGE_CURVE('',#137,#1348,#2557,.T.);
#2557 = LINE('',#2558,#2559);
#2558 = CARTESIAN_POINT('',(115.2111,-78.3336,0.));
#2559 = VECTOR('',#2560,1.);
#2560 = DIRECTION('',(0.,0.,1.));
#2561 = ORIENTED_EDGE('',*,*,#1347,.T.);
#2562 = ORIENTED_EDGE('',*,*,#72,.F.);
#2563 = ORIENTED_EDGE('',*,*,#136,.F.);
#2564 = PLANE('',#2565);
#2565 = AXIS2_PLACEMENT_3D('',#2566,#2567,#2568);
#2566 = CARTESIAN_POINT('',(115.2111,-78.3336,0.));
#2567 = DIRECTION('',(0.,1.,0.));
#2568 = DIRECTION('',(1.,0.,0.));
#2569 = ADVANCED_FACE('',(#2570),#2581,.T.);
#2570 = FACE_BOUND('',#2571,.T.);
#2571 = EDGE_LOOP('',(#2572,#2573,#2574,#2580));
#2572 = ORIENTED_EDGE('',*,*,#112,.T.);
#2573 = ORIENTED_EDGE('',*,*,#1414,.T.);
#2574 = ORIENTED_EDGE('',*,*,#2575,.F.);
#2575 = EDGE_CURVE('',#196,#1407,#2576,.T.);
#2576 = LINE('',#2577,#2578);
#2577 = CARTESIAN_POINT('',(182.7911,-126.5936,0.));
#2578 = VECTOR('',#2579,1.);
#2579 = DIRECTION('',(0.,0.,1.));
#2580 = ORIENTED_EDGE('',*,*,#203,.F.);
#2581 = PLANE('',#2582);
#2582 = AXIS2_PLACEMENT_3D('',#2583,#2584,#2585);
#2583 = CARTESIAN_POINT('',(182.7911,-93.8276,0.));
#2584 = DIRECTION('',(1.,0.,-0.));
#2585 = DIRECTION('',(0.,-1.,0.));
#2586 = ADVANCED_FACE('',(#2587),#2598,.T.);
#2587 = FACE_BOUND('',#2588,.T.);
#2588 = EDGE_LOOP('',(#2589,#2595,#2596,#2597));
#2589 = ORIENTED_EDGE('',*,*,#2590,.T.);
#2590 = EDGE_CURVE('',#145,#1356,#2591,.T.);
#2591 = LINE('',#2592,#2593);
#2592 = CARTESIAN_POINT('',(114.2111,-79.3336,0.));
#2593 = VECTOR('',#2594,1.);
#2594 = DIRECTION('',(0.,0.,1.));
#2595 = ORIENTED_EDGE('',*,*,#1355,.T.);
#2596 = ORIENTED_EDGE('',*,*,#2556,.F.);
#2597 = ORIENTED_EDGE('',*,*,#144,.F.);
#2598 = CYLINDRICAL_SURFACE('',#2599,0.999999252925);
#2599 = AXIS2_PLACEMENT_3D('',#2600,#2601,#2602);
#2600 = CARTESIAN_POINT('',(115.21109925292,-79.33359925292,0.));
#2601 = DIRECTION('',(0.,0.,-1.));
#2602 = DIRECTION('',(-1.,-7.470757633756E-07,-0.));
#2603 = ADVANCED_FACE('',(#2604),#2615,.T.);
#2604 = FACE_BOUND('',#2605,.T.);
#2605 = EDGE_LOOP('',(#2606,#2607,#2608,#2614));
#2606 = ORIENTED_EDGE('',*,*,#2575,.T.);
#2607 = ORIENTED_EDGE('',*,*,#1406,.T.);
#2608 = ORIENTED_EDGE('',*,*,#2609,.F.);
#2609 = EDGE_CURVE('',#188,#1399,#2610,.T.);
#2610 = LINE('',#2611,#2612);
#2611 = CARTESIAN_POINT('',(180.2511,-129.1336,0.));
#2612 = VECTOR('',#2613,1.);
#2613 = DIRECTION('',(0.,0.,1.));
#2614 = ORIENTED_EDGE('',*,*,#195,.F.);
#2615 = PLANE('',#2616);
#2616 = AXIS2_PLACEMENT_3D('',#2617,#2618,#2619);
#2617 = CARTESIAN_POINT('',(182.7911,-126.5936,0.));
#2618 = DIRECTION('',(0.707106781187,-0.707106781187,0.));
#2619 = DIRECTION('',(-0.707106781187,-0.707106781187,0.));
#2620 = ADVANCED_FACE('',(#2621),#2632,.T.);
#2621 = FACE_BOUND('',#2622,.T.);
#2622 = EDGE_LOOP('',(#2623,#2629,#2630,#2631));
#2623 = ORIENTED_EDGE('',*,*,#2624,.T.);
#2624 = EDGE_CURVE('',#154,#1365,#2625,.T.);
#2625 = LINE('',#2626,#2627);
#2626 = CARTESIAN_POINT('',(114.2111,-130.6736,0.));
#2627 = VECTOR('',#2628,1.);
#2628 = DIRECTION('',(0.,0.,1.));
#2629 = ORIENTED_EDGE('',*,*,#1364,.T.);
#2630 = ORIENTED_EDGE('',*,*,#2590,.F.);
#2631 = ORIENTED_EDGE('',*,*,#153,.F.);
#2632 = PLANE('',#2633);
#2633 = AXIS2_PLACEMENT_3D('',#2634,#2635,#2636);
#2634 = CARTESIAN_POINT('',(114.2111,-130.6736,0.));
#2635 = DIRECTION('',(-1.,0.,0.));
#2636 = DIRECTION('',(0.,1.,0.));
#2637 = ADVANCED_FACE('',(#2638),#2649,.T.);
#2638 = FACE_BOUND('',#2639,.T.);
#2639 = EDGE_LOOP('',(#2640,#2641,#2642,#2648));
#2640 = ORIENTED_EDGE('',*,*,#2609,.T.);
#2641 = ORIENTED_EDGE('',*,*,#1398,.T.);
#2642 = ORIENTED_EDGE('',*,*,#2643,.F.);
#2643 = EDGE_CURVE('',#179,#1390,#2644,.T.);
#2644 = LINE('',#2645,#2646);
#2645 = CARTESIAN_POINT('',(180.2511,-130.6736,0.));
#2646 = VECTOR('',#2647,1.);
#2647 = DIRECTION('',(0.,0.,1.));
#2648 = ORIENTED_EDGE('',*,*,#187,.F.);
#2649 = PLANE('',#2650);
#2650 = AXIS2_PLACEMENT_3D('',#2651,#2652,#2653);
#2651 = CARTESIAN_POINT('',(180.2511,-129.1336,0.));
#2652 = DIRECTION('',(1.,0.,-0.));
#2653 = DIRECTION('',(0.,-1.,0.));
#2654 = ADVANCED_FACE('',(#2655),#2666,.T.);
#2655 = FACE_BOUND('',#2656,.T.);
#2656 = EDGE_LOOP('',(#2657,#2663,#2664,#2665));
#2657 = ORIENTED_EDGE('',*,*,#2658,.T.);
#2658 = EDGE_CURVE('',#162,#1373,#2659,.T.);
#2659 = LINE('',#2660,#2661);
#2660 = CARTESIAN_POINT('',(115.2111,-131.6736,0.));
#2661 = VECTOR('',#2662,1.);
#2662 = DIRECTION('',(0.,0.,1.));
#2663 = ORIENTED_EDGE('',*,*,#1372,.T.);
#2664 = ORIENTED_EDGE('',*,*,#2624,.F.);
#2665 = ORIENTED_EDGE('',*,*,#161,.F.);
#2666 = CYLINDRICAL_SURFACE('',#2667,0.999999252925);
#2667 = AXIS2_PLACEMENT_3D('',#2668,#2669,#2670);
#2668 = CARTESIAN_POINT('',(115.21109925292,-130.673600747,0.));
#2669 = DIRECTION('',(0.,0.,-1.));
#2670 = DIRECTION('',(7.470757633756E-07,-1.,0.));
#2671 = ADVANCED_FACE('',(#2672),#2683,.T.);
#2672 = FACE_BOUND('',#2673,.T.);
#2673 = EDGE_LOOP('',(#2674,#2675,#2676,#2682));
#2674 = ORIENTED_EDGE('',*,*,#2643,.T.);
#2675 = ORIENTED_EDGE('',*,*,#1389,.T.);
#2676 = ORIENTED_EDGE('',*,*,#2677,.F.);
#2677 = EDGE_CURVE('',#171,#1382,#2678,.T.);
#2678 = LINE('',#2679,#2680);
#2679 = CARTESIAN_POINT('',(179.2511,-131.6736,0.));
#2680 = VECTOR('',#2681,1.);
#2681 = DIRECTION('',(0.,0.,1.));
#2682 = ORIENTED_EDGE('',*,*,#178,.F.);
#2683 = CYLINDRICAL_SURFACE('',#2684,0.999999252925);
#2684 = AXIS2_PLACEMENT_3D('',#2685,#2686,#2687);
#2685 = CARTESIAN_POINT('',(179.25110074707,-130.673600747,0.));
#2686 = DIRECTION('',(0.,0.,-1.));
#2687 = DIRECTION('',(1.,7.470757065321E-07,0.));
#2688 = ADVANCED_FACE('',(#2689),#2695,.T.);
#2689 = FACE_BOUND('',#2690,.T.);
#2690 = EDGE_LOOP('',(#2691,#2692,#2693,#2694));
#2691 = ORIENTED_EDGE('',*,*,#2677,.T.);
#2692 = ORIENTED_EDGE('',*,*,#1381,.T.);
#2693 = ORIENTED_EDGE('',*,*,#2658,.F.);
#2694 = ORIENTED_EDGE('',*,*,#170,.F.);
#2695 = PLANE('',#2696);
#2696 = AXIS2_PLACEMENT_3D('',#2697,#2698,#2699);
#2697 = CARTESIAN_POINT('',(179.2511,-131.6736,0.));
#2698 = DIRECTION('',(0.,-1.,0.));
#2699 = DIRECTION('',(-1.,0.,0.));
#2700 = ADVANCED_FACE('',(#2701),#2717,.F.);
#2701 = FACE_BOUND('',#2702,.T.);
#2702 = EDGE_LOOP('',(#2703,#2704,#2710,#2711));
#2703 = ORIENTED_EDGE('',*,*,#212,.T.);
#2704 = ORIENTED_EDGE('',*,*,#2705,.T.);
#2705 = EDGE_CURVE('',#215,#1426,#2706,.T.);
#2706 = LINE('',#2707,#2708);
#2707 = CARTESIAN_POINT('',(122.1359,-129.0216,-4.6E-02));
#2708 = VECTOR('',#2709,1.);
#2709 = DIRECTION('',(0.,0.,1.));
#2710 = ORIENTED_EDGE('',*,*,#1423,.F.);
#2711 = ORIENTED_EDGE('',*,*,#2712,.T.);
#2712 = EDGE_CURVE('',#1424,#213,#2713,.T.);
#2713 = LINE('',#2714,#2715);
#2714 = CARTESIAN_POINT('',(122.5169,-128.898229851,-4.6E-02));
#2715 = VECTOR('',#2716,1.);
#2716 = DIRECTION('',(-0.,0.,-1.));
#2717 = CYLINDRICAL_SURFACE('',#2718,0.65);
#2718 = AXIS2_PLACEMENT_3D('',#2719,#2720,#2721);
#2719 = CARTESIAN_POINT('',(122.1359,-128.3716,-4.6E-02));
#2720 = DIRECTION('',(-0.,0.,-1.));
#2721 = DIRECTION('',(2.1862853408E-14,-1.,-0.));
#2722 = ADVANCED_FACE('',(#2723),#2734,.F.);
#2723 = FACE_BOUND('',#2724,.T.);
#2724 = EDGE_LOOP('',(#2725,#2731,#2732,#2733));
#2725 = ORIENTED_EDGE('',*,*,#2726,.F.);
#2726 = EDGE_CURVE('',#260,#1471,#2727,.T.);
#2727 = LINE('',#2728,#2729);
#2728 = CARTESIAN_POINT('',(122.8979,-129.0216,-4.6E-02));
#2729 = VECTOR('',#2730,1.);
#2730 = DIRECTION('',(0.,0.,1.));
#2731 = ORIENTED_EDGE('',*,*,#268,.T.);
#2732 = ORIENTED_EDGE('',*,*,#2712,.F.);
#2733 = ORIENTED_EDGE('',*,*,#1479,.F.);
#2734 = CYLINDRICAL_SURFACE('',#2735,0.65);
#2735 = AXIS2_PLACEMENT_3D('',#2736,#2737,#2738);
#2736 = CARTESIAN_POINT('',(122.8979,-128.3716,-4.6E-02));
#2737 = DIRECTION('',(-0.,0.,-1.));
#2738 = DIRECTION('',(2.1862853408E-14,-1.,-0.));
#2739 = ADVANCED_FACE('',(#2740),#2751,.F.);
#2740 = FACE_BOUND('',#2741,.T.);
#2741 = EDGE_LOOP('',(#2742,#2743,#2744,#2745));
#2742 = ORIENTED_EDGE('',*,*,#259,.T.);
#2743 = ORIENTED_EDGE('',*,*,#2726,.T.);
#2744 = ORIENTED_EDGE('',*,*,#1470,.F.);
#2745 = ORIENTED_EDGE('',*,*,#2746,.T.);
#2746 = EDGE_CURVE('',#1462,#251,#2747,.T.);
#2747 = LINE('',#2748,#2749);
#2748 = CARTESIAN_POINT('',(123.2789,-128.898229851,-4.6E-02));
#2749 = VECTOR('',#2750,1.);
#2750 = DIRECTION('',(-0.,-0.,-1.));
#2751 = CYLINDRICAL_SURFACE('',#2752,0.65);
#2752 = AXIS2_PLACEMENT_3D('',#2753,#2754,#2755);
#2753 = CARTESIAN_POINT('',(122.8979,-128.3716,-4.6E-02));
#2754 = DIRECTION('',(-0.,0.,-1.));
#2755 = DIRECTION('',(2.1862853408E-14,-1.,-0.));
#2756 = ADVANCED_FACE('',(#2757),#2768,.F.);
#2757 = FACE_BOUND('',#2758,.T.);
#2758 = EDGE_LOOP('',(#2759,#2765,#2766,#2767));
#2759 = ORIENTED_EDGE('',*,*,#2760,.F.);
#2760 = EDGE_CURVE('',#242,#1453,#2761,.T.);
#2761 = LINE('',#2762,#2763);
#2762 = CARTESIAN_POINT('',(123.6599,-129.0216,-4.6E-02));
#2763 = VECTOR('',#2764,1.);
#2764 = DIRECTION('',(0.,0.,1.));
#2765 = ORIENTED_EDGE('',*,*,#250,.T.);
#2766 = ORIENTED_EDGE('',*,*,#2746,.F.);
#2767 = ORIENTED_EDGE('',*,*,#1461,.F.);
#2768 = CYLINDRICAL_SURFACE('',#2769,0.65);
#2769 = AXIS2_PLACEMENT_3D('',#2770,#2771,#2772);
#2770 = CARTESIAN_POINT('',(123.6599,-128.3716,-4.6E-02));
#2771 = DIRECTION('',(-0.,-0.,-1.));
#2772 = DIRECTION('',(-0.,-1.,0.));
#2773 = ADVANCED_FACE('',(#2774),#2785,.F.);
#2774 = FACE_BOUND('',#2775,.T.);
#2775 = EDGE_LOOP('',(#2776,#2777,#2778,#2779));
#2776 = ORIENTED_EDGE('',*,*,#241,.T.);
#2777 = ORIENTED_EDGE('',*,*,#2760,.T.);
#2778 = ORIENTED_EDGE('',*,*,#1452,.F.);
#2779 = ORIENTED_EDGE('',*,*,#2780,.T.);
#2780 = EDGE_CURVE('',#1444,#233,#2781,.T.);
#2781 = LINE('',#2782,#2783);
#2782 = CARTESIAN_POINT('',(123.2789,-127.8449701489,-4.6E-02));
#2783 = VECTOR('',#2784,1.);
#2784 = DIRECTION('',(-0.,-0.,-1.));
#2785 = CYLINDRICAL_SURFACE('',#2786,0.65);
#2786 = AXIS2_PLACEMENT_3D('',#2787,#2788,#2789);
#2787 = CARTESIAN_POINT('',(123.6599,-128.3716,-4.6E-02));
#2788 = DIRECTION('',(-0.,-0.,-1.));
#2789 = DIRECTION('',(-0.,-1.,0.));
#2790 = ADVANCED_FACE('',(#2791),#2802,.F.);
#2791 = FACE_BOUND('',#2792,.T.);
#2792 = EDGE_LOOP('',(#2793,#2799,#2800,#2801));
#2793 = ORIENTED_EDGE('',*,*,#2794,.T.);
#2794 = EDGE_CURVE('',#1435,#224,#2795,.T.);
#2795 = LINE('',#2796,#2797);
#2796 = CARTESIAN_POINT('',(122.5169,-127.8449701489,-4.6E-02));
#2797 = VECTOR('',#2798,1.);
#2798 = DIRECTION('',(-0.,0.,-1.));
#2799 = ORIENTED_EDGE('',*,*,#232,.T.);
#2800 = ORIENTED_EDGE('',*,*,#2780,.F.);
#2801 = ORIENTED_EDGE('',*,*,#1443,.F.);
#2802 = CYLINDRICAL_SURFACE('',#2803,0.65);
#2803 = AXIS2_PLACEMENT_3D('',#2804,#2805,#2806);
#2804 = CARTESIAN_POINT('',(122.8979,-128.3716,-4.6E-02));
#2805 = DIRECTION('',(-0.,0.,-1.));
#2806 = DIRECTION('',(2.1862853408E-14,-1.,-0.));
#2807 = ADVANCED_FACE('',(#2808),#2814,.F.);
#2808 = FACE_BOUND('',#2809,.T.);
#2809 = EDGE_LOOP('',(#2810,#2811,#2812,#2813));
#2810 = ORIENTED_EDGE('',*,*,#2705,.F.);
#2811 = ORIENTED_EDGE('',*,*,#223,.T.);
#2812 = ORIENTED_EDGE('',*,*,#2794,.F.);
#2813 = ORIENTED_EDGE('',*,*,#1434,.F.);
#2814 = CYLINDRICAL_SURFACE('',#2815,0.65);
#2815 = AXIS2_PLACEMENT_3D('',#2816,#2817,#2818);
#2816 = CARTESIAN_POINT('',(122.1359,-128.3716,-4.6E-02));
#2817 = DIRECTION('',(-0.,0.,-1.));
#2818 = DIRECTION('',(2.1862853408E-14,-1.,-0.));
#2819 = ADVANCED_FACE('',(#2820),#2831,.F.);
#2820 = FACE_BOUND('',#2821,.T.);
#2821 = EDGE_LOOP('',(#2822,#2823,#2829,#2830));
#2822 = ORIENTED_EDGE('',*,*,#277,.T.);
#2823 = ORIENTED_EDGE('',*,*,#2824,.T.);
#2824 = EDGE_CURVE('',#278,#1489,#2825,.T.);
#2825 = LINE('',#2826,#2827);
#2826 = CARTESIAN_POINT('',(128.1811,-130.7336,-4.6E-02));
#2827 = VECTOR('',#2828,1.);
#2828 = DIRECTION('',(0.,0.,1.));
#2829 = ORIENTED_EDGE('',*,*,#1488,.F.);
#2830 = ORIENTED_EDGE('',*,*,#2824,.F.);
#2831 = CYLINDRICAL_SURFACE('',#2832,1.6);
#2832 = AXIS2_PLACEMENT_3D('',#2833,#2834,#2835);
#2833 = CARTESIAN_POINT('',(128.1811,-129.1336,-4.6E-02));
#2834 = DIRECTION('',(-0.,-0.,-1.));
#2835 = DIRECTION('',(-1.7763568394E-14,-1.,0.));
#2836 = ADVANCED_FACE('',(#2837),#2853,.F.);
#2837 = FACE_BOUND('',#2838,.T.);
#2838 = EDGE_LOOP('',(#2839,#2845,#2846,#2852));
#2839 = ORIENTED_EDGE('',*,*,#2840,.T.);
#2840 = EDGE_CURVE('',#1500,#289,#2841,.T.);
#2841 = LINE('',#2842,#2843);
#2842 = CARTESIAN_POINT('',(119.37407014896,-123.7488,-4.6E-02));
#2843 = VECTOR('',#2844,1.);
#2844 = DIRECTION('',(-0.,-0.,-1.));
#2845 = ORIENTED_EDGE('',*,*,#288,.T.);
#2846 = ORIENTED_EDGE('',*,*,#2847,.F.);
#2847 = EDGE_CURVE('',#1502,#291,#2848,.T.);
#2848 = LINE('',#2849,#2850);
#2849 = CARTESIAN_POINT('',(119.37407014896,-122.9868,-4.6E-02));
#2850 = VECTOR('',#2851,1.);
#2851 = DIRECTION('',(-0.,-0.,-1.));
#2852 = ORIENTED_EDGE('',*,*,#1499,.F.);
#2853 = CYLINDRICAL_SURFACE('',#2854,0.65);
#2854 = AXIS2_PLACEMENT_3D('',#2855,#2856,#2857);
#2855 = CARTESIAN_POINT('',(119.9007,-123.3678,-4.6E-02));
#2856 = DIRECTION('',(-0.,-0.,-1.));
#2857 = DIRECTION('',(-0.,-1.,0.));
#2858 = ADVANCED_FACE('',(#2859),#2870,.F.);
#2859 = FACE_BOUND('',#2860,.T.);
#2860 = EDGE_LOOP('',(#2861,#2867,#2868,#2869));
#2861 = ORIENTED_EDGE('',*,*,#2862,.F.);
#2862 = EDGE_CURVE('',#318,#1529,#2863,.T.);
#2863 = LINE('',#2864,#2865);
#2864 = CARTESIAN_POINT('',(119.9007,-124.7798,-4.6E-02));
#2865 = VECTOR('',#2866,1.);
#2866 = DIRECTION('',(0.,0.,1.));
#2867 = ORIENTED_EDGE('',*,*,#326,.T.);
#2868 = ORIENTED_EDGE('',*,*,#2840,.F.);
#2869 = ORIENTED_EDGE('',*,*,#1537,.F.);
#2870 = CYLINDRICAL_SURFACE('',#2871,0.65);
#2871 = AXIS2_PLACEMENT_3D('',#2872,#2873,#2874);
#2872 = CARTESIAN_POINT('',(119.9007,-124.1298,-4.6E-02));
#2873 = DIRECTION('',(-0.,-0.,-1.));
#2874 = DIRECTION('',(-0.,-1.,0.));
#2875 = ADVANCED_FACE('',(#2876),#2887,.F.);
#2876 = FACE_BOUND('',#2877,.T.);
#2877 = EDGE_LOOP('',(#2878,#2879,#2880,#2881));
#2878 = ORIENTED_EDGE('',*,*,#317,.T.);
#2879 = ORIENTED_EDGE('',*,*,#2862,.T.);
#2880 = ORIENTED_EDGE('',*,*,#1528,.F.);
#2881 = ORIENTED_EDGE('',*,*,#2882,.T.);
#2882 = EDGE_CURVE('',#1520,#309,#2883,.T.);
#2883 = LINE('',#2884,#2885);
#2884 = CARTESIAN_POINT('',(120.42732985103,-123.7488,-4.6E-02));
#2885 = VECTOR('',#2886,1.);
#2886 = DIRECTION('',(-0.,-0.,-1.));
#2887 = CYLINDRICAL_SURFACE('',#2888,0.65);
#2888 = AXIS2_PLACEMENT_3D('',#2889,#2890,#2891);
#2889 = CARTESIAN_POINT('',(119.9007,-124.1298,-4.6E-02));
#2890 = DIRECTION('',(-0.,-0.,-1.));
#2891 = DIRECTION('',(-0.,-1.,0.));
#2892 = ADVANCED_FACE('',(#2893),#2904,.F.);
#2893 = FACE_BOUND('',#2894,.T.);
#2894 = EDGE_LOOP('',(#2895,#2896,#2897,#2898));
#2895 = ORIENTED_EDGE('',*,*,#308,.T.);
#2896 = ORIENTED_EDGE('',*,*,#2882,.F.);
#2897 = ORIENTED_EDGE('',*,*,#1519,.F.);
#2898 = ORIENTED_EDGE('',*,*,#2899,.T.);
#2899 = EDGE_CURVE('',#1511,#300,#2900,.T.);
#2900 = LINE('',#2901,#2902);
#2901 = CARTESIAN_POINT('',(120.42732985103,-122.9868,-4.6E-02));
#2902 = VECTOR('',#2903,1.);
#2903 = DIRECTION('',(-0.,-0.,-1.));
#2904 = CYLINDRICAL_SURFACE('',#2905,0.65);
#2905 = AXIS2_PLACEMENT_3D('',#2906,#2907,#2908);
#2906 = CARTESIAN_POINT('',(119.9007,-123.3678,-4.6E-02));
#2907 = DIRECTION('',(-0.,-0.,-1.));
#2908 = DIRECTION('',(-0.,-1.,0.));
#2909 = ADVANCED_FACE('',(#2910),#2916,.F.);
#2910 = FACE_BOUND('',#2911,.T.);
#2911 = EDGE_LOOP('',(#2912,#2913,#2914,#2915));
#2912 = ORIENTED_EDGE('',*,*,#2847,.T.);
#2913 = ORIENTED_EDGE('',*,*,#299,.T.);
#2914 = ORIENTED_EDGE('',*,*,#2899,.F.);
#2915 = ORIENTED_EDGE('',*,*,#1510,.F.);
#2916 = CYLINDRICAL_SURFACE('',#2917,0.65);
#2917 = AXIS2_PLACEMENT_3D('',#2918,#2919,#2920);
#2918 = CARTESIAN_POINT('',(119.9007,-122.6058,-4.6E-02));
#2919 = DIRECTION('',(-0.,-0.,-1.));
#2920 = DIRECTION('',(-0.,-1.,0.));
#2921 = ADVANCED_FACE('',(#2922),#2938,.F.);
#2922 = FACE_BOUND('',#2923,.T.);
#2923 = EDGE_LOOP('',(#2924,#2930,#2931,#2937));
#2924 = ORIENTED_EDGE('',*,*,#2925,.T.);
#2925 = EDGE_CURVE('',#1547,#336,#2926,.T.);
#2926 = LINE('',#2927,#2928);
#2927 = CARTESIAN_POINT('',(125.36847014896,-123.7488,-4.6E-02));
#2928 = VECTOR('',#2929,1.);
#2929 = DIRECTION('',(-0.,-0.,-1.));
#2930 = ORIENTED_EDGE('',*,*,#335,.T.);
#2931 = ORIENTED_EDGE('',*,*,#2932,.F.);
#2932 = EDGE_CURVE('',#1549,#338,#2933,.T.);
#2933 = LINE('',#2934,#2935);
#2934 = CARTESIAN_POINT('',(125.36847014896,-122.9868,-4.6E-02));
#2935 = VECTOR('',#2936,1.);
#2936 = DIRECTION('',(-0.,-0.,-1.));
#2937 = ORIENTED_EDGE('',*,*,#1546,.F.);
#2938 = CYLINDRICAL_SURFACE('',#2939,0.65);
#2939 = AXIS2_PLACEMENT_3D('',#2940,#2941,#2942);
#2940 = CARTESIAN_POINT('',(125.8951,-123.3678,-4.6E-02));
#2941 = DIRECTION('',(-0.,-0.,-1.));
#2942 = DIRECTION('',(-0.,-1.,0.));
#2943 = ADVANCED_FACE('',(#2944),#2955,.F.);
#2944 = FACE_BOUND('',#2945,.T.);
#2945 = EDGE_LOOP('',(#2946,#2952,#2953,#2954));
#2946 = ORIENTED_EDGE('',*,*,#2947,.F.);
#2947 = EDGE_CURVE('',#365,#1576,#2948,.T.);
#2948 = LINE('',#2949,#2950);
#2949 = CARTESIAN_POINT('',(125.8951,-124.7798,-4.6E-02));
#2950 = VECTOR('',#2951,1.);
#2951 = DIRECTION('',(0.,0.,1.));
#2952 = ORIENTED_EDGE('',*,*,#373,.T.);
#2953 = ORIENTED_EDGE('',*,*,#2925,.F.);
#2954 = ORIENTED_EDGE('',*,*,#1584,.F.);
#2955 = CYLINDRICAL_SURFACE('',#2956,0.65);
#2956 = AXIS2_PLACEMENT_3D('',#2957,#2958,#2959);
#2957 = CARTESIAN_POINT('',(125.8951,-124.1298,-4.6E-02));
#2958 = DIRECTION('',(-0.,-0.,-1.));
#2959 = DIRECTION('',(-0.,-1.,0.));
#2960 = ADVANCED_FACE('',(#2961),#2972,.F.);
#2961 = FACE_BOUND('',#2962,.T.);
#2962 = EDGE_LOOP('',(#2963,#2964,#2965,#2966));
#2963 = ORIENTED_EDGE('',*,*,#364,.T.);
#2964 = ORIENTED_EDGE('',*,*,#2947,.T.);
#2965 = ORIENTED_EDGE('',*,*,#1575,.F.);
#2966 = ORIENTED_EDGE('',*,*,#2967,.T.);
#2967 = EDGE_CURVE('',#1567,#356,#2968,.T.);
#2968 = LINE('',#2969,#2970);
#2969 = CARTESIAN_POINT('',(126.42172985103,-123.7488,-4.6E-02));
#2970 = VECTOR('',#2971,1.);
#2971 = DIRECTION('',(-0.,-0.,-1.));
#2972 = CYLINDRICAL_SURFACE('',#2973,0.65);
#2973 = AXIS2_PLACEMENT_3D('',#2974,#2975,#2976);
#2974 = CARTESIAN_POINT('',(125.8951,-124.1298,-4.6E-02));
#2975 = DIRECTION('',(-0.,-0.,-1.));
#2976 = DIRECTION('',(-0.,-1.,0.));
#2977 = ADVANCED_FACE('',(#2978),#2989,.F.);
#2978 = FACE_BOUND('',#2979,.T.);
#2979 = EDGE_LOOP('',(#2980,#2981,#2982,#2983));
#2980 = ORIENTED_EDGE('',*,*,#355,.T.);
#2981 = ORIENTED_EDGE('',*,*,#2967,.F.);
#2982 = ORIENTED_EDGE('',*,*,#1566,.F.);
#2983 = ORIENTED_EDGE('',*,*,#2984,.T.);
#2984 = EDGE_CURVE('',#1558,#347,#2985,.T.);
#2985 = LINE('',#2986,#2987);
#2986 = CARTESIAN_POINT('',(126.42172985103,-122.9868,-4.6E-02));
#2987 = VECTOR('',#2988,1.);
#2988 = DIRECTION('',(-0.,-0.,-1.));
#2989 = CYLINDRICAL_SURFACE('',#2990,0.65);
#2990 = AXIS2_PLACEMENT_3D('',#2991,#2992,#2993);
#2991 = CARTESIAN_POINT('',(125.8951,-123.3678,-4.6E-02));
#2992 = DIRECTION('',(-0.,-0.,-1.));
#2993 = DIRECTION('',(-0.,-1.,0.));
#2994 = ADVANCED_FACE('',(#2995),#3001,.F.);
#2995 = FACE_BOUND('',#2996,.T.);
#2996 = EDGE_LOOP('',(#2997,#2998,#2999,#3000));
#2997 = ORIENTED_EDGE('',*,*,#2932,.T.);
#2998 = ORIENTED_EDGE('',*,*,#346,.T.);
#2999 = ORIENTED_EDGE('',*,*,#2984,.F.);
#3000 = ORIENTED_EDGE('',*,*,#1557,.F.);
#3001 = CYLINDRICAL_SURFACE('',#3002,0.65);
#3002 = AXIS2_PLACEMENT_3D('',#3003,#3004,#3005);
#3003 = CARTESIAN_POINT('',(125.8951,-122.6058,-4.6E-02));
#3004 = DIRECTION('',(-0.,-0.,-1.));
#3005 = DIRECTION('',(-0.,-1.,0.));
#3006 = ADVANCED_FACE('',(#3007),#3018,.F.);
#3007 = FACE_BOUND('',#3008,.T.);
#3008 = EDGE_LOOP('',(#3009,#3010,#3016,#3017));
#3009 = ORIENTED_EDGE('',*,*,#382,.T.);
#3010 = ORIENTED_EDGE('',*,*,#3011,.T.);
#3011 = EDGE_CURVE('',#383,#1594,#3012,.T.);
#3012 = LINE('',#3013,#3014);
#3013 = CARTESIAN_POINT('',(142.1511,-129.5586,-4.6E-02));
#3014 = VECTOR('',#3015,1.);
#3015 = DIRECTION('',(0.,0.,1.));
#3016 = ORIENTED_EDGE('',*,*,#1593,.F.);
#3017 = ORIENTED_EDGE('',*,*,#3011,.F.);
#3018 = CYLINDRICAL_SURFACE('',#3019,0.425);
#3019 = AXIS2_PLACEMENT_3D('',#3020,#3021,#3022);
#3020 = CARTESIAN_POINT('',(142.1511,-129.1336,-4.6E-02));
#3021 = DIRECTION('',(-0.,0.,-1.));
#3022 = DIRECTION('',(6.687461042447E-14,-1.,-0.));
#3023 = ADVANCED_FACE('',(#3024),#3035,.F.);
#3024 = FACE_BOUND('',#3025,.T.);
#3025 = EDGE_LOOP('',(#3026,#3027,#3033,#3034));
#3026 = ORIENTED_EDGE('',*,*,#393,.T.);
#3027 = ORIENTED_EDGE('',*,*,#3028,.T.);
#3028 = EDGE_CURVE('',#394,#1605,#3029,.T.);
#3029 = LINE('',#3030,#3031);
#3030 = CARTESIAN_POINT('',(144.6911,-129.5586,-4.6E-02));
#3031 = VECTOR('',#3032,1.);
#3032 = DIRECTION('',(0.,0.,1.));
#3033 = ORIENTED_EDGE('',*,*,#1604,.F.);
#3034 = ORIENTED_EDGE('',*,*,#3028,.F.);
#3035 = CYLINDRICAL_SURFACE('',#3036,0.425);
#3036 = AXIS2_PLACEMENT_3D('',#3037,#3038,#3039);
#3037 = CARTESIAN_POINT('',(144.6911,-129.1336,-4.6E-02));
#3038 = DIRECTION('',(-0.,-0.,-1.));
#3039 = DIRECTION('',(-0.,-1.,0.));
#3040 = ADVANCED_FACE('',(#3041),#3052,.F.);
#3041 = FACE_BOUND('',#3042,.T.);
#3042 = EDGE_LOOP('',(#3043,#3044,#3050,#3051));
#3043 = ORIENTED_EDGE('',*,*,#404,.T.);
#3044 = ORIENTED_EDGE('',*,*,#3045,.T.);
#3045 = EDGE_CURVE('',#405,#1616,#3046,.T.);
#3046 = LINE('',#3047,#3048);
#3047 = CARTESIAN_POINT('',(147.2311,-129.5586,-4.6E-02));
#3048 = VECTOR('',#3049,1.);
#3049 = DIRECTION('',(0.,0.,1.));
#3050 = ORIENTED_EDGE('',*,*,#1615,.F.);
#3051 = ORIENTED_EDGE('',*,*,#3045,.F.);
#3052 = CYLINDRICAL_SURFACE('',#3053,0.425);
#3053 = AXIS2_PLACEMENT_3D('',#3054,#3055,#3056);
#3054 = CARTESIAN_POINT('',(147.2311,-129.1336,-4.6E-02));
#3055 = DIRECTION('',(-0.,-0.,-1.));
#3056 = DIRECTION('',(-0.,-1.,0.));
#3057 = ADVANCED_FACE('',(#3058),#3069,.F.);
#3058 = FACE_BOUND('',#3059,.T.);
#3059 = EDGE_LOOP('',(#3060,#3061,#3067,#3068));
#3060 = ORIENTED_EDGE('',*,*,#415,.T.);
#3061 = ORIENTED_EDGE('',*,*,#3062,.T.);
#3062 = EDGE_CURVE('',#416,#1627,#3063,.T.);
#3063 = LINE('',#3064,#3065);
#3064 = CARTESIAN_POINT('',(144.0561,-119.5256,-4.6E-02));
#3065 = VECTOR('',#3066,1.);
#3066 = DIRECTION('',(0.,0.,1.));
#3067 = ORIENTED_EDGE('',*,*,#1626,.F.);
#3068 = ORIENTED_EDGE('',*,*,#3062,.F.);
#3069 = CYLINDRICAL_SURFACE('',#3070,0.425);
#3070 = AXIS2_PLACEMENT_3D('',#3071,#3072,#3073);
#3071 = CARTESIAN_POINT('',(144.0561,-119.1006,-4.6E-02));
#3072 = DIRECTION('',(-0.,-0.,-1.));
#3073 = DIRECTION('',(-6.687461042448E-14,-1.,0.));
#3074 = ADVANCED_FACE('',(#3075),#3086,.F.);
#3075 = FACE_BOUND('',#3076,.T.);
#3076 = EDGE_LOOP('',(#3077,#3078,#3084,#3085));
#3077 = ORIENTED_EDGE('',*,*,#426,.T.);
#3078 = ORIENTED_EDGE('',*,*,#3079,.T.);
#3079 = EDGE_CURVE('',#427,#1638,#3080,.T.);
#3080 = LINE('',#3081,#3082);
#3081 = CARTESIAN_POINT('',(146.5961,-119.5256,-4.6E-02));
#3082 = VECTOR('',#3083,1.);
#3083 = DIRECTION('',(0.,0.,1.));
#3084 = ORIENTED_EDGE('',*,*,#1637,.F.);
#3085 = ORIENTED_EDGE('',*,*,#3079,.F.);
#3086 = CYLINDRICAL_SURFACE('',#3087,0.425);
#3087 = AXIS2_PLACEMENT_3D('',#3088,#3089,#3090);
#3088 = CARTESIAN_POINT('',(146.5961,-119.1006,-4.6E-02));
#3089 = DIRECTION('',(-0.,0.,-1.));
#3090 = DIRECTION('',(6.687461042447E-14,-1.,-0.));
#3091 = ADVANCED_FACE('',(#3092),#3103,.F.);
#3092 = FACE_BOUND('',#3093,.T.);
#3093 = EDGE_LOOP('',(#3094,#3095,#3101,#3102));
#3094 = ORIENTED_EDGE('',*,*,#437,.T.);
#3095 = ORIENTED_EDGE('',*,*,#3096,.T.);
#3096 = EDGE_CURVE('',#438,#1649,#3097,.T.);
#3097 = LINE('',#3098,#3099);
#3098 = CARTESIAN_POINT('',(149.1361,-119.5256,-4.6E-02));
#3099 = VECTOR('',#3100,1.);
#3100 = DIRECTION('',(0.,0.,1.));
#3101 = ORIENTED_EDGE('',*,*,#1648,.F.);
#3102 = ORIENTED_EDGE('',*,*,#3096,.F.);
#3103 = CYLINDRICAL_SURFACE('',#3104,0.425);
#3104 = AXIS2_PLACEMENT_3D('',#3105,#3106,#3107);
#3105 = CARTESIAN_POINT('',(149.1361,-119.1006,-4.6E-02));
#3106 = DIRECTION('',(-0.,-0.,-1.));
#3107 = DIRECTION('',(-0.,-1.,0.));
#3108 = ADVANCED_FACE('',(#3109),#3120,.F.);
#3109 = FACE_BOUND('',#3110,.T.);
#3110 = EDGE_LOOP('',(#3111,#3112,#3118,#3119));
#3111 = ORIENTED_EDGE('',*,*,#448,.T.);
#3112 = ORIENTED_EDGE('',*,*,#3113,.T.);
#3113 = EDGE_CURVE('',#449,#1660,#3114,.T.);
#3114 = LINE('',#3115,#3116);
#3115 = CARTESIAN_POINT('',(130.5941,-105.9366,-4.6E-02));
#3116 = VECTOR('',#3117,1.);
#3117 = DIRECTION('',(0.,0.,1.));
#3118 = ORIENTED_EDGE('',*,*,#1659,.F.);
#3119 = ORIENTED_EDGE('',*,*,#3113,.F.);
#3120 = CYLINDRICAL_SURFACE('',#3121,0.425);
#3121 = AXIS2_PLACEMENT_3D('',#3122,#3123,#3124);
#3122 = CARTESIAN_POINT('',(130.5941,-105.5116,-4.6E-02));
#3123 = DIRECTION('',(-0.,-0.,-1.));
#3124 = DIRECTION('',(-0.,-1.,0.));
#3125 = ADVANCED_FACE('',(#3126),#3137,.F.);
#3126 = FACE_BOUND('',#3127,.T.);
#3127 = EDGE_LOOP('',(#3128,#3129,#3135,#3136));
#3128 = ORIENTED_EDGE('',*,*,#459,.T.);
#3129 = ORIENTED_EDGE('',*,*,#3130,.T.);
#3130 = EDGE_CURVE('',#460,#1671,#3131,.T.);
#3131 = LINE('',#3132,#3133);
#3132 = CARTESIAN_POINT('',(144.0561,-111.9056,-4.6E-02));
#3133 = VECTOR('',#3134,1.);
#3134 = DIRECTION('',(0.,0.,1.));
#3135 = ORIENTED_EDGE('',*,*,#1670,.F.);
#3136 = ORIENTED_EDGE('',*,*,#3130,.F.);
#3137 = CYLINDRICAL_SURFACE('',#3138,0.425);
#3138 = AXIS2_PLACEMENT_3D('',#3139,#3140,#3141);
#3139 = CARTESIAN_POINT('',(144.0561,-111.4806,-4.6E-02));
#3140 = DIRECTION('',(-0.,-0.,-1.));
#3141 = DIRECTION('',(-6.687461042448E-14,-1.,0.));
#3142 = ADVANCED_FACE('',(#3143),#3154,.F.);
#3143 = FACE_BOUND('',#3144,.T.);
#3144 = EDGE_LOOP('',(#3145,#3146,#3152,#3153));
#3145 = ORIENTED_EDGE('',*,*,#470,.T.);
#3146 = ORIENTED_EDGE('',*,*,#3147,.T.);
#3147 = EDGE_CURVE('',#471,#1682,#3148,.T.);
#3148 = LINE('',#3149,#3150);
#3149 = CARTESIAN_POINT('',(146.5961,-111.9056,-4.6E-02));
#3150 = VECTOR('',#3151,1.);
#3151 = DIRECTION('',(0.,0.,1.));
#3152 = ORIENTED_EDGE('',*,*,#1681,.F.);
#3153 = ORIENTED_EDGE('',*,*,#3147,.F.);
#3154 = CYLINDRICAL_SURFACE('',#3155,0.425);
#3155 = AXIS2_PLACEMENT_3D('',#3156,#3157,#3158);
#3156 = CARTESIAN_POINT('',(146.5961,-111.4806,-4.6E-02));
#3157 = DIRECTION('',(-0.,0.,-1.));
#3158 = DIRECTION('',(6.687461042448E-14,-1.,-0.));
#3159 = ADVANCED_FACE('',(#3160),#3171,.F.);
#3160 = FACE_BOUND('',#3161,.T.);
#3161 = EDGE_LOOP('',(#3162,#3163,#3169,#3170));
#3162 = ORIENTED_EDGE('',*,*,#481,.T.);
#3163 = ORIENTED_EDGE('',*,*,#3164,.T.);
#3164 = EDGE_CURVE('',#482,#1693,#3165,.T.);
#3165 = LINE('',#3166,#3167);
#3166 = CARTESIAN_POINT('',(149.1361,-111.9056,-4.6E-02));
#3167 = VECTOR('',#3168,1.);
#3168 = DIRECTION('',(0.,0.,1.));
#3169 = ORIENTED_EDGE('',*,*,#1692,.F.);
#3170 = ORIENTED_EDGE('',*,*,#3164,.F.);
#3171 = CYLINDRICAL_SURFACE('',#3172,0.425);
#3172 = AXIS2_PLACEMENT_3D('',#3173,#3174,#3175);
#3173 = CARTESIAN_POINT('',(149.1361,-111.4806,-4.6E-02));
#3174 = DIRECTION('',(-0.,-0.,-1.));
#3175 = DIRECTION('',(-0.,-1.,0.));
#3176 = ADVANCED_FACE('',(#3177),#3188,.F.);
#3177 = FACE_BOUND('',#3178,.T.);
#3178 = EDGE_LOOP('',(#3179,#3180,#3186,#3187));
#3179 = ORIENTED_EDGE('',*,*,#492,.T.);
#3180 = ORIENTED_EDGE('',*,*,#3181,.T.);
#3181 = EDGE_CURVE('',#493,#1704,#3182,.T.);
#3182 = LINE('',#3183,#3184);
#3183 = CARTESIAN_POINT('',(135.6741,-105.9366,-4.6E-02));
#3184 = VECTOR('',#3185,1.);
#3185 = DIRECTION('',(0.,0.,1.));
#3186 = ORIENTED_EDGE('',*,*,#1703,.F.);
#3187 = ORIENTED_EDGE('',*,*,#3181,.F.);
#3188 = CYLINDRICAL_SURFACE('',#3189,0.425);
#3189 = AXIS2_PLACEMENT_3D('',#3190,#3191,#3192);
#3190 = CARTESIAN_POINT('',(135.6741,-105.5116,-4.6E-02));
#3191 = DIRECTION('',(-0.,-0.,-1.));
#3192 = DIRECTION('',(-0.,-1.,0.));
#3193 = ADVANCED_FACE('',(#3194),#3205,.F.);
#3194 = FACE_BOUND('',#3195,.T.);
#3195 = EDGE_LOOP('',(#3196,#3197,#3203,#3204));
#3196 = ORIENTED_EDGE('',*,*,#503,.T.);
#3197 = ORIENTED_EDGE('',*,*,#3198,.T.);
#3198 = EDGE_CURVE('',#504,#1715,#3199,.T.);
#3199 = LINE('',#3200,#3201);
#3200 = CARTESIAN_POINT('',(149.7711,-129.5586,-4.6E-02));
#3201 = VECTOR('',#3202,1.);
#3202 = DIRECTION('',(0.,0.,1.));
#3203 = ORIENTED_EDGE('',*,*,#1714,.F.);
#3204 = ORIENTED_EDGE('',*,*,#3198,.F.);
#3205 = CYLINDRICAL_SURFACE('',#3206,0.425);
#3206 = AXIS2_PLACEMENT_3D('',#3207,#3208,#3209);
#3207 = CARTESIAN_POINT('',(149.7711,-129.1336,-4.6E-02));
#3208 = DIRECTION('',(-0.,-0.,-1.));
#3209 = DIRECTION('',(-0.,-1.,0.));
#3210 = ADVANCED_FACE('',(#3211),#3222,.F.);
#3211 = FACE_BOUND('',#3212,.T.);
#3212 = EDGE_LOOP('',(#3213,#3214,#3220,#3221));
#3213 = ORIENTED_EDGE('',*,*,#514,.T.);
#3214 = ORIENTED_EDGE('',*,*,#3215,.T.);
#3215 = EDGE_CURVE('',#515,#1726,#3216,.T.);
#3216 = LINE('',#3217,#3218);
#3217 = CARTESIAN_POINT('',(152.3111,-129.5586,-4.6E-02));
#3218 = VECTOR('',#3219,1.);
#3219 = DIRECTION('',(0.,0.,1.));
#3220 = ORIENTED_EDGE('',*,*,#1725,.F.);
#3221 = ORIENTED_EDGE('',*,*,#3215,.F.);
#3222 = CYLINDRICAL_SURFACE('',#3223,0.425);
#3223 = AXIS2_PLACEMENT_3D('',#3224,#3225,#3226);
#3224 = CARTESIAN_POINT('',(152.3111,-129.1336,-4.6E-02));
#3225 = DIRECTION('',(-0.,-0.,-1.));
#3226 = DIRECTION('',(-0.,-1.,0.));
#3227 = ADVANCED_FACE('',(#3228),#3239,.F.);
#3228 = FACE_BOUND('',#3229,.T.);
#3229 = EDGE_LOOP('',(#3230,#3231,#3237,#3238));
#3230 = ORIENTED_EDGE('',*,*,#525,.T.);
#3231 = ORIENTED_EDGE('',*,*,#3232,.T.);
#3232 = EDGE_CURVE('',#526,#1737,#3233,.T.);
#3233 = LINE('',#3234,#3235);
#3234 = CARTESIAN_POINT('',(154.8511,-129.5586,-4.6E-02));
#3235 = VECTOR('',#3236,1.);
#3236 = DIRECTION('',(0.,0.,1.));
#3237 = ORIENTED_EDGE('',*,*,#1736,.F.);
#3238 = ORIENTED_EDGE('',*,*,#3232,.F.);
#3239 = CYLINDRICAL_SURFACE('',#3240,0.425);
#3240 = AXIS2_PLACEMENT_3D('',#3241,#3242,#3243);
#3241 = CARTESIAN_POINT('',(154.8511,-129.1336,-4.6E-02));
#3242 = DIRECTION('',(-0.,-0.,-1.));
#3243 = DIRECTION('',(-0.,-1.,0.));
#3244 = ADVANCED_FACE('',(#3245),#3256,.F.);
#3245 = FACE_BOUND('',#3246,.T.);
#3246 = EDGE_LOOP('',(#3247,#3248,#3254,#3255));
#3247 = ORIENTED_EDGE('',*,*,#536,.T.);
#3248 = ORIENTED_EDGE('',*,*,#3249,.T.);
#3249 = EDGE_CURVE('',#537,#1748,#3250,.T.);
#3250 = LINE('',#3251,#3252);
#3251 = CARTESIAN_POINT('',(157.3911,-129.5586,-4.6E-02));
#3252 = VECTOR('',#3253,1.);
#3253 = DIRECTION('',(0.,0.,1.));
#3254 = ORIENTED_EDGE('',*,*,#1747,.F.);
#3255 = ORIENTED_EDGE('',*,*,#3249,.F.);
#3256 = CYLINDRICAL_SURFACE('',#3257,0.425);
#3257 = AXIS2_PLACEMENT_3D('',#3258,#3259,#3260);
#3258 = CARTESIAN_POINT('',(157.3911,-129.1336,-4.6E-02));
#3259 = DIRECTION('',(-0.,-0.,-1.));
#3260 = DIRECTION('',(-0.,-1.,0.));
#3261 = ADVANCED_FACE('',(#3262),#3273,.F.);
#3262 = FACE_BOUND('',#3263,.T.);
#3263 = EDGE_LOOP('',(#3264,#3265,#3271,#3272));
#3264 = ORIENTED_EDGE('',*,*,#547,.T.);
#3265 = ORIENTED_EDGE('',*,*,#3266,.T.);
#3266 = EDGE_CURVE('',#548,#1759,#3267,.T.);
#3267 = LINE('',#3268,#3269);
#3268 = CARTESIAN_POINT('',(159.9311,-129.5586,-4.6E-02));
#3269 = VECTOR('',#3270,1.);
#3270 = DIRECTION('',(0.,0.,1.));
#3271 = ORIENTED_EDGE('',*,*,#1758,.F.);
#3272 = ORIENTED_EDGE('',*,*,#3266,.F.);
#3273 = CYLINDRICAL_SURFACE('',#3274,0.425);
#3274 = AXIS2_PLACEMENT_3D('',#3275,#3276,#3277);
#3275 = CARTESIAN_POINT('',(159.9311,-129.1336,-4.6E-02));
#3276 = DIRECTION('',(-0.,-0.,-1.));
#3277 = DIRECTION('',(-6.687461042448E-14,-1.,0.));
#3278 = ADVANCED_FACE('',(#3279),#3290,.F.);
#3279 = FACE_BOUND('',#3280,.T.);
#3280 = EDGE_LOOP('',(#3281,#3282,#3288,#3289));
#3281 = ORIENTED_EDGE('',*,*,#558,.T.);
#3282 = ORIENTED_EDGE('',*,*,#3283,.T.);
#3283 = EDGE_CURVE('',#559,#1770,#3284,.T.);
#3284 = LINE('',#3285,#3286);
#3285 = CARTESIAN_POINT('',(165.0111,-129.5586,-4.6E-02));
#3286 = VECTOR('',#3287,1.);
#3287 = DIRECTION('',(0.,0.,1.));
#3288 = ORIENTED_EDGE('',*,*,#1769,.F.);
#3289 = ORIENTED_EDGE('',*,*,#3283,.F.);
#3290 = CYLINDRICAL_SURFACE('',#3291,0.425);
#3291 = AXIS2_PLACEMENT_3D('',#3292,#3293,#3294);
#3292 = CARTESIAN_POINT('',(165.0111,-129.1336,-4.6E-02));
#3293 = DIRECTION('',(-0.,-0.,-1.));
#3294 = DIRECTION('',(-0.,-1.,0.));
#3295 = ADVANCED_FACE('',(#3296),#3307,.F.);
#3296 = FACE_BOUND('',#3297,.T.);
#3297 = EDGE_LOOP('',(#3298,#3299,#3305,#3306));
#3298 = ORIENTED_EDGE('',*,*,#569,.T.);
#3299 = ORIENTED_EDGE('',*,*,#3300,.T.);
#3300 = EDGE_CURVE('',#570,#1781,#3301,.T.);
#3301 = LINE('',#3302,#3303);
#3302 = CARTESIAN_POINT('',(151.6761,-119.5256,-4.6E-02));
#3303 = VECTOR('',#3304,1.);
#3304 = DIRECTION('',(0.,0.,1.));
#3305 = ORIENTED_EDGE('',*,*,#1780,.F.);
#3306 = ORIENTED_EDGE('',*,*,#3300,.F.);
#3307 = CYLINDRICAL_SURFACE('',#3308,0.425);
#3308 = AXIS2_PLACEMENT_3D('',#3309,#3310,#3311);
#3309 = CARTESIAN_POINT('',(151.6761,-119.1006,-4.6E-02));
#3310 = DIRECTION('',(-0.,-0.,-1.));
#3311 = DIRECTION('',(-6.687461042448E-14,-1.,0.));
#3312 = ADVANCED_FACE('',(#3313),#3324,.F.);
#3313 = FACE_BOUND('',#3314,.T.);
#3314 = EDGE_LOOP('',(#3315,#3316,#3322,#3323));
#3315 = ORIENTED_EDGE('',*,*,#580,.T.);
#3316 = ORIENTED_EDGE('',*,*,#3317,.T.);
#3317 = EDGE_CURVE('',#581,#1792,#3318,.T.);
#3318 = LINE('',#3319,#3320);
#3319 = CARTESIAN_POINT('',(154.2161,-119.5256,-4.6E-02));
#3320 = VECTOR('',#3321,1.);
#3321 = DIRECTION('',(0.,0.,1.));
#3322 = ORIENTED_EDGE('',*,*,#1791,.F.);
#3323 = ORIENTED_EDGE('',*,*,#3317,.F.);
#3324 = CYLINDRICAL_SURFACE('',#3325,0.425);
#3325 = AXIS2_PLACEMENT_3D('',#3326,#3327,#3328);
#3326 = CARTESIAN_POINT('',(154.2161,-119.1006,-4.6E-02));
#3327 = DIRECTION('',(-0.,0.,-1.));
#3328 = DIRECTION('',(6.687461042447E-14,-1.,-0.));
#3329 = ADVANCED_FACE('',(#3330),#3341,.F.);
#3330 = FACE_BOUND('',#3331,.T.);
#3331 = EDGE_LOOP('',(#3332,#3333,#3339,#3340));
#3332 = ORIENTED_EDGE('',*,*,#591,.T.);
#3333 = ORIENTED_EDGE('',*,*,#3334,.T.);
#3334 = EDGE_CURVE('',#592,#1803,#3335,.T.);
#3335 = LINE('',#3336,#3337);
#3336 = CARTESIAN_POINT('',(156.7561,-119.5256,-4.6E-02));
#3337 = VECTOR('',#3338,1.);
#3338 = DIRECTION('',(0.,0.,1.));
#3339 = ORIENTED_EDGE('',*,*,#1802,.F.);
#3340 = ORIENTED_EDGE('',*,*,#3334,.F.);
#3341 = CYLINDRICAL_SURFACE('',#3342,0.425);
#3342 = AXIS2_PLACEMENT_3D('',#3343,#3344,#3345);
#3343 = CARTESIAN_POINT('',(156.7561,-119.1006,-4.6E-02));
#3344 = DIRECTION('',(-0.,-0.,-1.));
#3345 = DIRECTION('',(-0.,-1.,0.));
#3346 = ADVANCED_FACE('',(#3347),#3358,.F.);
#3347 = FACE_BOUND('',#3348,.T.);
#3348 = EDGE_LOOP('',(#3349,#3350,#3356,#3357));
#3349 = ORIENTED_EDGE('',*,*,#602,.T.);
#3350 = ORIENTED_EDGE('',*,*,#3351,.T.);
#3351 = EDGE_CURVE('',#603,#1814,#3352,.T.);
#3352 = LINE('',#3353,#3354);
#3353 = CARTESIAN_POINT('',(159.2961,-119.5256,-4.6E-02));
#3354 = VECTOR('',#3355,1.);
#3355 = DIRECTION('',(0.,0.,1.));
#3356 = ORIENTED_EDGE('',*,*,#1813,.F.);
#3357 = ORIENTED_EDGE('',*,*,#3351,.F.);
#3358 = CYLINDRICAL_SURFACE('',#3359,0.425);
#3359 = AXIS2_PLACEMENT_3D('',#3360,#3361,#3362);
#3360 = CARTESIAN_POINT('',(159.2961,-119.1006,-4.6E-02));
#3361 = DIRECTION('',(-0.,-0.,-1.));
#3362 = DIRECTION('',(-6.687461042448E-14,-1.,0.));
#3363 = ADVANCED_FACE('',(#3364),#3375,.F.);
#3364 = FACE_BOUND('',#3365,.T.);
#3365 = EDGE_LOOP('',(#3366,#3367,#3373,#3374));
#3366 = ORIENTED_EDGE('',*,*,#613,.T.);
#3367 = ORIENTED_EDGE('',*,*,#3368,.T.);
#3368 = EDGE_CURVE('',#614,#1825,#3369,.T.);
#3369 = LINE('',#3370,#3371);
#3370 = CARTESIAN_POINT('',(161.8361,-119.5256,-4.6E-02));
#3371 = VECTOR('',#3372,1.);
#3372 = DIRECTION('',(0.,0.,1.));
#3373 = ORIENTED_EDGE('',*,*,#1824,.F.);
#3374 = ORIENTED_EDGE('',*,*,#3368,.F.);
#3375 = CYLINDRICAL_SURFACE('',#3376,0.425);
#3376 = AXIS2_PLACEMENT_3D('',#3377,#3378,#3379);
#3377 = CARTESIAN_POINT('',(161.8361,-119.1006,-4.6E-02));
#3378 = DIRECTION('',(-0.,-0.,-1.));
#3379 = DIRECTION('',(-0.,-1.,0.));
#3380 = ADVANCED_FACE('',(#3381),#3392,.F.);
#3381 = FACE_BOUND('',#3382,.T.);
#3382 = EDGE_LOOP('',(#3383,#3384,#3390,#3391));
#3383 = ORIENTED_EDGE('',*,*,#624,.T.);
#3384 = ORIENTED_EDGE('',*,*,#3385,.T.);
#3385 = EDGE_CURVE('',#625,#1836,#3386,.T.);
#3386 = LINE('',#3387,#3388);
#3387 = CARTESIAN_POINT('',(164.3761,-119.5256,-4.6E-02));
#3388 = VECTOR('',#3389,1.);
#3389 = DIRECTION('',(0.,0.,1.));
#3390 = ORIENTED_EDGE('',*,*,#1835,.F.);
#3391 = ORIENTED_EDGE('',*,*,#3385,.F.);
#3392 = CYLINDRICAL_SURFACE('',#3393,0.425);
#3393 = AXIS2_PLACEMENT_3D('',#3394,#3395,#3396);
#3394 = CARTESIAN_POINT('',(164.3761,-119.1006,-4.6E-02));
#3395 = DIRECTION('',(-0.,-0.,-1.));
#3396 = DIRECTION('',(-0.,-1.,0.));
#3397 = ADVANCED_FACE('',(#3398),#3409,.F.);
#3398 = FACE_BOUND('',#3399,.T.);
#3399 = EDGE_LOOP('',(#3400,#3401,#3407,#3408));
#3400 = ORIENTED_EDGE('',*,*,#635,.T.);
#3401 = ORIENTED_EDGE('',*,*,#3402,.T.);
#3402 = EDGE_CURVE('',#636,#1847,#3403,.T.);
#3403 = LINE('',#3404,#3405);
#3404 = CARTESIAN_POINT('',(167.5511,-129.5586,-4.6E-02));
#3405 = VECTOR('',#3406,1.);
#3406 = DIRECTION('',(0.,0.,1.));
#3407 = ORIENTED_EDGE('',*,*,#1846,.F.);
#3408 = ORIENTED_EDGE('',*,*,#3402,.F.);
#3409 = CYLINDRICAL_SURFACE('',#3410,0.425);
#3410 = AXIS2_PLACEMENT_3D('',#3411,#3412,#3413);
#3411 = CARTESIAN_POINT('',(167.5511,-129.1336,-4.6E-02));
#3412 = DIRECTION('',(-0.,-0.,-1.));
#3413 = DIRECTION('',(-6.687461042448E-14,-1.,0.));
#3414 = ADVANCED_FACE('',(#3415),#3426,.F.);
#3415 = FACE_BOUND('',#3416,.T.);
#3416 = EDGE_LOOP('',(#3417,#3418,#3424,#3425));
#3417 = ORIENTED_EDGE('',*,*,#646,.T.);
#3418 = ORIENTED_EDGE('',*,*,#3419,.T.);
#3419 = EDGE_CURVE('',#647,#1858,#3420,.T.);
#3420 = LINE('',#3421,#3422);
#3421 = CARTESIAN_POINT('',(170.0911,-129.5586,-4.6E-02));
#3422 = VECTOR('',#3423,1.);
#3423 = DIRECTION('',(0.,0.,1.));
#3424 = ORIENTED_EDGE('',*,*,#1857,.F.);
#3425 = ORIENTED_EDGE('',*,*,#3419,.F.);
#3426 = CYLINDRICAL_SURFACE('',#3427,0.425);
#3427 = AXIS2_PLACEMENT_3D('',#3428,#3429,#3430);
#3428 = CARTESIAN_POINT('',(170.0911,-129.1336,-4.6E-02));
#3429 = DIRECTION('',(-0.,0.,-1.));
#3430 = DIRECTION('',(6.687461042447E-14,-1.,-0.));
#3431 = ADVANCED_FACE('',(#3432),#3443,.F.);
#3432 = FACE_BOUND('',#3433,.T.);
#3433 = EDGE_LOOP('',(#3434,#3435,#3441,#3442));
#3434 = ORIENTED_EDGE('',*,*,#657,.T.);
#3435 = ORIENTED_EDGE('',*,*,#3436,.T.);
#3436 = EDGE_CURVE('',#658,#1869,#3437,.T.);
#3437 = LINE('',#3438,#3439);
#3438 = CARTESIAN_POINT('',(172.6311,-129.5586,-4.6E-02));
#3439 = VECTOR('',#3440,1.);
#3440 = DIRECTION('',(0.,0.,1.));
#3441 = ORIENTED_EDGE('',*,*,#1868,.F.);
#3442 = ORIENTED_EDGE('',*,*,#3436,.F.);
#3443 = CYLINDRICAL_SURFACE('',#3444,0.425);
#3444 = AXIS2_PLACEMENT_3D('',#3445,#3446,#3447);
#3445 = CARTESIAN_POINT('',(172.6311,-129.1336,-4.6E-02));
#3446 = DIRECTION('',(-0.,-0.,-1.));
#3447 = DIRECTION('',(-0.,-1.,0.));
#3448 = ADVANCED_FACE('',(#3449),#3460,.F.);
#3449 = FACE_BOUND('',#3450,.T.);
#3450 = EDGE_LOOP('',(#3451,#3452,#3458,#3459));
#3451 = ORIENTED_EDGE('',*,*,#668,.T.);
#3452 = ORIENTED_EDGE('',*,*,#3453,.T.);
#3453 = EDGE_CURVE('',#669,#1880,#3454,.T.);
#3454 = LINE('',#3455,#3456);
#3455 = CARTESIAN_POINT('',(175.1711,-129.5586,-4.6E-02));
#3456 = VECTOR('',#3457,1.);
#3457 = DIRECTION('',(0.,0.,1.));
#3458 = ORIENTED_EDGE('',*,*,#1879,.F.);
#3459 = ORIENTED_EDGE('',*,*,#3453,.F.);
#3460 = CYLINDRICAL_SURFACE('',#3461,0.425);
#3461 = AXIS2_PLACEMENT_3D('',#3462,#3463,#3464);
#3462 = CARTESIAN_POINT('',(175.1711,-129.1336,-4.6E-02));
#3463 = DIRECTION('',(-0.,-0.,-1.));
#3464 = DIRECTION('',(-6.687461042448E-14,-1.,0.));
#3465 = ADVANCED_FACE('',(#3466),#3477,.F.);
#3466 = FACE_BOUND('',#3467,.T.);
#3467 = EDGE_LOOP('',(#3468,#3469,#3475,#3476));
#3468 = ORIENTED_EDGE('',*,*,#679,.T.);
#3469 = ORIENTED_EDGE('',*,*,#3470,.T.);
#3470 = EDGE_CURVE('',#680,#1891,#3471,.T.);
#3471 = LINE('',#3472,#3473);
#3472 = CARTESIAN_POINT('',(177.7111,-129.5586,-4.6E-02));
#3473 = VECTOR('',#3474,1.);
#3474 = DIRECTION('',(0.,0.,1.));
#3475 = ORIENTED_EDGE('',*,*,#1890,.F.);
#3476 = ORIENTED_EDGE('',*,*,#3470,.F.);
#3477 = CYLINDRICAL_SURFACE('',#3478,0.425);
#3478 = AXIS2_PLACEMENT_3D('',#3479,#3480,#3481);
#3479 = CARTESIAN_POINT('',(177.7111,-129.1336,-4.6E-02));
#3480 = DIRECTION('',(-0.,-0.,-1.));
#3481 = DIRECTION('',(-0.,-1.,0.));
#3482 = ADVANCED_FACE('',(#3483),#3494,.F.);
#3483 = FACE_BOUND('',#3484,.T.);
#3484 = EDGE_LOOP('',(#3485,#3486,#3492,#3493));
#3485 = ORIENTED_EDGE('',*,*,#690,.T.);
#3486 = ORIENTED_EDGE('',*,*,#3487,.T.);
#3487 = EDGE_CURVE('',#691,#1902,#3488,.T.);
#3488 = LINE('',#3489,#3490);
#3489 = CARTESIAN_POINT('',(166.9161,-119.5256,-4.6E-02));
#3490 = VECTOR('',#3491,1.);
#3491 = DIRECTION('',(0.,0.,1.));
#3492 = ORIENTED_EDGE('',*,*,#1901,.F.);
#3493 = ORIENTED_EDGE('',*,*,#3487,.F.);
#3494 = CYLINDRICAL_SURFACE('',#3495,0.425);
#3495 = AXIS2_PLACEMENT_3D('',#3496,#3497,#3498);
#3496 = CARTESIAN_POINT('',(166.9161,-119.1006,-4.6E-02));
#3497 = DIRECTION('',(-0.,-0.,-1.));
#3498 = DIRECTION('',(-0.,-1.,0.));
#3499 = ADVANCED_FACE('',(#3500),#3511,.F.);
#3500 = FACE_BOUND('',#3501,.T.);
#3501 = EDGE_LOOP('',(#3502,#3503,#3509,#3510));
#3502 = ORIENTED_EDGE('',*,*,#701,.T.);
#3503 = ORIENTED_EDGE('',*,*,#3504,.T.);
#3504 = EDGE_CURVE('',#702,#1913,#3505,.T.);
#3505 = LINE('',#3506,#3507);
#3506 = CARTESIAN_POINT('',(169.4561,-119.5256,-4.6E-02));
#3507 = VECTOR('',#3508,1.);
#3508 = DIRECTION('',(0.,0.,1.));
#3509 = ORIENTED_EDGE('',*,*,#1912,.F.);
#3510 = ORIENTED_EDGE('',*,*,#3504,.F.);
#3511 = CYLINDRICAL_SURFACE('',#3512,0.425);
#3512 = AXIS2_PLACEMENT_3D('',#3513,#3514,#3515);
#3513 = CARTESIAN_POINT('',(169.4561,-119.1006,-4.6E-02));
#3514 = DIRECTION('',(-0.,-0.,-1.));
#3515 = DIRECTION('',(-0.,-1.,0.));
#3516 = ADVANCED_FACE('',(#3517),#3528,.F.);
#3517 = FACE_BOUND('',#3518,.T.);
#3518 = EDGE_LOOP('',(#3519,#3520,#3526,#3527));
#3519 = ORIENTED_EDGE('',*,*,#712,.T.);
#3520 = ORIENTED_EDGE('',*,*,#3521,.T.);
#3521 = EDGE_CURVE('',#713,#1924,#3522,.T.);
#3522 = LINE('',#3523,#3524);
#3523 = CARTESIAN_POINT('',(171.9961,-119.5256,-4.6E-02));
#3524 = VECTOR('',#3525,1.);
#3525 = DIRECTION('',(0.,0.,1.));
#3526 = ORIENTED_EDGE('',*,*,#1923,.F.);
#3527 = ORIENTED_EDGE('',*,*,#3521,.F.);
#3528 = CYLINDRICAL_SURFACE('',#3529,0.425);
#3529 = AXIS2_PLACEMENT_3D('',#3530,#3531,#3532);
#3530 = CARTESIAN_POINT('',(171.9961,-119.1006,-4.6E-02));
#3531 = DIRECTION('',(-0.,-0.,-1.));
#3532 = DIRECTION('',(-0.,-1.,0.));
#3533 = ADVANCED_FACE('',(#3534),#3545,.F.);
#3534 = FACE_BOUND('',#3535,.T.);
#3535 = EDGE_LOOP('',(#3536,#3537,#3543,#3544));
#3536 = ORIENTED_EDGE('',*,*,#723,.T.);
#3537 = ORIENTED_EDGE('',*,*,#3538,.T.);
#3538 = EDGE_CURVE('',#724,#1935,#3539,.T.);
#3539 = LINE('',#3540,#3541);
#3540 = CARTESIAN_POINT('',(180.2511,-125.6536,-4.6E-02));
#3541 = VECTOR('',#3542,1.);
#3542 = DIRECTION('',(0.,0.,1.));
#3543 = ORIENTED_EDGE('',*,*,#1934,.F.);
#3544 = ORIENTED_EDGE('',*,*,#3538,.F.);
#3545 = CYLINDRICAL_SURFACE('',#3546,1.6);
#3546 = AXIS2_PLACEMENT_3D('',#3547,#3548,#3549);
#3547 = CARTESIAN_POINT('',(180.2511,-124.0536,-4.6E-02));
#3548 = DIRECTION('',(-0.,-0.,-1.));
#3549 = DIRECTION('',(-0.,-1.,0.));
#3550 = ADVANCED_FACE('',(#3551),#3562,.F.);
#3551 = FACE_BOUND('',#3552,.T.);
#3552 = EDGE_LOOP('',(#3553,#3554,#3560,#3561));
#3553 = ORIENTED_EDGE('',*,*,#734,.T.);
#3554 = ORIENTED_EDGE('',*,*,#3555,.T.);
#3555 = EDGE_CURVE('',#735,#1946,#3556,.T.);
#3556 = LINE('',#3557,#3558);
#3557 = CARTESIAN_POINT('',(174.5361,-119.5256,-4.6E-02));
#3558 = VECTOR('',#3559,1.);
#3559 = DIRECTION('',(0.,0.,1.));
#3560 = ORIENTED_EDGE('',*,*,#1945,.F.);
#3561 = ORIENTED_EDGE('',*,*,#3555,.F.);
#3562 = CYLINDRICAL_SURFACE('',#3563,0.425);
#3563 = AXIS2_PLACEMENT_3D('',#3564,#3565,#3566);
#3564 = CARTESIAN_POINT('',(174.5361,-119.1006,-4.6E-02));
#3565 = DIRECTION('',(-0.,0.,-1.));
#3566 = DIRECTION('',(6.687461042447E-14,-1.,-0.));
#3567 = ADVANCED_FACE('',(#3568),#3579,.F.);
#3568 = FACE_BOUND('',#3569,.T.);
#3569 = EDGE_LOOP('',(#3570,#3571,#3577,#3578));
#3570 = ORIENTED_EDGE('',*,*,#745,.T.);
#3571 = ORIENTED_EDGE('',*,*,#3572,.T.);
#3572 = EDGE_CURVE('',#746,#1957,#3573,.T.);
#3573 = LINE('',#3574,#3575);
#3574 = CARTESIAN_POINT('',(177.0761,-119.5256,-4.6E-02));
#3575 = VECTOR('',#3576,1.);
#3576 = DIRECTION('',(0.,0.,1.));
#3577 = ORIENTED_EDGE('',*,*,#1956,.F.);
#3578 = ORIENTED_EDGE('',*,*,#3572,.F.);
#3579 = CYLINDRICAL_SURFACE('',#3580,0.425);
#3580 = AXIS2_PLACEMENT_3D('',#3581,#3582,#3583);
#3581 = CARTESIAN_POINT('',(177.0761,-119.1006,-4.6E-02));
#3582 = DIRECTION('',(-0.,-0.,-1.));
#3583 = DIRECTION('',(-0.,-1.,0.));
#3584 = ADVANCED_FACE('',(#3585),#3596,.F.);
#3585 = FACE_BOUND('',#3586,.T.);
#3586 = EDGE_LOOP('',(#3587,#3588,#3594,#3595));
#3587 = ORIENTED_EDGE('',*,*,#756,.T.);
#3588 = ORIENTED_EDGE('',*,*,#3589,.T.);
#3589 = EDGE_CURVE('',#757,#1968,#3590,.T.);
#3590 = LINE('',#3591,#3592);
#3591 = CARTESIAN_POINT('',(151.6761,-111.9056,-4.6E-02));
#3592 = VECTOR('',#3593,1.);
#3593 = DIRECTION('',(0.,0.,1.));
#3594 = ORIENTED_EDGE('',*,*,#1967,.F.);
#3595 = ORIENTED_EDGE('',*,*,#3589,.F.);
#3596 = CYLINDRICAL_SURFACE('',#3597,0.425);
#3597 = AXIS2_PLACEMENT_3D('',#3598,#3599,#3600);
#3598 = CARTESIAN_POINT('',(151.6761,-111.4806,-4.6E-02));
#3599 = DIRECTION('',(-0.,-0.,-1.));
#3600 = DIRECTION('',(-6.687461042448E-14,-1.,0.));
#3601 = ADVANCED_FACE('',(#3602),#3613,.F.);
#3602 = FACE_BOUND('',#3603,.T.);
#3603 = EDGE_LOOP('',(#3604,#3605,#3611,#3612));
#3604 = ORIENTED_EDGE('',*,*,#767,.T.);
#3605 = ORIENTED_EDGE('',*,*,#3606,.T.);
#3606 = EDGE_CURVE('',#768,#1979,#3607,.T.);
#3607 = LINE('',#3608,#3609);
#3608 = CARTESIAN_POINT('',(154.2161,-111.9056,-4.6E-02));
#3609 = VECTOR('',#3610,1.);
#3610 = DIRECTION('',(0.,0.,1.));
#3611 = ORIENTED_EDGE('',*,*,#1978,.F.);
#3612 = ORIENTED_EDGE('',*,*,#3606,.F.);
#3613 = CYLINDRICAL_SURFACE('',#3614,0.425);
#3614 = AXIS2_PLACEMENT_3D('',#3615,#3616,#3617);
#3615 = CARTESIAN_POINT('',(154.2161,-111.4806,-4.6E-02));
#3616 = DIRECTION('',(-0.,0.,-1.));
#3617 = DIRECTION('',(6.687461042448E-14,-1.,-0.));
#3618 = ADVANCED_FACE('',(#3619),#3630,.F.);
#3619 = FACE_BOUND('',#3620,.T.);
#3620 = EDGE_LOOP('',(#3621,#3622,#3628,#3629));
#3621 = ORIENTED_EDGE('',*,*,#778,.T.);
#3622 = ORIENTED_EDGE('',*,*,#3623,.T.);
#3623 = EDGE_CURVE('',#779,#1990,#3624,.T.);
#3624 = LINE('',#3625,#3626);
#3625 = CARTESIAN_POINT('',(156.7561,-111.9056,-4.6E-02));
#3626 = VECTOR('',#3627,1.);
#3627 = DIRECTION('',(0.,0.,1.));
#3628 = ORIENTED_EDGE('',*,*,#1989,.F.);
#3629 = ORIENTED_EDGE('',*,*,#3623,.F.);
#3630 = CYLINDRICAL_SURFACE('',#3631,0.425);
#3631 = AXIS2_PLACEMENT_3D('',#3632,#3633,#3634);
#3632 = CARTESIAN_POINT('',(156.7561,-111.4806,-4.6E-02));
#3633 = DIRECTION('',(-0.,-0.,-1.));
#3634 = DIRECTION('',(-0.,-1.,0.));
#3635 = ADVANCED_FACE('',(#3636),#3647,.F.);
#3636 = FACE_BOUND('',#3637,.T.);
#3637 = EDGE_LOOP('',(#3638,#3639,#3645,#3646));
#3638 = ORIENTED_EDGE('',*,*,#789,.T.);
#3639 = ORIENTED_EDGE('',*,*,#3640,.T.);
#3640 = EDGE_CURVE('',#790,#2001,#3641,.T.);
#3641 = LINE('',#3642,#3643);
#3642 = CARTESIAN_POINT('',(159.2961,-111.9056,-4.6E-02));
#3643 = VECTOR('',#3644,1.);
#3644 = DIRECTION('',(0.,0.,1.));
#3645 = ORIENTED_EDGE('',*,*,#2000,.F.);
#3646 = ORIENTED_EDGE('',*,*,#3640,.F.);
#3647 = CYLINDRICAL_SURFACE('',#3648,0.425);
#3648 = AXIS2_PLACEMENT_3D('',#3649,#3650,#3651);
#3649 = CARTESIAN_POINT('',(159.2961,-111.4806,-4.6E-02));
#3650 = DIRECTION('',(-0.,-0.,-1.));
#3651 = DIRECTION('',(-6.687461042448E-14,-1.,0.));
#3652 = ADVANCED_FACE('',(#3653),#3664,.F.);
#3653 = FACE_BOUND('',#3654,.T.);
#3654 = EDGE_LOOP('',(#3655,#3656,#3662,#3663));
#3655 = ORIENTED_EDGE('',*,*,#800,.T.);
#3656 = ORIENTED_EDGE('',*,*,#3657,.T.);
#3657 = EDGE_CURVE('',#801,#2012,#3658,.T.);
#3658 = LINE('',#3659,#3660);
#3659 = CARTESIAN_POINT('',(161.8361,-111.9056,-4.6E-02));
#3660 = VECTOR('',#3661,1.);
#3661 = DIRECTION('',(0.,0.,1.));
#3662 = ORIENTED_EDGE('',*,*,#2011,.F.);
#3663 = ORIENTED_EDGE('',*,*,#3657,.F.);
#3664 = CYLINDRICAL_SURFACE('',#3665,0.425);
#3665 = AXIS2_PLACEMENT_3D('',#3666,#3667,#3668);
#3666 = CARTESIAN_POINT('',(161.8361,-111.4806,-4.6E-02));
#3667 = DIRECTION('',(-0.,-0.,-1.));
#3668 = DIRECTION('',(-0.,-1.,0.));
#3669 = ADVANCED_FACE('',(#3670),#3681,.F.);
#3670 = FACE_BOUND('',#3671,.T.);
#3671 = EDGE_LOOP('',(#3672,#3673,#3679,#3680));
#3672 = ORIENTED_EDGE('',*,*,#811,.T.);
#3673 = ORIENTED_EDGE('',*,*,#3674,.T.);
#3674 = EDGE_CURVE('',#812,#2023,#3675,.T.);
#3675 = LINE('',#3676,#3677);
#3676 = CARTESIAN_POINT('',(164.3761,-111.9056,-4.6E-02));
#3677 = VECTOR('',#3678,1.);
#3678 = DIRECTION('',(0.,0.,1.));
#3679 = ORIENTED_EDGE('',*,*,#2022,.F.);
#3680 = ORIENTED_EDGE('',*,*,#3674,.F.);
#3681 = CYLINDRICAL_SURFACE('',#3682,0.425);
#3682 = AXIS2_PLACEMENT_3D('',#3683,#3684,#3685);
#3683 = CARTESIAN_POINT('',(164.3761,-111.4806,-4.6E-02));
#3684 = DIRECTION('',(-0.,-0.,-1.));
#3685 = DIRECTION('',(-0.,-1.,0.));
#3686 = ADVANCED_FACE('',(#3687),#3698,.F.);
#3687 = FACE_BOUND('',#3688,.T.);
#3688 = EDGE_LOOP('',(#3689,#3690,#3696,#3697));
#3689 = ORIENTED_EDGE('',*,*,#822,.T.);
#3690 = ORIENTED_EDGE('',*,*,#3691,.T.);
#3691 = EDGE_CURVE('',#823,#2034,#3692,.T.);
#3692 = LINE('',#3693,#3694);
#3693 = CARTESIAN_POINT('',(166.9161,-111.9056,-4.6E-02));
#3694 = VECTOR('',#3695,1.);
#3695 = DIRECTION('',(0.,0.,1.));
#3696 = ORIENTED_EDGE('',*,*,#2033,.F.);
#3697 = ORIENTED_EDGE('',*,*,#3691,.F.);
#3698 = CYLINDRICAL_SURFACE('',#3699,0.425);
#3699 = AXIS2_PLACEMENT_3D('',#3700,#3701,#3702);
#3700 = CARTESIAN_POINT('',(166.9161,-111.4806,-4.6E-02));
#3701 = DIRECTION('',(-0.,-0.,-1.));
#3702 = DIRECTION('',(-0.,-1.,0.));
#3703 = ADVANCED_FACE('',(#3704),#3715,.F.);
#3704 = FACE_BOUND('',#3705,.T.);
#3705 = EDGE_LOOP('',(#3706,#3707,#3713,#3714));
#3706 = ORIENTED_EDGE('',*,*,#833,.T.);
#3707 = ORIENTED_EDGE('',*,*,#3708,.T.);
#3708 = EDGE_CURVE('',#834,#2045,#3709,.T.);
#3709 = LINE('',#3710,#3711);
#3710 = CARTESIAN_POINT('',(169.4561,-111.9056,-4.6E-02));
#3711 = VECTOR('',#3712,1.);
#3712 = DIRECTION('',(0.,0.,1.));
#3713 = ORIENTED_EDGE('',*,*,#2044,.F.);
#3714 = ORIENTED_EDGE('',*,*,#3708,.F.);
#3715 = CYLINDRICAL_SURFACE('',#3716,0.425);
#3716 = AXIS2_PLACEMENT_3D('',#3717,#3718,#3719);
#3717 = CARTESIAN_POINT('',(169.4561,-111.4806,-4.6E-02));
#3718 = DIRECTION('',(-0.,-0.,-1.));
#3719 = DIRECTION('',(-0.,-1.,0.));
#3720 = ADVANCED_FACE('',(#3721),#3732,.F.);
#3721 = FACE_BOUND('',#3722,.T.);
#3722 = EDGE_LOOP('',(#3723,#3724,#3730,#3731));
#3723 = ORIENTED_EDGE('',*,*,#844,.T.);
#3724 = ORIENTED_EDGE('',*,*,#3725,.T.);
#3725 = EDGE_CURVE('',#845,#2056,#3726,.T.);
#3726 = LINE('',#3727,#3728);
#3727 = CARTESIAN_POINT('',(171.9961,-111.9056,-4.6E-02));
#3728 = VECTOR('',#3729,1.);
#3729 = DIRECTION('',(0.,0.,1.));
#3730 = ORIENTED_EDGE('',*,*,#2055,.F.);
#3731 = ORIENTED_EDGE('',*,*,#3725,.F.);
#3732 = CYLINDRICAL_SURFACE('',#3733,0.425);
#3733 = AXIS2_PLACEMENT_3D('',#3734,#3735,#3736);
#3734 = CARTESIAN_POINT('',(171.9961,-111.4806,-4.6E-02));
#3735 = DIRECTION('',(-0.,-0.,-1.));
#3736 = DIRECTION('',(-0.,-1.,0.));
#3737 = ADVANCED_FACE('',(#3738),#3749,.F.);
#3738 = FACE_BOUND('',#3739,.T.);
#3739 = EDGE_LOOP('',(#3740,#3741,#3747,#3748));
#3740 = ORIENTED_EDGE('',*,*,#855,.T.);
#3741 = ORIENTED_EDGE('',*,*,#3742,.T.);
#3742 = EDGE_CURVE('',#856,#2067,#3743,.T.);
#3743 = LINE('',#3744,#3745);
#3744 = CARTESIAN_POINT('',(174.5361,-111.9056,-4.6E-02));
#3745 = VECTOR('',#3746,1.);
#3746 = DIRECTION('',(0.,0.,1.));
#3747 = ORIENTED_EDGE('',*,*,#2066,.F.);
#3748 = ORIENTED_EDGE('',*,*,#3742,.F.);
#3749 = CYLINDRICAL_SURFACE('',#3750,0.425);
#3750 = AXIS2_PLACEMENT_3D('',#3751,#3752,#3753);
#3751 = CARTESIAN_POINT('',(174.5361,-111.4806,-4.6E-02));
#3752 = DIRECTION('',(-0.,0.,-1.));
#3753 = DIRECTION('',(6.687461042448E-14,-1.,-0.));
#3754 = ADVANCED_FACE('',(#3755),#3766,.F.);
#3755 = FACE_BOUND('',#3756,.T.);
#3756 = EDGE_LOOP('',(#3757,#3758,#3764,#3765));
#3757 = ORIENTED_EDGE('',*,*,#866,.T.);
#3758 = ORIENTED_EDGE('',*,*,#3759,.T.);
#3759 = EDGE_CURVE('',#867,#2078,#3760,.T.);
#3760 = LINE('',#3761,#3762);
#3761 = CARTESIAN_POINT('',(177.0761,-111.9056,-4.6E-02));
#3762 = VECTOR('',#3763,1.);
#3763 = DIRECTION('',(0.,0.,1.));
#3764 = ORIENTED_EDGE('',*,*,#2077,.F.);
#3765 = ORIENTED_EDGE('',*,*,#3759,.F.);
#3766 = CYLINDRICAL_SURFACE('',#3767,0.425);
#3767 = AXIS2_PLACEMENT_3D('',#3768,#3769,#3770);
#3768 = CARTESIAN_POINT('',(177.0761,-111.4806,-4.6E-02));
#3769 = DIRECTION('',(-0.,-0.,-1.));
#3770 = DIRECTION('',(-0.,-1.,0.));
#3771 = ADVANCED_FACE('',(#3772),#3783,.F.);
#3772 = FACE_BOUND('',#3773,.T.);
#3773 = EDGE_LOOP('',(#3774,#3775,#3781,#3782));
#3774 = ORIENTED_EDGE('',*,*,#877,.T.);
#3775 = ORIENTED_EDGE('',*,*,#3776,.T.);
#3776 = EDGE_CURVE('',#878,#2089,#3777,.T.);
#3777 = LINE('',#3778,#3779);
#3778 = CARTESIAN_POINT('',(177.8381,-106.7486,-4.6E-02));
#3779 = VECTOR('',#3780,1.);
#3780 = DIRECTION('',(0.,0.,1.));
#3781 = ORIENTED_EDGE('',*,*,#2088,.F.);
#3782 = ORIENTED_EDGE('',*,*,#3776,.F.);
#3783 = CYLINDRICAL_SURFACE('',#3784,0.475);
#3784 = AXIS2_PLACEMENT_3D('',#3785,#3786,#3787);
#3785 = CARTESIAN_POINT('',(177.8381,-106.2736,-4.6E-02));
#3786 = DIRECTION('',(-0.,-0.,-1.));
#3787 = DIRECTION('',(-0.,-1.,0.));
#3788 = ADVANCED_FACE('',(#3789),#3800,.F.);
#3789 = FACE_BOUND('',#3790,.T.);
#3790 = EDGE_LOOP('',(#3791,#3792,#3798,#3799));
#3791 = ORIENTED_EDGE('',*,*,#888,.T.);
#3792 = ORIENTED_EDGE('',*,*,#3793,.T.);
#3793 = EDGE_CURVE('',#889,#2100,#3794,.T.);
#3794 = LINE('',#3795,#3796);
#3795 = CARTESIAN_POINT('',(180.3781,-106.7486,-4.6E-02));
#3796 = VECTOR('',#3797,1.);
#3797 = DIRECTION('',(0.,0.,1.));
#3798 = ORIENTED_EDGE('',*,*,#2099,.F.);
#3799 = ORIENTED_EDGE('',*,*,#3793,.F.);
#3800 = CYLINDRICAL_SURFACE('',#3801,0.475);
#3801 = AXIS2_PLACEMENT_3D('',#3802,#3803,#3804);
#3802 = CARTESIAN_POINT('',(180.3781,-106.2736,-4.6E-02));
#3803 = DIRECTION('',(-0.,-0.,-1.));
#3804 = DIRECTION('',(-5.983517774822E-14,-1.,0.));
#3805 = ADVANCED_FACE('',(#3806),#3817,.F.);
#3806 = FACE_BOUND('',#3807,.T.);
#3807 = EDGE_LOOP('',(#3808,#3809,#3815,#3816));
#3808 = ORIENTED_EDGE('',*,*,#899,.T.);
#3809 = ORIENTED_EDGE('',*,*,#3810,.T.);
#3810 = EDGE_CURVE('',#900,#2111,#3811,.T.);
#3811 = LINE('',#3812,#3813);
#3812 = CARTESIAN_POINT('',(118.0211,-100.6736,-4.6E-02));
#3813 = VECTOR('',#3814,1.);
#3814 = DIRECTION('',(0.,0.,1.));
#3815 = ORIENTED_EDGE('',*,*,#2110,.F.);
#3816 = ORIENTED_EDGE('',*,*,#3810,.F.);
#3817 = CYLINDRICAL_SURFACE('',#3818,1.1);
#3818 = AXIS2_PLACEMENT_3D('',#3819,#3820,#3821);
#3819 = CARTESIAN_POINT('',(118.0211,-99.5736,-4.6E-02));
#3820 = DIRECTION('',(-0.,0.,-1.));
#3821 = DIRECTION('',(1.2918958832E-14,-1.,-0.));
#3822 = ADVANCED_FACE('',(#3823),#3834,.F.);
#3823 = FACE_BOUND('',#3824,.T.);
#3824 = EDGE_LOOP('',(#3825,#3826,#3832,#3833));
#3825 = ORIENTED_EDGE('',*,*,#910,.T.);
#3826 = ORIENTED_EDGE('',*,*,#3827,.T.);
#3827 = EDGE_CURVE('',#911,#2122,#3828,.T.);
#3828 = LINE('',#3829,#3830);
#3829 = CARTESIAN_POINT('',(120.7311,-95.2986,-4.6E-02));
#3830 = VECTOR('',#3831,1.);
#3831 = DIRECTION('',(0.,0.,1.));
#3832 = ORIENTED_EDGE('',*,*,#2121,.F.);
#3833 = ORIENTED_EDGE('',*,*,#3827,.F.);
#3834 = CYLINDRICAL_SURFACE('',#3835,0.475);
#3835 = AXIS2_PLACEMENT_3D('',#3836,#3837,#3838);
#3836 = CARTESIAN_POINT('',(120.7311,-94.8236,-4.6E-02));
#3837 = DIRECTION('',(-0.,-0.,-1.));
#3838 = DIRECTION('',(-0.,-1.,0.));
#3839 = ADVANCED_FACE('',(#3840),#3851,.F.);
#3840 = FACE_BOUND('',#3841,.T.);
#3841 = EDGE_LOOP('',(#3842,#3843,#3849,#3850));
#3842 = ORIENTED_EDGE('',*,*,#921,.T.);
#3843 = ORIENTED_EDGE('',*,*,#3844,.T.);
#3844 = EDGE_CURVE('',#922,#2133,#3845,.T.);
#3845 = LINE('',#3846,#3847);
#3846 = CARTESIAN_POINT('',(120.7311,-92.7986,-4.6E-02));
#3847 = VECTOR('',#3848,1.);
#3848 = DIRECTION('',(0.,0.,1.));
#3849 = ORIENTED_EDGE('',*,*,#2132,.F.);
#3850 = ORIENTED_EDGE('',*,*,#3844,.F.);
#3851 = CYLINDRICAL_SURFACE('',#3852,0.475);
#3852 = AXIS2_PLACEMENT_3D('',#3853,#3854,#3855);
#3853 = CARTESIAN_POINT('',(120.7311,-92.3236,-4.6E-02));
#3854 = DIRECTION('',(-0.,-0.,-1.));
#3855 = DIRECTION('',(-0.,-1.,0.));
#3856 = ADVANCED_FACE('',(#3857),#3868,.F.);
#3857 = FACE_BOUND('',#3858,.T.);
#3858 = EDGE_LOOP('',(#3859,#3860,#3866,#3867));
#3859 = ORIENTED_EDGE('',*,*,#932,.T.);
#3860 = ORIENTED_EDGE('',*,*,#3861,.T.);
#3861 = EDGE_CURVE('',#933,#2144,#3862,.T.);
#3862 = LINE('',#3863,#3864);
#3863 = CARTESIAN_POINT('',(122.7311,-95.2986,-4.6E-02));
#3864 = VECTOR('',#3865,1.);
#3865 = DIRECTION('',(0.,0.,1.));
#3866 = ORIENTED_EDGE('',*,*,#2143,.F.);
#3867 = ORIENTED_EDGE('',*,*,#3861,.F.);
#3868 = CYLINDRICAL_SURFACE('',#3869,0.475);
#3869 = AXIS2_PLACEMENT_3D('',#3870,#3871,#3872);
#3870 = CARTESIAN_POINT('',(122.7311,-94.8236,-4.6E-02));
#3871 = DIRECTION('',(-0.,-0.,-1.));
#3872 = DIRECTION('',(-0.,-1.,0.));
#3873 = ADVANCED_FACE('',(#3874),#3885,.F.);
#3874 = FACE_BOUND('',#3875,.T.);
#3875 = EDGE_LOOP('',(#3876,#3877,#3883,#3884));
#3876 = ORIENTED_EDGE('',*,*,#943,.T.);
#3877 = ORIENTED_EDGE('',*,*,#3878,.T.);
#3878 = EDGE_CURVE('',#944,#2155,#3879,.T.);
#3879 = LINE('',#3880,#3881);
#3880 = CARTESIAN_POINT('',(122.7311,-92.7986,-4.6E-02));
#3881 = VECTOR('',#3882,1.);
#3882 = DIRECTION('',(0.,0.,1.));
#3883 = ORIENTED_EDGE('',*,*,#2154,.F.);
#3884 = ORIENTED_EDGE('',*,*,#3878,.F.);
#3885 = CYLINDRICAL_SURFACE('',#3886,0.475);
#3886 = AXIS2_PLACEMENT_3D('',#3887,#3888,#3889);
#3887 = CARTESIAN_POINT('',(122.7311,-92.3236,-4.6E-02));
#3888 = DIRECTION('',(-0.,-0.,-1.));
#3889 = DIRECTION('',(-0.,-1.,0.));
#3890 = ADVANCED_FACE('',(#3891),#3902,.F.);
#3891 = FACE_BOUND('',#3892,.T.);
#3892 = EDGE_LOOP('',(#3893,#3894,#3900,#3901));
#3893 = ORIENTED_EDGE('',*,*,#954,.T.);
#3894 = ORIENTED_EDGE('',*,*,#3895,.T.);
#3895 = EDGE_CURVE('',#955,#2166,#3896,.T.);
#3896 = LINE('',#3897,#3898);
#3897 = CARTESIAN_POINT('',(118.0211,-88.6736,-4.6E-02));
#3898 = VECTOR('',#3899,1.);
#3899 = DIRECTION('',(0.,0.,1.));
#3900 = ORIENTED_EDGE('',*,*,#2165,.F.);
#3901 = ORIENTED_EDGE('',*,*,#3895,.F.);
#3902 = CYLINDRICAL_SURFACE('',#3903,1.1);
#3903 = AXIS2_PLACEMENT_3D('',#3904,#3905,#3906);
#3904 = CARTESIAN_POINT('',(118.0211,-87.5736,-4.6E-02));
#3905 = DIRECTION('',(-0.,0.,-1.));
#3906 = DIRECTION('',(1.2918958832E-14,-1.,-0.));
#3907 = ADVANCED_FACE('',(#3908),#3919,.F.);
#3908 = FACE_BOUND('',#3909,.T.);
#3909 = EDGE_LOOP('',(#3910,#3911,#3917,#3918));
#3910 = ORIENTED_EDGE('',*,*,#965,.T.);
#3911 = ORIENTED_EDGE('',*,*,#3912,.T.);
#3912 = EDGE_CURVE('',#966,#2177,#3913,.T.);
#3913 = LINE('',#3914,#3915);
#3914 = CARTESIAN_POINT('',(132.4991,-92.2706,-4.6E-02));
#3915 = VECTOR('',#3916,1.);
#3916 = DIRECTION('',(0.,0.,1.));
#3917 = ORIENTED_EDGE('',*,*,#2176,.F.);
#3918 = ORIENTED_EDGE('',*,*,#3912,.F.);
#3919 = CYLINDRICAL_SURFACE('',#3920,0.475);
#3920 = AXIS2_PLACEMENT_3D('',#3921,#3922,#3923);
#3921 = CARTESIAN_POINT('',(132.4991,-91.7956,-4.6E-02));
#3922 = DIRECTION('',(-0.,-0.,-1.));
#3923 = DIRECTION('',(-0.,-1.,0.));
#3924 = ADVANCED_FACE('',(#3925),#3936,.F.);
#3925 = FACE_BOUND('',#3926,.T.);
#3926 = EDGE_LOOP('',(#3927,#3928,#3934,#3935));
#3927 = ORIENTED_EDGE('',*,*,#976,.T.);
#3928 = ORIENTED_EDGE('',*,*,#3929,.T.);
#3929 = EDGE_CURVE('',#977,#2188,#3930,.T.);
#3930 = LINE('',#3931,#3932);
#3931 = CARTESIAN_POINT('',(132.4991,-89.7306,-4.6E-02));
#3932 = VECTOR('',#3933,1.);
#3933 = DIRECTION('',(0.,0.,1.));
#3934 = ORIENTED_EDGE('',*,*,#2187,.F.);
#3935 = ORIENTED_EDGE('',*,*,#3929,.F.);
#3936 = CYLINDRICAL_SURFACE('',#3937,0.475);
#3937 = AXIS2_PLACEMENT_3D('',#3938,#3939,#3940);
#3938 = CARTESIAN_POINT('',(132.4991,-89.2556,-4.6E-02));
#3939 = DIRECTION('',(-0.,-0.,-1.));
#3940 = DIRECTION('',(-0.,-1.,0.));
#3941 = ADVANCED_FACE('',(#3942),#3953,.F.);
#3942 = FACE_BOUND('',#3943,.T.);
#3943 = EDGE_LOOP('',(#3944,#3945,#3951,#3952));
#3944 = ORIENTED_EDGE('',*,*,#987,.T.);
#3945 = ORIENTED_EDGE('',*,*,#3946,.T.);
#3946 = EDGE_CURVE('',#988,#2199,#3947,.T.);
#3947 = LINE('',#3948,#3949);
#3948 = CARTESIAN_POINT('',(129.9591,-87.1906,-4.6E-02));
#3949 = VECTOR('',#3950,1.);
#3950 = DIRECTION('',(0.,0.,1.));
#3951 = ORIENTED_EDGE('',*,*,#2198,.F.);
#3952 = ORIENTED_EDGE('',*,*,#3946,.F.);
#3953 = CYLINDRICAL_SURFACE('',#3954,0.475);
#3954 = AXIS2_PLACEMENT_3D('',#3955,#3956,#3957);
#3955 = CARTESIAN_POINT('',(129.9591,-86.7156,-4.6E-02));
#3956 = DIRECTION('',(-0.,-0.,-1.));
#3957 = DIRECTION('',(-0.,-1.,0.));
#3958 = ADVANCED_FACE('',(#3959),#3970,.F.);
#3959 = FACE_BOUND('',#3960,.T.);
#3960 = EDGE_LOOP('',(#3961,#3962,#3968,#3969));
#3961 = ORIENTED_EDGE('',*,*,#998,.T.);
#3962 = ORIENTED_EDGE('',*,*,#3963,.T.);
#3963 = EDGE_CURVE('',#999,#2210,#3964,.T.);
#3964 = LINE('',#3965,#3966);
#3965 = CARTESIAN_POINT('',(132.4991,-87.1906,-4.6E-02));
#3966 = VECTOR('',#3967,1.);
#3967 = DIRECTION('',(0.,0.,1.));
#3968 = ORIENTED_EDGE('',*,*,#2209,.F.);
#3969 = ORIENTED_EDGE('',*,*,#3963,.F.);
#3970 = CYLINDRICAL_SURFACE('',#3971,0.475);
#3971 = AXIS2_PLACEMENT_3D('',#3972,#3973,#3974);
#3972 = CARTESIAN_POINT('',(132.4991,-86.7156,-4.6E-02));
#3973 = DIRECTION('',(-0.,-0.,-1.));
#3974 = DIRECTION('',(-0.,-1.,0.));
#3975 = ADVANCED_FACE('',(#3976),#3987,.F.);
#3976 = FACE_BOUND('',#3977,.T.);
#3977 = EDGE_LOOP('',(#3978,#3979,#3985,#3986));
#3978 = ORIENTED_EDGE('',*,*,#1009,.T.);
#3979 = ORIENTED_EDGE('',*,*,#3980,.T.);
#3980 = EDGE_CURVE('',#1010,#2221,#3981,.T.);
#3981 = LINE('',#3982,#3983);
#3982 = CARTESIAN_POINT('',(129.9591,-84.6506,-4.6E-02));
#3983 = VECTOR('',#3984,1.);
#3984 = DIRECTION('',(0.,0.,1.));
#3985 = ORIENTED_EDGE('',*,*,#2220,.F.);
#3986 = ORIENTED_EDGE('',*,*,#3980,.F.);
#3987 = CYLINDRICAL_SURFACE('',#3988,0.475);
#3988 = AXIS2_PLACEMENT_3D('',#3989,#3990,#3991);
#3989 = CARTESIAN_POINT('',(129.9591,-84.1756,-4.6E-02));
#3990 = DIRECTION('',(-0.,-0.,-1.));
#3991 = DIRECTION('',(-0.,-1.,0.));
#3992 = ADVANCED_FACE('',(#3993),#4004,.F.);
#3993 = FACE_BOUND('',#3994,.T.);
#3994 = EDGE_LOOP('',(#3995,#3996,#4002,#4003));
#3995 = ORIENTED_EDGE('',*,*,#1020,.T.);
#3996 = ORIENTED_EDGE('',*,*,#3997,.T.);
#3997 = EDGE_CURVE('',#1021,#2232,#3998,.T.);
#3998 = LINE('',#3999,#4000);
#3999 = CARTESIAN_POINT('',(132.4991,-84.6506,-4.6E-02));
#4000 = VECTOR('',#4001,1.);
#4001 = DIRECTION('',(0.,0.,1.));
#4002 = ORIENTED_EDGE('',*,*,#2231,.F.);
#4003 = ORIENTED_EDGE('',*,*,#3997,.F.);
#4004 = CYLINDRICAL_SURFACE('',#4005,0.475);
#4005 = AXIS2_PLACEMENT_3D('',#4006,#4007,#4008);
#4006 = CARTESIAN_POINT('',(132.4991,-84.1756,-4.6E-02));
#4007 = DIRECTION('',(-0.,-0.,-1.));
#4008 = DIRECTION('',(-0.,-1.,0.));
#4009 = ADVANCED_FACE('',(#4010),#4021,.F.);
#4010 = FACE_BOUND('',#4011,.T.);
#4011 = EDGE_LOOP('',(#4012,#4013,#4019,#4020));
#4012 = ORIENTED_EDGE('',*,*,#1031,.T.);
#4013 = ORIENTED_EDGE('',*,*,#4014,.T.);
#4014 = EDGE_CURVE('',#1032,#2243,#4015,.T.);
#4015 = LINE('',#4016,#4017);
#4016 = CARTESIAN_POINT('',(129.4511,-82.4736,-4.6E-02));
#4017 = VECTOR('',#4018,1.);
#4018 = DIRECTION('',(0.,0.,1.));
#4019 = ORIENTED_EDGE('',*,*,#2242,.F.);
#4020 = ORIENTED_EDGE('',*,*,#4014,.F.);
#4021 = CYLINDRICAL_SURFACE('',#4022,1.6);
#4022 = AXIS2_PLACEMENT_3D('',#4023,#4024,#4025);
#4023 = CARTESIAN_POINT('',(129.4511,-80.8736,-4.6E-02));
#4024 = DIRECTION('',(-0.,-0.,-1.));
#4025 = DIRECTION('',(-0.,-1.,0.));
#4026 = ADVANCED_FACE('',(#4027),#4038,.F.);
#4027 = FACE_BOUND('',#4028,.T.);
#4028 = EDGE_LOOP('',(#4029,#4030,#4036,#4037));
#4029 = ORIENTED_EDGE('',*,*,#1042,.T.);
#4030 = ORIENTED_EDGE('',*,*,#4031,.T.);
#4031 = EDGE_CURVE('',#1043,#2254,#4032,.T.);
#4032 = LINE('',#4033,#4034);
#4033 = CARTESIAN_POINT('',(133.0071,-81.2986,-4.6E-02));
#4034 = VECTOR('',#4035,1.);
#4035 = DIRECTION('',(0.,0.,1.));
#4036 = ORIENTED_EDGE('',*,*,#2253,.F.);
#4037 = ORIENTED_EDGE('',*,*,#4031,.F.);
#4038 = CYLINDRICAL_SURFACE('',#4039,0.425);
#4039 = AXIS2_PLACEMENT_3D('',#4040,#4041,#4042);
#4040 = CARTESIAN_POINT('',(133.0071,-80.8736,-4.6E-02));
#4041 = DIRECTION('',(-0.,0.,-1.));
#4042 = DIRECTION('',(6.687461042447E-14,-1.,-0.));
#4043 = ADVANCED_FACE('',(#4044),#4055,.F.);
#4044 = FACE_BOUND('',#4045,.T.);
#4045 = EDGE_LOOP('',(#4046,#4047,#4053,#4054));
#4046 = ORIENTED_EDGE('',*,*,#1053,.T.);
#4047 = ORIENTED_EDGE('',*,*,#4048,.T.);
#4048 = EDGE_CURVE('',#1054,#2265,#4049,.T.);
#4049 = LINE('',#4050,#4051);
#4050 = CARTESIAN_POINT('',(135.0391,-92.2706,-4.6E-02));
#4051 = VECTOR('',#4052,1.);
#4052 = DIRECTION('',(0.,0.,1.));
#4053 = ORIENTED_EDGE('',*,*,#2264,.F.);
#4054 = ORIENTED_EDGE('',*,*,#4048,.F.);
#4055 = CYLINDRICAL_SURFACE('',#4056,0.475);
#4056 = AXIS2_PLACEMENT_3D('',#4057,#4058,#4059);
#4057 = CARTESIAN_POINT('',(135.0391,-91.7956,-4.6E-02));
#4058 = DIRECTION('',(-0.,-0.,-1.));
#4059 = DIRECTION('',(-5.983517774822E-14,-1.,0.));
#4060 = ADVANCED_FACE('',(#4061),#4072,.F.);
#4061 = FACE_BOUND('',#4062,.T.);
#4062 = EDGE_LOOP('',(#4063,#4064,#4070,#4071));
#4063 = ORIENTED_EDGE('',*,*,#1064,.T.);
#4064 = ORIENTED_EDGE('',*,*,#4065,.T.);
#4065 = EDGE_CURVE('',#1065,#2276,#4066,.T.);
#4066 = LINE('',#4067,#4068);
#4067 = CARTESIAN_POINT('',(135.0391,-89.7306,-4.6E-02));
#4068 = VECTOR('',#4069,1.);
#4069 = DIRECTION('',(0.,0.,1.));
#4070 = ORIENTED_EDGE('',*,*,#2275,.F.);
#4071 = ORIENTED_EDGE('',*,*,#4065,.F.);
#4072 = CYLINDRICAL_SURFACE('',#4073,0.475);
#4073 = AXIS2_PLACEMENT_3D('',#4074,#4075,#4076);
#4074 = CARTESIAN_POINT('',(135.0391,-89.2556,-4.6E-02));
#4075 = DIRECTION('',(-0.,-0.,-1.));
#4076 = DIRECTION('',(-5.983517774822E-14,-1.,0.));
#4077 = ADVANCED_FACE('',(#4078),#4089,.F.);
#4078 = FACE_BOUND('',#4079,.T.);
#4079 = EDGE_LOOP('',(#4080,#4081,#4087,#4088));
#4080 = ORIENTED_EDGE('',*,*,#1075,.T.);
#4081 = ORIENTED_EDGE('',*,*,#4082,.T.);
#4082 = EDGE_CURVE('',#1076,#2287,#4083,.T.);
#4083 = LINE('',#4084,#4085);
#4084 = CARTESIAN_POINT('',(135.0391,-87.1906,-4.6E-02));
#4085 = VECTOR('',#4086,1.);
#4086 = DIRECTION('',(0.,0.,1.));
#4087 = ORIENTED_EDGE('',*,*,#2286,.F.);
#4088 = ORIENTED_EDGE('',*,*,#4082,.F.);
#4089 = CYLINDRICAL_SURFACE('',#4090,0.475);
#4090 = AXIS2_PLACEMENT_3D('',#4091,#4092,#4093);
#4091 = CARTESIAN_POINT('',(135.0391,-86.7156,-4.6E-02));
#4092 = DIRECTION('',(-0.,-0.,-1.));
#4093 = DIRECTION('',(-5.983517774822E-14,-1.,0.));
#4094 = ADVANCED_FACE('',(#4095),#4106,.F.);
#4095 = FACE_BOUND('',#4096,.T.);
#4096 = EDGE_LOOP('',(#4097,#4098,#4104,#4105));
#4097 = ORIENTED_EDGE('',*,*,#1086,.T.);
#4098 = ORIENTED_EDGE('',*,*,#4099,.T.);
#4099 = EDGE_CURVE('',#1087,#2298,#4100,.T.);
#4100 = LINE('',#4101,#4102);
#4101 = CARTESIAN_POINT('',(135.0391,-84.6506,-4.6E-02));
#4102 = VECTOR('',#4103,1.);
#4103 = DIRECTION('',(0.,0.,1.));
#4104 = ORIENTED_EDGE('',*,*,#2297,.F.);
#4105 = ORIENTED_EDGE('',*,*,#4099,.F.);
#4106 = CYLINDRICAL_SURFACE('',#4107,0.475);
#4107 = AXIS2_PLACEMENT_3D('',#4108,#4109,#4110);
#4108 = CARTESIAN_POINT('',(135.0391,-84.1756,-4.6E-02));
#4109 = DIRECTION('',(-0.,-0.,-1.));
#4110 = DIRECTION('',(-5.983517774822E-14,-1.,0.));
#4111 = ADVANCED_FACE('',(#4112),#4123,.F.);
#4112 = FACE_BOUND('',#4113,.T.);
#4113 = EDGE_LOOP('',(#4114,#4115,#4121,#4122));
#4114 = ORIENTED_EDGE('',*,*,#1097,.T.);
#4115 = ORIENTED_EDGE('',*,*,#4116,.T.);
#4116 = EDGE_CURVE('',#1098,#2309,#4117,.T.);
#4117 = LINE('',#4118,#4119);
#4118 = CARTESIAN_POINT('',(135.5471,-81.2986,-4.6E-02));
#4119 = VECTOR('',#4120,1.);
#4120 = DIRECTION('',(0.,0.,1.));
#4121 = ORIENTED_EDGE('',*,*,#2308,.F.);
#4122 = ORIENTED_EDGE('',*,*,#4116,.F.);
#4123 = CYLINDRICAL_SURFACE('',#4124,0.425);
#4124 = AXIS2_PLACEMENT_3D('',#4125,#4126,#4127);
#4125 = CARTESIAN_POINT('',(135.5471,-80.8736,-4.6E-02));
#4126 = DIRECTION('',(-0.,-0.,-1.));
#4127 = DIRECTION('',(-0.,-1.,0.));
#4128 = ADVANCED_FACE('',(#4129),#4140,.F.);
#4129 = FACE_BOUND('',#4130,.T.);
#4130 = EDGE_LOOP('',(#4131,#4132,#4138,#4139));
#4131 = ORIENTED_EDGE('',*,*,#1108,.T.);
#4132 = ORIENTED_EDGE('',*,*,#4133,.T.);
#4133 = EDGE_CURVE('',#1109,#2320,#4134,.T.);
#4134 = LINE('',#4135,#4136);
#4135 = CARTESIAN_POINT('',(138.0871,-81.2986,-4.6E-02));
#4136 = VECTOR('',#4137,1.);
#4137 = DIRECTION('',(0.,0.,1.));
#4138 = ORIENTED_EDGE('',*,*,#2319,.F.);
#4139 = ORIENTED_EDGE('',*,*,#4133,.F.);
#4140 = CYLINDRICAL_SURFACE('',#4141,0.425);
#4141 = AXIS2_PLACEMENT_3D('',#4142,#4143,#4144);
#4142 = CARTESIAN_POINT('',(138.0871,-80.8736,-4.6E-02));
#4143 = DIRECTION('',(-0.,-0.,-1.));
#4144 = DIRECTION('',(-6.687461042448E-14,-1.,0.));
#4145 = ADVANCED_FACE('',(#4146),#4157,.F.);
#4146 = FACE_BOUND('',#4147,.T.);
#4147 = EDGE_LOOP('',(#4148,#4149,#4155,#4156));
#4148 = ORIENTED_EDGE('',*,*,#1119,.T.);
#4149 = ORIENTED_EDGE('',*,*,#4150,.T.);
#4150 = EDGE_CURVE('',#1120,#2331,#4151,.T.);
#4151 = LINE('',#4152,#4153);
#4152 = CARTESIAN_POINT('',(140.6271,-81.2986,-4.6E-02));
#4153 = VECTOR('',#4154,1.);
#4154 = DIRECTION('',(0.,0.,1.));
#4155 = ORIENTED_EDGE('',*,*,#2330,.F.);
#4156 = ORIENTED_EDGE('',*,*,#4150,.F.);
#4157 = CYLINDRICAL_SURFACE('',#4158,0.425);
#4158 = AXIS2_PLACEMENT_3D('',#4159,#4160,#4161);
#4159 = CARTESIAN_POINT('',(140.6271,-80.8736,-4.6E-02));
#4160 = DIRECTION('',(-0.,0.,-1.));
#4161 = DIRECTION('',(6.687461042447E-14,-1.,-0.));
#4162 = ADVANCED_FACE('',(#4163),#4174,.F.);
#4163 = FACE_BOUND('',#4164,.T.);
#4164 = EDGE_LOOP('',(#4165,#4166,#4172,#4173));
#4165 = ORIENTED_EDGE('',*,*,#1130,.T.);
#4166 = ORIENTED_EDGE('',*,*,#4167,.T.);
#4167 = EDGE_CURVE('',#1131,#2342,#4168,.T.);
#4168 = LINE('',#4169,#4170);
#4169 = CARTESIAN_POINT('',(143.1671,-81.2986,-4.6E-02));
#4170 = VECTOR('',#4171,1.);
#4171 = DIRECTION('',(0.,0.,1.));
#4172 = ORIENTED_EDGE('',*,*,#2341,.F.);
#4173 = ORIENTED_EDGE('',*,*,#4167,.F.);
#4174 = CYLINDRICAL_SURFACE('',#4175,0.425);
#4175 = AXIS2_PLACEMENT_3D('',#4176,#4177,#4178);
#4176 = CARTESIAN_POINT('',(143.1671,-80.8736,-4.6E-02));
#4177 = DIRECTION('',(-0.,-0.,-1.));
#4178 = DIRECTION('',(-0.,-1.,0.));
#4179 = ADVANCED_FACE('',(#4180),#4191,.F.);
#4180 = FACE_BOUND('',#4181,.T.);
#4181 = EDGE_LOOP('',(#4182,#4183,#4189,#4190));
#4182 = ORIENTED_EDGE('',*,*,#1141,.T.);
#4183 = ORIENTED_EDGE('',*,*,#4184,.T.);
#4184 = EDGE_CURVE('',#1142,#2353,#4185,.T.);
#4185 = LINE('',#4186,#4187);
#4186 = CARTESIAN_POINT('',(145.7071,-81.2986,-4.6E-02));
#4187 = VECTOR('',#4188,1.);
#4188 = DIRECTION('',(0.,0.,1.));
#4189 = ORIENTED_EDGE('',*,*,#2352,.F.);
#4190 = ORIENTED_EDGE('',*,*,#4184,.F.);
#4191 = CYLINDRICAL_SURFACE('',#4192,0.425);
#4192 = AXIS2_PLACEMENT_3D('',#4193,#4194,#4195);
#4193 = CARTESIAN_POINT('',(145.7071,-80.8736,-4.6E-02));
#4194 = DIRECTION('',(-0.,-0.,-1.));
#4195 = DIRECTION('',(-6.687461042448E-14,-1.,0.));
#4196 = ADVANCED_FACE('',(#4197),#4208,.F.);
#4197 = FACE_BOUND('',#4198,.T.);
#4198 = EDGE_LOOP('',(#4199,#4200,#4206,#4207));
#4199 = ORIENTED_EDGE('',*,*,#1152,.T.);
#4200 = ORIENTED_EDGE('',*,*,#4201,.T.);
#4201 = EDGE_CURVE('',#1153,#2364,#4202,.T.);
#4202 = LINE('',#4203,#4204);
#4203 = CARTESIAN_POINT('',(148.2471,-81.2986,-4.6E-02));
#4204 = VECTOR('',#4205,1.);
#4205 = DIRECTION('',(0.,0.,1.));
#4206 = ORIENTED_EDGE('',*,*,#2363,.F.);
#4207 = ORIENTED_EDGE('',*,*,#4201,.F.);
#4208 = CYLINDRICAL_SURFACE('',#4209,0.425);
#4209 = AXIS2_PLACEMENT_3D('',#4210,#4211,#4212);
#4210 = CARTESIAN_POINT('',(148.2471,-80.8736,-4.6E-02));
#4211 = DIRECTION('',(-0.,-0.,-1.));
#4212 = DIRECTION('',(-0.,-1.,0.));
#4213 = ADVANCED_FACE('',(#4214),#4225,.F.);
#4214 = FACE_BOUND('',#4215,.T.);
#4215 = EDGE_LOOP('',(#4216,#4217,#4223,#4224));
#4216 = ORIENTED_EDGE('',*,*,#1163,.T.);
#4217 = ORIENTED_EDGE('',*,*,#4218,.T.);
#4218 = EDGE_CURVE('',#1164,#2375,#4219,.T.);
#4219 = LINE('',#4220,#4221);
#4220 = CARTESIAN_POINT('',(177.8381,-104.2086,-4.6E-02));
#4221 = VECTOR('',#4222,1.);
#4222 = DIRECTION('',(0.,0.,1.));
#4223 = ORIENTED_EDGE('',*,*,#2374,.F.);
#4224 = ORIENTED_EDGE('',*,*,#4218,.F.);
#4225 = CYLINDRICAL_SURFACE('',#4226,0.475);
#4226 = AXIS2_PLACEMENT_3D('',#4227,#4228,#4229);
#4227 = CARTESIAN_POINT('',(177.8381,-103.7336,-4.6E-02));
#4228 = DIRECTION('',(-0.,-0.,-1.));
#4229 = DIRECTION('',(-0.,-1.,0.));
#4230 = ADVANCED_FACE('',(#4231),#4242,.F.);
#4231 = FACE_BOUND('',#4232,.T.);
#4232 = EDGE_LOOP('',(#4233,#4234,#4240,#4241));
#4233 = ORIENTED_EDGE('',*,*,#1174,.T.);
#4234 = ORIENTED_EDGE('',*,*,#4235,.T.);
#4235 = EDGE_CURVE('',#1175,#2386,#4236,.T.);
#4236 = LINE('',#4237,#4238);
#4237 = CARTESIAN_POINT('',(180.3781,-104.2086,-4.6E-02));
#4238 = VECTOR('',#4239,1.);
#4239 = DIRECTION('',(0.,0.,1.));
#4240 = ORIENTED_EDGE('',*,*,#2385,.F.);
#4241 = ORIENTED_EDGE('',*,*,#4235,.F.);
#4242 = CYLINDRICAL_SURFACE('',#4243,0.475);
#4243 = AXIS2_PLACEMENT_3D('',#4244,#4245,#4246);
#4244 = CARTESIAN_POINT('',(180.3781,-103.7336,-4.6E-02));
#4245 = DIRECTION('',(-0.,-0.,-1.));
#4246 = DIRECTION('',(-5.983517774822E-14,-1.,0.));
#4247 = ADVANCED_FACE('',(#4248),#4259,.F.);
#4248 = FACE_BOUND('',#4249,.T.);
#4249 = EDGE_LOOP('',(#4250,#4251,#4257,#4258));
#4250 = ORIENTED_EDGE('',*,*,#1185,.T.);
#4251 = ORIENTED_EDGE('',*,*,#4252,.T.);
#4252 = EDGE_CURVE('',#1186,#2397,#4253,.T.);
#4253 = LINE('',#4254,#4255);
#4254 = CARTESIAN_POINT('',(177.8381,-101.6686,-4.6E-02));
#4255 = VECTOR('',#4256,1.);
#4256 = DIRECTION('',(0.,0.,1.));
#4257 = ORIENTED_EDGE('',*,*,#2396,.F.);
#4258 = ORIENTED_EDGE('',*,*,#4252,.F.);
#4259 = CYLINDRICAL_SURFACE('',#4260,0.475);
#4260 = AXIS2_PLACEMENT_3D('',#4261,#4262,#4263);
#4261 = CARTESIAN_POINT('',(177.8381,-101.1936,-4.6E-02));
#4262 = DIRECTION('',(-0.,-0.,-1.));
#4263 = DIRECTION('',(-0.,-1.,0.));
#4264 = ADVANCED_FACE('',(#4265),#4276,.F.);
#4265 = FACE_BOUND('',#4266,.T.);
#4266 = EDGE_LOOP('',(#4267,#4268,#4274,#4275));
#4267 = ORIENTED_EDGE('',*,*,#1196,.T.);
#4268 = ORIENTED_EDGE('',*,*,#4269,.T.);
#4269 = EDGE_CURVE('',#1197,#2408,#4270,.T.);
#4270 = LINE('',#4271,#4272);
#4271 = CARTESIAN_POINT('',(180.3781,-101.6686,-4.6E-02));
#4272 = VECTOR('',#4273,1.);
#4273 = DIRECTION('',(0.,0.,1.));
#4274 = ORIENTED_EDGE('',*,*,#2407,.F.);
#4275 = ORIENTED_EDGE('',*,*,#4269,.F.);
#4276 = CYLINDRICAL_SURFACE('',#4277,0.475);
#4277 = AXIS2_PLACEMENT_3D('',#4278,#4279,#4280);
#4278 = CARTESIAN_POINT('',(180.3781,-101.1936,-4.6E-02));
#4279 = DIRECTION('',(-0.,-0.,-1.));
#4280 = DIRECTION('',(-5.983517774822E-14,-1.,0.));
#4281 = ADVANCED_FACE('',(#4282),#4293,.F.);
#4282 = FACE_BOUND('',#4283,.T.);
#4283 = EDGE_LOOP('',(#4284,#4285,#4291,#4292));
#4284 = ORIENTED_EDGE('',*,*,#1207,.T.);
#4285 = ORIENTED_EDGE('',*,*,#4286,.T.);
#4286 = EDGE_CURVE('',#1208,#2419,#4287,.T.);
#4287 = LINE('',#4288,#4289);
#4288 = CARTESIAN_POINT('',(180.2511,-97.7136,-4.6E-02));
#4289 = VECTOR('',#4290,1.);
#4290 = DIRECTION('',(0.,0.,1.));
#4291 = ORIENTED_EDGE('',*,*,#2418,.F.);
#4292 = ORIENTED_EDGE('',*,*,#4286,.F.);
#4293 = CYLINDRICAL_SURFACE('',#4294,1.6);
#4294 = AXIS2_PLACEMENT_3D('',#4295,#4296,#4297);
#4295 = CARTESIAN_POINT('',(180.2511,-96.1136,-4.6E-02));
#4296 = DIRECTION('',(-0.,-0.,-1.));
#4297 = DIRECTION('',(-0.,-1.,0.));
#4298 = ADVANCED_FACE('',(#4299),#4310,.F.);
#4299 = FACE_BOUND('',#4300,.T.);
#4300 = EDGE_LOOP('',(#4301,#4302,#4308,#4309));
#4301 = ORIENTED_EDGE('',*,*,#1218,.T.);
#4302 = ORIENTED_EDGE('',*,*,#4303,.T.);
#4303 = EDGE_CURVE('',#1219,#2430,#4304,.T.);
#4304 = LINE('',#4305,#4306);
#4305 = CARTESIAN_POINT('',(150.7871,-81.2986,-4.6E-02));
#4306 = VECTOR('',#4307,1.);
#4307 = DIRECTION('',(0.,0.,1.));
#4308 = ORIENTED_EDGE('',*,*,#2429,.F.);
#4309 = ORIENTED_EDGE('',*,*,#4303,.F.);
#4310 = CYLINDRICAL_SURFACE('',#4311,0.425);
#4311 = AXIS2_PLACEMENT_3D('',#4312,#4313,#4314);
#4312 = CARTESIAN_POINT('',(150.7871,-80.8736,-4.6E-02));
#4313 = DIRECTION('',(-0.,-0.,-1.));
#4314 = DIRECTION('',(-0.,-1.,0.));
#4315 = ADVANCED_FACE('',(#4316),#4327,.F.);
#4316 = FACE_BOUND('',#4317,.T.);
#4317 = EDGE_LOOP('',(#4318,#4319,#4325,#4326));
#4318 = ORIENTED_EDGE('',*,*,#1229,.T.);
#4319 = ORIENTED_EDGE('',*,*,#4320,.T.);
#4320 = EDGE_CURVE('',#1230,#2441,#4321,.T.);
#4321 = LINE('',#4322,#4323);
#4322 = CARTESIAN_POINT('',(153.3271,-81.2986,-4.6E-02));
#4323 = VECTOR('',#4324,1.);
#4324 = DIRECTION('',(0.,0.,1.));
#4325 = ORIENTED_EDGE('',*,*,#2440,.F.);
#4326 = ORIENTED_EDGE('',*,*,#4320,.F.);
#4327 = CYLINDRICAL_SURFACE('',#4328,0.425);
#4328 = AXIS2_PLACEMENT_3D('',#4329,#4330,#4331);
#4329 = CARTESIAN_POINT('',(153.3271,-80.8736,-4.6E-02));
#4330 = DIRECTION('',(-0.,-0.,-1.));
#4331 = DIRECTION('',(-0.,-1.,0.));
#4332 = ADVANCED_FACE('',(#4333),#4344,.F.);
#4333 = FACE_BOUND('',#4334,.T.);
#4334 = EDGE_LOOP('',(#4335,#4336,#4342,#4343));
#4335 = ORIENTED_EDGE('',*,*,#1240,.T.);
#4336 = ORIENTED_EDGE('',*,*,#4337,.T.);
#4337 = EDGE_CURVE('',#1241,#2452,#4338,.T.);
#4338 = LINE('',#4339,#4340);
#4339 = CARTESIAN_POINT('',(155.8671,-81.2986,-4.6E-02));
#4340 = VECTOR('',#4341,1.);
#4341 = DIRECTION('',(0.,0.,1.));
#4342 = ORIENTED_EDGE('',*,*,#2451,.F.);
#4343 = ORIENTED_EDGE('',*,*,#4337,.F.);
#4344 = CYLINDRICAL_SURFACE('',#4345,0.425);
#4345 = AXIS2_PLACEMENT_3D('',#4346,#4347,#4348);
#4346 = CARTESIAN_POINT('',(155.8671,-80.8736,-4.6E-02));
#4347 = DIRECTION('',(-0.,-0.,-1.));
#4348 = DIRECTION('',(-0.,-1.,0.));
#4349 = ADVANCED_FACE('',(#4350),#4361,.F.);
#4350 = FACE_BOUND('',#4351,.T.);
#4351 = EDGE_LOOP('',(#4352,#4353,#4359,#4360));
#4352 = ORIENTED_EDGE('',*,*,#1251,.T.);
#4353 = ORIENTED_EDGE('',*,*,#4354,.T.);
#4354 = EDGE_CURVE('',#1252,#2463,#4355,.T.);
#4355 = LINE('',#4356,#4357);
#4356 = CARTESIAN_POINT('',(159.9311,-81.2986,-4.6E-02));
#4357 = VECTOR('',#4358,1.);
#4358 = DIRECTION('',(0.,0.,1.));
#4359 = ORIENTED_EDGE('',*,*,#2462,.F.);
#4360 = ORIENTED_EDGE('',*,*,#4354,.F.);
#4361 = CYLINDRICAL_SURFACE('',#4362,0.425);
#4362 = AXIS2_PLACEMENT_3D('',#4363,#4364,#4365);
#4363 = CARTESIAN_POINT('',(159.9311,-80.8736,-4.6E-02));
#4364 = DIRECTION('',(-0.,-0.,-1.));
#4365 = DIRECTION('',(-6.687461042448E-14,-1.,0.));
#4366 = ADVANCED_FACE('',(#4367),#4378,.F.);
#4367 = FACE_BOUND('',#4368,.T.);
#4368 = EDGE_LOOP('',(#4369,#4370,#4376,#4377));
#4369 = ORIENTED_EDGE('',*,*,#1262,.T.);
#4370 = ORIENTED_EDGE('',*,*,#4371,.T.);
#4371 = EDGE_CURVE('',#1263,#2474,#4372,.T.);
#4372 = LINE('',#4373,#4374);
#4373 = CARTESIAN_POINT('',(162.4711,-81.2986,-4.6E-02));
#4374 = VECTOR('',#4375,1.);
#4375 = DIRECTION('',(0.,0.,1.));
#4376 = ORIENTED_EDGE('',*,*,#2473,.F.);
#4377 = ORIENTED_EDGE('',*,*,#4371,.F.);
#4378 = CYLINDRICAL_SURFACE('',#4379,0.425);
#4379 = AXIS2_PLACEMENT_3D('',#4380,#4381,#4382);
#4380 = CARTESIAN_POINT('',(162.4711,-80.8736,-4.6E-02));
#4381 = DIRECTION('',(-0.,0.,-1.));
#4382 = DIRECTION('',(6.687461042447E-14,-1.,-0.));
#4383 = ADVANCED_FACE('',(#4384),#4395,.F.);
#4384 = FACE_BOUND('',#4385,.T.);
#4385 = EDGE_LOOP('',(#4386,#4387,#4393,#4394));
#4386 = ORIENTED_EDGE('',*,*,#1273,.T.);
#4387 = ORIENTED_EDGE('',*,*,#4388,.T.);
#4388 = EDGE_CURVE('',#1274,#2485,#4389,.T.);
#4389 = LINE('',#4390,#4391);
#4390 = CARTESIAN_POINT('',(165.0111,-81.2986,-4.6E-02));
#4391 = VECTOR('',#4392,1.);
#4392 = DIRECTION('',(0.,0.,1.));
#4393 = ORIENTED_EDGE('',*,*,#2484,.F.);
#4394 = ORIENTED_EDGE('',*,*,#4388,.F.);
#4395 = CYLINDRICAL_SURFACE('',#4396,0.425);
#4396 = AXIS2_PLACEMENT_3D('',#4397,#4398,#4399);
#4397 = CARTESIAN_POINT('',(165.0111,-80.8736,-4.6E-02));
#4398 = DIRECTION('',(-0.,-0.,-1.));
#4399 = DIRECTION('',(-0.,-1.,0.));
#4400 = ADVANCED_FACE('',(#4401),#4412,.F.);
#4401 = FACE_BOUND('',#4402,.T.);
#4402 = EDGE_LOOP('',(#4403,#4404,#4410,#4411));
#4403 = ORIENTED_EDGE('',*,*,#1284,.T.);
#4404 = ORIENTED_EDGE('',*,*,#4405,.T.);
#4405 = EDGE_CURVE('',#1285,#2496,#4406,.T.);
#4406 = LINE('',#4407,#4408);
#4407 = CARTESIAN_POINT('',(167.5511,-81.2986,-4.6E-02));
#4408 = VECTOR('',#4409,1.);
#4409 = DIRECTION('',(0.,0.,1.));
#4410 = ORIENTED_EDGE('',*,*,#2495,.F.);
#4411 = ORIENTED_EDGE('',*,*,#4405,.F.);
#4412 = CYLINDRICAL_SURFACE('',#4413,0.425);
#4413 = AXIS2_PLACEMENT_3D('',#4414,#4415,#4416);
#4414 = CARTESIAN_POINT('',(167.5511,-80.8736,-4.6E-02));
#4415 = DIRECTION('',(-0.,-0.,-1.));
#4416 = DIRECTION('',(-6.687461042448E-14,-1.,0.));
#4417 = ADVANCED_FACE('',(#4418),#4429,.F.);
#4418 = FACE_BOUND('',#4419,.T.);
#4419 = EDGE_LOOP('',(#4420,#4421,#4427,#4428));
#4420 = ORIENTED_EDGE('',*,*,#1295,.T.);
#4421 = ORIENTED_EDGE('',*,*,#4422,.T.);
#4422 = EDGE_CURVE('',#1296,#2507,#4423,.T.);
#4423 = LINE('',#4424,#4425);
#4424 = CARTESIAN_POINT('',(170.0911,-81.2986,-4.6E-02));
#4425 = VECTOR('',#4426,1.);
#4426 = DIRECTION('',(0.,0.,1.));
#4427 = ORIENTED_EDGE('',*,*,#2506,.F.);
#4428 = ORIENTED_EDGE('',*,*,#4422,.F.);
#4429 = CYLINDRICAL_SURFACE('',#4430,0.425);
#4430 = AXIS2_PLACEMENT_3D('',#4431,#4432,#4433);
#4431 = CARTESIAN_POINT('',(170.0911,-80.8736,-4.6E-02));
#4432 = DIRECTION('',(-0.,0.,-1.));
#4433 = DIRECTION('',(6.687461042447E-14,-1.,-0.));
#4434 = ADVANCED_FACE('',(#4435),#4446,.F.);
#4435 = FACE_BOUND('',#4436,.T.);
#4436 = EDGE_LOOP('',(#4437,#4438,#4444,#4445));
#4437 = ORIENTED_EDGE('',*,*,#1306,.T.);
#4438 = ORIENTED_EDGE('',*,*,#4439,.T.);
#4439 = EDGE_CURVE('',#1307,#2518,#4440,.T.);
#4440 = LINE('',#4441,#4442);
#4441 = CARTESIAN_POINT('',(172.6311,-81.2986,-4.6E-02));
#4442 = VECTOR('',#4443,1.);
#4443 = DIRECTION('',(0.,0.,1.));
#4444 = ORIENTED_EDGE('',*,*,#2517,.F.);
#4445 = ORIENTED_EDGE('',*,*,#4439,.F.);
#4446 = CYLINDRICAL_SURFACE('',#4447,0.425);
#4447 = AXIS2_PLACEMENT_3D('',#4448,#4449,#4450);
#4448 = CARTESIAN_POINT('',(172.6311,-80.8736,-4.6E-02));
#4449 = DIRECTION('',(-0.,-0.,-1.));
#4450 = DIRECTION('',(-0.,-1.,0.));
#4451 = ADVANCED_FACE('',(#4452),#4463,.F.);
#4452 = FACE_BOUND('',#4453,.T.);
#4453 = EDGE_LOOP('',(#4454,#4455,#4461,#4462));
#4454 = ORIENTED_EDGE('',*,*,#1317,.T.);
#4455 = ORIENTED_EDGE('',*,*,#4456,.T.);
#4456 = EDGE_CURVE('',#1318,#2529,#4457,.T.);
#4457 = LINE('',#4458,#4459);
#4458 = CARTESIAN_POINT('',(175.1711,-81.2986,-4.6E-02));
#4459 = VECTOR('',#4460,1.);
#4460 = DIRECTION('',(0.,0.,1.));
#4461 = ORIENTED_EDGE('',*,*,#2528,.F.);
#4462 = ORIENTED_EDGE('',*,*,#4456,.F.);
#4463 = CYLINDRICAL_SURFACE('',#4464,0.425);
#4464 = AXIS2_PLACEMENT_3D('',#4465,#4466,#4467);
#4465 = CARTESIAN_POINT('',(175.1711,-80.8736,-4.6E-02));
#4466 = DIRECTION('',(-0.,-0.,-1.));
#4467 = DIRECTION('',(-6.687461042448E-14,-1.,0.));
#4468 = ADVANCED_FACE('',(#4469),#4480,.F.);
#4469 = FACE_BOUND('',#4470,.T.);
#4470 = EDGE_LOOP('',(#4471,#4472,#4478,#4479));
#4471 = ORIENTED_EDGE('',*,*,#1328,.T.);
#4472 = ORIENTED_EDGE('',*,*,#4473,.T.);
#4473 = EDGE_CURVE('',#1329,#2540,#4474,.T.);
#4474 = LINE('',#4475,#4476);
#4475 = CARTESIAN_POINT('',(177.7111,-81.2986,-4.6E-02));
#4476 = VECTOR('',#4477,1.);
#4477 = DIRECTION('',(0.,0.,1.));
#4478 = ORIENTED_EDGE('',*,*,#2539,.F.);
#4479 = ORIENTED_EDGE('',*,*,#4473,.F.);
#4480 = CYLINDRICAL_SURFACE('',#4481,0.425);
#4481 = AXIS2_PLACEMENT_3D('',#4482,#4483,#4484);
#4482 = CARTESIAN_POINT('',(177.7111,-80.8736,-4.6E-02));
#4483 = DIRECTION('',(-0.,-0.,-1.));
#4484 = DIRECTION('',(-0.,-1.,0.));
#4485 = ( GEOMETRIC_REPRESENTATION_CONTEXT(3) 
GLOBAL_UNCERTAINTY_ASSIGNED_CONTEXT((#4489)) 
GLOBAL_UNIT_ASSIGNED_CONTEXT((#4486,#4487,#4488)) REPRESENTATION_CONTEXT
('Context #1','3D Context with UNIT and UNCERTAINTY') );
#4486 = ( LENGTH_UNIT() NAMED_UNIT(*) SI_UNIT(.MILLI.,.METRE.) );
#4487 = ( NAMED_UNIT(*) PLANE_ANGLE_UNIT() SI_UNIT($,.RADIAN.) );
#4488 = ( NAMED_UNIT(*) SI_UNIT($,.STERADIAN.) SOLID_ANGLE_UNIT() );
#4489 = UNCERTAINTY_MEASURE_WITH_UNIT(LENGTH_MEASURE(1.E-07),#4486,
  'distance_accuracy_value','confusion accuracy');
#4490 = SHAPE_DEFINITION_REPRESENTATION(#4491,#25);
#4491 = PRODUCT_DEFINITION_SHAPE('','',#4492);
#4492 = PRODUCT_DEFINITION('design','',#4493,#4496);
#4493 = PRODUCT_DEFINITION_FORMATION('','',#4494);
#4494 = PRODUCT('UNO-TH_Rev3e_PCB','UNO-TH_Rev3e_PCB','',(#4495));
#4495 = PRODUCT_CONTEXT('',#2,'mechanical');
#4496 = PRODUCT_DEFINITION_CONTEXT('part definition',#2,'design');
#4497 = CONTEXT_DEPENDENT_SHAPE_REPRESENTATION(#4498,#4500);
#4498 = ( REPRESENTATION_RELATIONSHIP('','',#25,#10) 
REPRESENTATION_RELATIONSHIP_WITH_TRANSFORMATION(#4499) 
SHAPE_REPRESENTATION_RELATIONSHIP() );
#4499 = ITEM_DEFINED_TRANSFORMATION('','',#11,#15);
#4500 = PRODUCT_DEFINITION_SHAPE('Placement','Placement of an item',
  #4501);
#4501 = NEXT_ASSEMBLY_USAGE_OCCURRENCE('1','','',#5,#4492,$);
#4502 = PRODUCT_RELATED_PRODUCT_CATEGORY('part',$,(#4494));
#4503 = MECHANICAL_DESIGN_GEOMETRIC_PRESENTATION_REPRESENTATION('',(
    #4504),#4485);
#4504 = STYLED_ITEM('color',(#4505),#26);
#4505 = PRESENTATION_STYLE_ASSIGNMENT((#4506));
#4506 = SURFACE_STYLE_USAGE(.BOTH.,#4507);
#4507 = SURFACE_SIDE_STYLE('',(#4508));
#4508 = SURFACE_STYLE_FILL_AREA(#4509);
#4509 = FILL_AREA_STYLE('',(#4510));
#4510 = FILL_AREA_STYLE_COLOUR('',#4511);
#4511 = COLOUR_RGB('',0.313304153717,0.484529207832,0.410020903123);
ENDSEC;
END-ISO-10303-21;
